"GEOID","STATEFP","COUNTYFP","NAME","LSAD"
"19107","19","107","Keokuk","06"
"19189","19","189","Winnebago","06"
"20093","20","093","Kearny","06"
"20123","20","123","Mitchell","06"
"20187","20","187","Stanton","06"
"21005","21","005","Anderson","06"
"21029","21","029","Bullitt","06"
"21049","21","049","Clark","06"
"21059","21","059","Daviess","06"
"21063","21","063","Elliott","06"
"21093","21","093","Hardin","06"
"21097","21","097","Harrison","06"
"21107","21","107","Hopkins","06"
"21131","21","131","Leslie","06"
"21147","21","147","McCreary","06"
"21151","21","151","Madison","06"
"21155","21","155","Marion","06"
"21175","21","175","Morgan","06"
"01001","01","001","Autauga","06"
"01003","01","003","Baldwin","06"
"01025","01","025","Clarke","06"
"01049","01","049","DeKalb","06"
"01057","01","057","Fayette","06"
"01073","01","073","Jefferson","06"
"01097","01","097","Mobile","06"
"01101","01","101","Montgomery","06"
"01131","01","131","Wilcox","06"
"04001","04","001","Apache","06"
"04007","04","007","Gila","06"
"04012","04","012","La Paz","06"
"04013","04","013","Maricopa","06"
"05015","05","015","Carroll","06"
"05019","05","019","Clark","06"
"05029","05","029","Conway","06"
"05069","05","069","Jefferson","06"
"05073","05","073","Lafayette","06"
"05093","05","093","Mississippi","06"
"05107","05","107","Phillips","06"
"05117","05","117","Prairie","06"
"05131","05","131","Sebastian","06"
"05145","05","145","White","06"
"06007","06","007","Butte","06"
"06009","06","009","Calaveras","06"
"06011","06","011","Colusa","06"
"06017","06","017","El Dorado","06"
"06019","06","019","Fresno","06"
"06023","06","023","Humboldt","06"
"06033","06","033","Lake","06"
"06037","06","037","Los Angeles","06"
"06045","06","045","Mendocino","06"
"06053","06","053","Monterey","06"
"06083","06","083","Santa Barbara","06"
"06097","06","097","Sonoma","06"
"06113","06","113","Yolo","06"
"08023","08","023","Costilla","06"
"08037","08","037","Eagle","06"
"08043","08","043","Fremont","06"
"08053","08","053","Hinsdale","06"
"08057","08","057","Jackson","06"
"08067","08","067","La Plata","06"
"08091","08","091","Ouray","06"
"08111","08","111","San Juan","06"
"09009","09","009","New Haven","06"
"11001","11","001","District of Columbia","00"
"12009","12","009","Brevard","06"
"12023","12","023","Columbia","06"
"12031","12","031","Duval","06"
"12041","12","041","Gilchrist","06"
"12045","12","045","Gulf","06"
"12071","12","071","Lee","06"
"12093","12","093","Okeechobee","06"
"12097","12","097","Osceola","06"
"12103","12","103","Pinellas","06"
"12105","12","105","Polk","06"
"12107","12","107","Putnam","06"
"12121","12","121","Suwannee","06"
"12123","12","123","Taylor","06"
"12125","12","125","Union","06"
"13001","13","001","Appling","06"
"13007","13","007","Baker","06"
"13025","13","025","Brantley","06"
"13029","13","029","Bryan","06"
"13051","13","051","Chatham","06"
"13139","13","139","Hall","06"
"13143","13","143","Haralson","06"
"13153","13","153","Houston","06"
"13205","13","205","Mitchell","06"
"13209","13","209","Montgomery","06"
"13215","13","215","Muscogee","06"
"13219","13","219","Oconee","06"
"13229","13","229","Pierce","06"
"13263","13","263","Talbot","06"
"13267","13","267","Tattnall","06"
"13291","13","291","Union","06"
"16003","16","003","Adams","06"
"16005","16","005","Bannock","06"
"16013","16","013","Blaine","06"
"16023","16","023","Butte","06"
"16025","16","025","Camas","06"
"16031","16","031","Cassia","06"
"16035","16","035","Clearwater","06"
"16041","16","041","Franklin","06"
"16043","16","043","Fremont","06"
"16049","16","049","Idaho","06"
"16061","16","061","Lewis","06"
"17003","17","003","Alexander","06"
"17017","17","017","Cass","06"
"17027","17","027","Clinton","06"
"17043","17","043","DuPage","06"
"17109","17","109","McDonough","06"
"17125","17","125","Mason","06"
"17153","17","153","Pulaski","06"
"18003","18","003","Allen","06"
"18051","18","051","Gibson","06"
"18061","18","061","Harrison","06"
"18071","18","071","Jackson","06"
"18103","18","103","Miami","06"
"18123","18","123","Perry","06"
"18131","18","131","Pulaski","06"
"18179","18","179","Wells","06"
"19029","19","029","Cass","06"
"48175","48","175","Goliad","06"
"48185","48","185","Grimes","06"
"48215","48","215","Hidalgo","06"
"48225","48","225","Houston","06"
"48235","48","235","Irion","06"
"48273","48","273","Kleberg","06"
"48277","48","277","Lamar","06"
"48317","48","317","Martin","06"
"48351","48","351","Newton","06"
"48361","48","361","Orange","06"
"48379","48","379","Rains","06"
"48395","48","395","Robertson","06"
"48409","48","409","San Patricio","06"
"48423","48","423","Smith","06"
"48443","48","443","Terrell","06"
"48453","48","453","Travis","06"
"48467","48","467","Van Zandt","06"
"48471","48","471","Walker","06"
"48477","48","477","Washington","06"
"48481","48","481","Wharton","06"
"48495","48","495","Winkler","06"
"48499","48","499","Wood","06"
"49001","49","001","Beaver","06"
"49003","49","003","Box Elder","06"
"49013","49","013","Duchesne","06"
"49015","49","015","Emery","06"
"49019","49","019","Grand","06"
"49025","49","025","Kane","06"
"49045","49","045","Tooele","06"
"50027","50","027","Windsor","06"
"21181","21","181","Nicholas","06"
"21189","21","189","Owsley","06"
"21195","21","195","Pike","06"
"21235","21","235","Whitley","06"
"21237","21","237","Wolfe","06"
"22005","22","005","Ascension","15"
"22011","22","011","Beauregard","15"
"22013","22","013","Bienville","15"
"22015","22","015","Bossier","15"
"22025","22","025","Catahoula","15"
"22029","22","029","Concordia","15"
"22059","22","059","LaSalle","15"
"22063","22","063","Livingston","15"
"22069","22","069","Natchitoches","15"
"22073","22","073","Ouachita","15"
"22079","22","079","Rapides","15"
"22097","22","097","St. Landry","15"
"22113","22","113","Vermilion","15"
"22119","22","119","Webster","15"
"22123","22","123","West Carroll","15"
"23023","23","023","Sagadahoc","06"
"23027","23","027","Waldo","06"
"24003","24","003","Anne Arundel","06"
"24009","24","009","Calvert","06"
"24011","24","011","Caroline","06"
"24023","24","023","Garrett","06"
"24025","24","025","Harford","06"
"24027","24","027","Howard","06"
"24043","24","043","Washington","06"
"25001","25","001","Barnstable","06"
"26013","26","013","Baraga","06"
"26041","26","041","Delta","06"
"26071","26","071","Iron","06"
"26141","26","141","Presque Isle","06"
"26147","26","147","St. Clair","06"
"26163","26","163","Wayne","06"
"27011","27","011","Big Stone","06"
"27015","27","015","Brown","06"
"27021","27","021","Cass","06"
"27031","27","031","Cook","06"
"27059","27","059","Isanti","06"
"27069","27","069","Kittson","06"
"27075","27","075","Lake","06"
"27137","27","137","St. Louis","06"
"27171","27","171","Wright","06"
"28007","28","007","Attala","06"
"28011","28","011","Bolivar","06"
"28021","28","021","Claiborne","06"
"28051","28","051","Holmes","06"
"28101","28","101","Newton","06"
"28149","28","149","Warren","06"
"28151","28","151","Washington","06"
"28163","28","163","Yazoo","06"
"29019","29","019","Boone","06"
"29023","29","023","Butler","06"
"29027","29","027","Callaway","06"
"29033","29","033","Carroll","06"
"29041","29","041","Chariton","06"
"29069","29","069","Dunklin","06"
"29083","29","083","Henry","06"
"29113","29","113","Lincoln","06"
"29157","29","157","Perry","06"
"29171","29","171","Putnam","06"
"29189","29","189","St. Louis","06"
"29207","29","207","Stoddard","06"
"29227","29","227","Worth","06"
"30009","30","009","Carbon","06"
"30029","30","029","Flathead","06"
"30047","30","047","Lake","06"
"30053","30","053","Lincoln","06"
"30073","30","073","Pondera","06"
"30083","30","083","Richland","06"
"31049","31","049","Deuel","06"
"31091","31","091","Hooker","06"
"31117","31","117","McPherson","06"
"33007","33","007","Coos","06"
"33017","33","017","Strafford","06"
"34019","34","019","Hunterdon","06"
"34021","34","021","Mercer","06"
"34027","34","027","Morris","06"
"34031","34","031","Passaic","06"
"34033","34","033","Salem","06"
"34041","34","041","Warren","06"
"35011","35","011","De Baca","06"
"35029","35","029","Luna","06"
"35033","35","033","Mora","06"
"35045","35","045","San Juan","06"
"36025","36","025","Delaware","06"
"36045","36","045","Jefferson","06"
"36051","36","051","Livingston","06"
"36053","36","053","Madison","06"
"36059","36","059","Nassau","06"
"36065","36","065","Oneida","06"
"36075","36","075","Oswego","06"
"36077","36","077","Otsego","06"
"36103","36","103","Suffolk","06"
"37009","37","009","Ashe","06"
"37017","37","017","Bladen","06"
"37023","37","023","Burke","06"
"37027","37","027","Caldwell","06"
"37047","37","047","Columbus","06"
"37091","37","091","Hertford","06"
"37095","37","095","Hyde","06"
"37105","37","105","Lee","06"
"37115","37","115","Madison","06"
"37121","37","121","Mitchell","06"
"37139","37","139","Pasquotank","06"
"37155","37","155","Robeson","06"
"37163","37","163","Sampson","06"
"37193","37","193","Wilkes","06"
"37199","37","199","Yancey","06"
"38071","38","071","Ramsey","06"
"38079","38","079","Rolette","06"
"38085","38","085","Sioux","06"
"38097","38","097","Traill","06"
"38105","38","105","Williams","06"
"39051","39","051","Fulton","06"
"39061","39","061","Hamilton","06"
"39095","39","095","Lucas","06"
"39123","39","123","Ottawa","06"
"40011","40","011","Blaine","06"
"40065","40","065","Jackson","06"
"40079","40","079","Le Flore","06"
"40089","40","089","McCurtain","06"
"40117","40","117","Pawnee","06"
"40133","40","133","Seminole","06"
"41003","41","003","Benton","06"
"41007","41","007","Clatsop","06"
"41021","41","021","Gilliam","06"
"41033","41","033","Josephine","06"
"41035","41","035","Klamath","06"
"41039","41","039","Lane","06"
"41043","41","043","Linn","06"
"41045","41","045","Malheur","06"
"41047","41","047","Marion","06"
"41061","41","061","Union","06"
"42003","42","003","Allegheny","06"
"42017","42","017","Bucks","06"
"42041","42","041","Cumberland","06"
"42055","42","055","Franklin","06"
"42061","42","061","Huntingdon","06"
"42071","42","071","Lancaster","06"
"42095","42","095","Northampton","06"
"42099","42","099","Perry","06"
"42113","42","113","Sullivan","06"
"42133","42","133","York","06"
"44005","44","005","Newport","06"
"45005","45","005","Allendale","06"
"45009","45","009","Bamberg","06"
"45029","45","029","Colleton","06"
"45047","45","047","Greenwood","06"
"45053","45","053","Jasper","06"
"45077","45","077","Pickens","06"
"45087","45","087","Union","06"
"45091","45","091","York","06"
"46075","46","075","Jones","06"
"46095","46","095","Mellette","06"
"46103","46","103","Pennington","06"
"46111","46","111","Sanborn","06"
"46117","46","117","Stanley","06"
"47003","47","003","Bedford","06"
"47021","47","021","Cheatham","06"
"47031","47","031","Coffee","06"
"47041","47","041","DeKalb","06"
"47045","47","045","Dyer","06"
"47055","47","055","Giles","06"
"47065","47","065","Hamilton","06"
"47085","47","085","Humphreys","06"
"47089","47","089","Jefferson","06"
"47123","47","123","Monroe","06"
"47129","47","129","Morgan","06"
"47143","47","143","Rhea","06"
"47147","47","147","Robertson","06"
"47167","47","167","Tipton","06"
"47187","47","187","Williamson","06"
"48007","48","007","Aransas","06"
"48033","48","033","Borden","06"
"48051","48","051","Burleson","06"
"48075","48","075","Childress","06"
"48135","48","135","Ector","06"
"48139","48","139","Ellis","06"
"48141","48","141","El Paso","06"
"48161","48","161","Freestone","06"
"48167","48","167","Galveston","06"
"13171","13","171","Lamar","06"
"13181","13","181","Lincoln","06"
"13185","13","185","Lowndes","06"
"13189","13","189","McDuffie","06"
"13191","13","191","McIntosh","06"
"13195","13","195","Madison","06"
"13213","13","213","Murray","06"
"13217","13","217","Newton","06"
"13221","13","221","Oglethorpe","06"
"13237","13","237","Putnam","06"
"13245","13","245","Richmond","06"
"13261","13","261","Sumter","06"
"13269","13","269","Taylor","06"
"13271","13","271","Telfair","06"
"13289","13","289","Twiggs","06"
"13303","13","303","Washington","06"
"13305","13","305","Wayne","06"
"13309","13","309","Wheeler","06"
"13315","13","315","Wilcox","06"
"16007","16","007","Bear Lake","06"
"16069","16","069","Nez Perce","06"
"16073","16","073","Owyhee","06"
"16079","16","079","Shoshone","06"
"16083","16","083","Twin Falls","06"
"17031","17","031","Cook","06"
"51017","51","017","Bath","06"
"51023","51","023","Botetourt","06"
"51027","51","027","Buchanan","06"
"51041","51","041","Chesterfield","06"
"51047","51","047","Culpeper","06"
"51063","51","063","Floyd","06"
"51073","51","073","Gloucester","06"
"51093","51","093","Isle of Wight","06"
"51097","51","097","King and Queen","06"
"51103","51","103","Lancaster","06"
"51107","51","107","Loudoun","06"
"51121","51","121","Montgomery","06"
"51153","51","153","Prince William","06"
"51161","51","161","Roanoke","06"
"51171","51","171","Shenandoah","06"
"51685","51","685","Manassas Park","25"
"53005","53","005","Benton","06"
"53011","53","011","Clark","06"
"53015","53","015","Cowlitz","06"
"53017","53","017","Douglas","06"
"53025","53","025","Grant","06"
"53027","53","027","Grays Harbor","06"
"53033","53","033","King","06"
"53037","53","037","Kittitas","06"
"53047","53","047","Okanogan","06"
"53061","53","061","Snohomish","06"
"53071","53","071","Walla Walla","06"
"54007","54","007","Braxton","06"
"54023","54","023","Grant","06"
"54033","54","033","Harrison","06"
"54067","54","067","Nicholas","06"
"54071","54","071","Pendleton","06"
"54075","54","075","Pocahontas","06"
"54081","54","081","Raleigh","06"
"54095","54","095","Tyler","06"
"54109","54","109","Wyoming","06"
"55007","55","007","Bayfield","06"
"55029","55","029","Door","06"
"55043","55","043","Grant","06"
"55057","55","057","Juneau","06"
"56011","56","011","Crook","06"
"56035","56","035","Sublette","06"
"05061","05","061","Howard","06"
"05067","05","067","Jackson","06"
"05075","05","075","Lawrence","06"
"05081","05","081","Little River","06"
"05085","05","085","Lonoke","06"
"05095","05","095","Monroe","06"
"05109","05","109","Pike","06"
"05119","05","119","Pulaski","06"
"05133","05","133","Sevier","06"
"05139","05","139","Union","06"
"05147","05","147","Woodruff","06"
"06041","06","041","Marin","06"
"06043","06","043","Mariposa","06"
"06051","06","051","Mono","06"
"06055","06","055","Napa","06"
"06057","06","057","Nevada","06"
"06061","06","061","Placer","06"
"06071","06","071","San Bernardino","06"
"06081","06","081","San Mateo","06"
"06085","06","085","Santa Clara","06"
"06089","06","089","Shasta","06"
"06091","06","091","Sierra","06"
"06099","06","099","Stanislaus","06"
"06111","06","111","Ventura","06"
"06115","06","115","Yuba","06"
"08013","08","013","Boulder","06"
"08015","08","015","Chaffee","06"
"08031","08","031","Denver","06"
"01051","01","051","Elmore","06"
"01055","01","055","Etowah","06"
"01069","01","069","Houston","06"
"01071","01","071","Jackson","06"
"01089","01","089","Madison","06"
"01095","01","095","Marshall","06"
"01099","01","099","Monroe","06"
"01109","01","109","Pike","06"
"01113","01","113","Russell","06"
"01117","01","117","Shelby","06"
"01129","01","129","Washington","06"
"04009","04","009","Graham","06"
"04021","04","021","Pinal","06"
"04025","04","025","Yavapai","06"
"05001","05","001","Arkansas","06"
"05011","05","011","Bradley","06"
"05013","05","013","Calhoun","06"
"05041","05","041","Desha","06"
"05045","05","045","Faulkner","06"
"22085","22","085","Sabine","15"
"22099","22","099","St. Martin","15"
"22101","22","101","St. Mary","15"
"22105","22","105","Tangipahoa","15"
"22109","22","109","Terrebonne","15"
"22115","22","115","Vernon","15"
"22125","22","125","West Feliciana","15"
"23003","23","003","Aroostook","06"
"23007","23","007","Franklin","06"
"23015","23","015","Lincoln","06"
"23031","23","031","York","06"
"24005","24","005","Baltimore","06"
"24015","24","015","Cecil","06"
"24021","24","021","Frederick","06"
"24031","24","031","Montgomery","06"
"24039","24","039","Somerset","06"
"24041","24","041","Talbot","06"
"25005","25","005","Bristol","06"
"25015","25","015","Hampshire","06"
"25025","25","025","Suffolk","06"
"26035","26","035","Clare","06"
"26053","26","053","Gogebic","06"
"26063","26","063","Huron","06"
"08051","08","051","Gunnison","06"
"08055","08","055","Huerfano","06"
"08065","08","065","Lake","06"
"08069","08","069","Larimer","06"
"08083","08","083","Montezuma","06"
"08093","08","093","Park","06"
"08109","08","109","Saguache","06"
"08113","08","113","San Miguel","06"
"08117","08","117","Summit","06"
"09001","09","001","Fairfield","06"
"09011","09","011","New London","06"
"10001","10","001","Kent","06"
"10005","10","005","Sussex","06"
"12001","12","001","Alachua","06"
"12007","12","007","Bradford","06"
"12013","12","013","Calhoun","06"
"12017","12","017","Citrus","06"
"12029","12","029","Dixie","06"
"12033","12","033","Escambia","06"
"12037","12","037","Franklin","06"
"12047","12","047","Hamilton","06"
"12053","12","053","Hernando","06"
"12073","12","073","Leon","06"
"12077","12","077","Liberty","06"
"12079","12","079","Madison","06"
"12083","12","083","Marion","06"
"12089","12","089","Nassau","06"
"13013","13","013","Barrow","06"
"13027","13","027","Brooks","06"
"13033","13","033","Burke","06"
"13049","13","049","Charlton","06"
"13073","13","073","Columbia","06"
"13077","13","077","Coweta","06"
"13079","13","079","Crawford","06"
"13103","13","103","Effingham","06"
"13107","13","107","Emanuel","06"
"13113","13","113","Fayette","06"
"13127","13","127","Glynn","06"
"13133","13","133","Greene","06"
"13137","13","137","Habersham","06"
"13141","13","141","Hancock","06"
"13151","13","151","Henry","06"
"13157","13","157","Jackson","06"
"30099","30","099","Teton","06"
"31069","31","069","Garden","06"
"31103","31","103","Keya Paha","06"
"31115","31","115","Loup","06"
"31139","31","139","Pierce","06"
"31171","31","171","Thomas","06"
"32011","32","011","Eureka","06"
"32015","32","015","Lander","06"
"32031","32","031","Washoe","06"
"32033","32","033","White Pine","06"
"33009","33","009","Grafton","06"
"34001","34","001","Atlantic","06"
"34005","34","005","Burlington","06"
"34011","34","011","Cumberland","06"
"34015","34","015","Gloucester","06"
"34025","34","025","Monmouth","06"
"34029","34","029","Ocean","06"
"34035","34","035","Somerset","06"
"17039","17","039","De Witt","06"
"17097","17","097","Lake","06"
"17147","17","147","Piatt","06"
"17175","17","175","Stark","06"
"17185","17","185","Wabash","06"
"17189","17","189","Washington","06"
"18009","18","009","Blackford","06"
"18053","18","053","Grant","06"
"18069","18","069","Huntington","06"
"18083","18","083","Knox","06"
"18161","18","161","Union","06"
"18175","18","175","Washington","06"
"19015","19","015","Boone","06"
"19059","19","059","Dickinson","06"
"19105","19","105","Jones","06"
"19143","19","143","Osceola","06"
"19163","19","163","Scott","06"
"19195","19","195","Worth","06"
"20023","20","023","Cheyenne","06"
"20047","20","047","Edwards","06"
"20129","20","129","Morton","06"
"20149","20","149","Pottawatomie","06"
"20185","20","185","Stafford","06"
"20203","20","203","Wichita","06"
"21003","21","003","Allen","06"
"21007","21","007","Ballard","06"
"21017","21","017","Bourbon","06"
"21027","21","027","Breckinridge","06"
"21031","21","031","Butler","06"
"21033","21","033","Caldwell","06"
"21043","21","043","Carter","06"
"21051","21","051","Clay","06"
"21055","21","055","Crittenden","06"
"21065","21","065","Estill","06"
"21071","21","071","Floyd","06"
"21085","21","085","Grayson","06"
"21089","21","089","Greenup","06"
"21095","21","095","Harlan","06"
"21099","21","099","Hart","06"
"21109","21","109","Jackson","06"
"21115","21","115","Johnson","06"
"21119","21","119","Knott","06"
"21123","21","123","Larue","06"
"21125","21","125","Laurel","06"
"21133","21","133","Letcher","06"
"21135","21","135","Lewis","06"
"21153","21","153","Magoffin","06"
"21159","21","159","Martin","06"
"21167","21","167","Mercer","06"
"21179","21","179","Nelson","06"
"21183","21","183","Ohio","06"
"21193","21","193","Perry","06"
"21197","21","197","Powell","06"
"21203","21","203","Rockcastle","06"
"21231","21","231","Wayne","06"
"22035","22","035","East Carroll","15"
"22037","22","037","East Feliciana","15"
"22041","22","041","Franklin","15"
"22045","22","045","Iberia","15"
"22057","22","057","Lafourche","15"
"22065","22","065","Madison","15"
"22071","22","071","Orleans","15"
"22077","22","077","Pointe Coupee","15"
"22081","22","081","Red River","15"
"38067","38","067","Pembina","06"
"38077","38","077","Richland","06"
"39035","39","035","Cuyahoga","06"
"39043","39","043","Erie","06"
"47049","47","049","Fentress","06"
"39067","39","067","Harrison","06"
"39121","39","121","Noble","06"
"39161","39","161","Van Wert","06"
"40013","40","013","Bryan","06"
"40023","40","023","Choctaw","06"
"26083","26","083","Keweenaw","06"
"26097","26","097","Mackinac","06"
"26099","26","099","Macomb","06"
"26103","26","103","Marquette","06"
"27013","27","013","Blue Earth","06"
"27027","27","027","Clay","06"
"27039","27","039","Dodge","06"
"27053","27","053","Hennepin","06"
"27073","27","073","Lac qui Parle","06"
"27087","27","087","Mahnomen","06"
"27097","27","097","Morrison","06"
"27119","27","119","Polk","06"
"27145","27","145","Stearns","06"
"27163","27","163","Washington","06"
"27165","27","165","Watonwan","06"
"27173","27","173","Yellow Medicine","06"
"28033","28","033","DeSoto","06"
"28035","28","035","Forrest","06"
"28053","28","053","Humphreys","06"
"28083","28","083","Leflore","06"
"28089","28","089","Madison","06"
"28103","28","103","Noxubee","06"
"28109","28","109","Pearl River","06"
"28121","28","121","Rankin","06"
"28131","28","131","Stone","06"
"28137","28","137","Tate","06"
"28143","28","143","Tunica","06"
"28157","28","157","Wilkinson","06"
"29037","29","037","Cass","06"
"29087","29","087","Holt","06"
"29095","29","095","Jackson","06"
"29099","29","099","Jefferson","06"
"29143","29","143","New Madrid","06"
"29153","29","153","Ozark","06"
"29183","29","183","St. Charles","06"
"29195","29","195","Saline","06"
"29205","29","205","Shelby","06"
"30003","30","003","Big Horn","06"
"30007","30","007","Broadwater","06"
"30015","30","015","Chouteau","06"
"30031","30","031","Gallatin","06"
"30035","30","035","Glacier","06"
"30045","30","045","Judith Basin","06"
"30049","30","049","Lewis and Clark","06"
"30051","30","051","Liberty","06"
"30069","30","069","Petroleum","06"
"30071","30","071","Phillips","06"
"30081","30","081","Ravalli","06"
"30085","30","085","Roosevelt","06"
"48431","48","431","Sterling","06"
"48449","48","449","Titus","06"
"48459","48","459","Upshur","06"
"48465","48","465","Val Verde","06"
"48469","48","469","Victoria","06"
"48473","48","473","Waller","06"
"48475","48","475","Ward","06"
"48479","48","479","Webb","06"
"49029","49","029","Morgan","06"
"49035","49","035","Salt Lake","06"
"49043","49","043","Summit","06"
"49047","49","047","Uintah","06"
"49057","49","057","Weber","06"
"50009","50","009","Essex","06"
"51001","51","001","Accomack","06"
"51005","51","005","Alleghany","06"
"51007","51","007","Amelia","06"
"51015","51","015","Augusta","06"
"51021","51","021","Bland","06"
"51029","51","029","Buckingham","06"
"51031","51","031","Campbell","06"
"51035","51","035","Carroll","06"
"51037","51","037","Charlotte","06"
"51053","51","053","Dinwiddie","06"
"51061","51","061","Fauquier","06"
"51067","51","067","Franklin","06"
"51081","51","081","Greensville","06"
"51085","51","085","Hanover","06"
"51091","51","091","Highland","06"
"51099","51","099","King George","06"
"51101","51","101","King William","06"
"51109","51","109","Louisa","06"
"51119","51","119","Middlesex","06"
"51127","51","127","New Kent","06"
"35041","35","041","Roosevelt","06"
"35051","35","051","Sierra","06"
"36009","36","009","Cattaraugus","06"
"36013","36","013","Chautauqua","06"
"36017","36","017","Chenango","06"
"36019","36","019","Clinton","06"
"36031","36","031","Essex","06"
"36091","36","091","Saratoga","06"
"36105","36","105","Sullivan","06"
"36111","36","111","Ulster","06"
"36119","36","119","Westchester","06"
"37007","37","007","Anson","06"
"37019","37","019","Brunswick","06"
"37021","37","021","Buncombe","06"
"37029","37","029","Camden","06"
"37031","37","031","Carteret","06"
"37039","37","039","Cherokee","06"
"37049","37","049","Craven","06"
"37053","37","053","Currituck","06"
"37055","37","055","Dare","06"
"37059","37","059","Davie","06"
"37075","37","075","Graham","06"
"37079","37","079","Greene","06"
"37089","37","089","Henderson","06"
"37099","37","099","Jackson","06"
"37103","37","103","Jones","06"
"37113","37","113","Macon","06"
"37119","37","119","Mecklenburg","06"
"37127","37","127","Nash","06"
"37131","37","131","Northampton","06"
"37137","37","137","Pamlico","06"
"37141","37","141","Pender","06"
"37153","37","153","Richmond","06"
"37165","37","165","Scotland","06"
"37167","37","167","Stanly","06"
"37175","37","175","Transylvania","06"
"38019","38","019","Cavalier","06"
"38035","38","035","Grand Forks","06"
"38059","38","059","Morton","06"
"54103","54","103","Wetzel","06"
"54107","54","107","Wood","06"
"55003","55","003","Ashland","06"
"55011","55","011","Buffalo","06"
"55051","55","051","Iron","06"
"55069","55","069","Lincoln","06"
"55075","55","075","Marinette","06"
"55107","55","107","Rusk","06"
"55111","55","111","Sauk","06"
"55121","55","121","Trempealeau","06"
"56003","56","003","Big Horn","06"
"56029","56","029","Park","06"
"56033","56","033","Sheridan","06"
"01005","01","005","Barbour","06"
"01063","01","063","Greene","06"
"01091","01","091","Marengo","06"
"01121","01","121","Talladega","06"
"40077","40","077","Latimer","06"
"40087","40","087","McClain","06"
"40125","40","125","Pottawatomie","06"
"40135","40","135","Sequoyah","06"
"40141","40","141","Tillman","06"
"40145","40","145","Wagoner","06"
"41005","41","005","Clackamas","06"
"41019","41","019","Douglas","06"
"42005","42","005","Armstrong","06"
"42015","42","015","Bradford","06"
"42033","42","033","Clearfield","06"
"42035","42","035","Clinton","06"
"42043","42","043","Dauphin","06"
"42045","42","045","Delaware","06"
"42049","42","049","Erie","06"
"42063","42","063","Indiana","06"
"42067","42","067","Juniata","06"
"42097","42","097","Northumberland","06"
"42101","42","101","Philadelphia","06"
"42111","42","111","Somerset","06"
"42125","42","125","Washington","06"
"42127","42","127","Wayne","06"
"44007","44","007","Providence","06"
"45003","45","003","Aiken","06"
"45017","45","017","Calhoun","06"
"45021","45","021","Cherokee","06"
"45025","45","025","Chesterfield","06"
"45027","45","027","Clarendon","06"
"45031","45","031","Darlington","06"
"45041","45","041","Florence","06"
"45049","45","049","Hampton","06"
"45055","45","055","Kershaw","06"
"45059","45","059","Laurens","06"
"45061","45","061","Lee","06"
"45065","45","065","McCormick","06"
"45069","45","069","Marlboro","06"
"45075","45","075","Orangeburg","06"
"45085","45","085","Sumter","06"
"45089","45","089","Williamsburg","06"
"46023","46","023","Charles Mix","06"
"46057","46","057","Hamlin","06"
"46137","46","137","Ziebach","06"
"47001","47","001","Anderson","06"
"47005","47","005","Benton","06"
"47013","47","013","Campbell","06"
"47019","47","019","Carter","06"
"47025","47","025","Claiborne","06"
"47035","47","035","Cumberland","06"
"47053","47","053","Gibson","06"
"47057","47","057","Grainger","06"
"47059","47","059","Greene","06"
"47063","47","063","Hamblen","06"
"47081","47","081","Hickman","06"
"47091","47","091","Johnson","06"
"47097","47","097","Lauderdale","06"
"47107","47","107","McMinn","06"
"47121","47","121","Meigs","06"
"47127","47","127","Moore","06"
"47135","47","135","Perry","06"
"47141","47","141","Putnam","06"
"47145","47","145","Roane","06"
"47155","47","155","Sevier","06"
"47159","47","159","Smith","06"
"47165","47","165","Sumner","06"
"47183","47","183","Weakley","06"
"47185","47","185","White","06"
"48003","48","003","Andrews","06"
"48005","48","005","Angelina","06"
"48023","48","023","Baylor","06"
"48029","48","029","Bexar","06"
"48039","48","039","Brazoria","06"
"48043","48","043","Brewster","06"
"48053","48","053","Burnet","06"
"48057","48","057","Calhoun","06"
"48063","48","063","Camp","06"
"48067","48","067","Cass","06"
"48083","48","083","Coleman","06"
"48091","48","091","Comal","06"
"48105","48","105","Crockett","06"
"48125","48","125","Dickens","06"
"48173","48","173","Glasscock","06"
"48187","48","187","Guadalupe","06"
"48199","48","199","Hardin","06"
"48213","48","213","Henderson","06"
"48223","48","223","Hopkins","06"
"48227","48","227","Howard","06"
"48241","48","241","Jasper","06"
"48245","48","245","Jefferson","06"
"48267","48","267","Kimble","06"
"48289","48","289","Leon","06"
"48301","48","301","Loving","06"
"48315","48","315","Marion","06"
"48319","48","319","Mason","06"
"48323","48","323","Maverick","06"
"48339","48","339","Montgomery","06"
"48347","48","347","Nacogdoches","06"
"48349","48","349","Navarro","06"
"48373","48","373","Polk","06"
"48383","48","383","Reagan","06"
"48387","48","387","Red River","06"
"48391","48","391","Refugio","06"
"48401","48","401","Rusk","06"
"48403","48","403","Sabine","06"
"54019","54","019","Fayette","06"
"54045","54","045","Logan","06"
"16015","16","015","Boise","06"
"48001","48","001","Anderson","06"
"48157","48","157","Fort Bend","06"
"48345","48","345","Motley","06"
"01009","01","009","Blount","06"
"01033","01","033","Colbert","06"
"01087","01","087","Macon","06"
"05039","05","039","Dallas","06"
"05103","05","103","Ouachita","06"
"06005","06","005","Amador","06"
"06027","06","027","Inyo","06"
"08019","08","019","Clear Creek","06"
"12055","12","055","Highlands","06"
"12117","12","117","Seminole","06"
"13075","13","075","Cook","06"
"13311","13","311","White","06"
"16039","16","039","Elmore","06"
"16077","16","077","Power","06"
"17047","17","047","Edwards","06"
"01115","01","115","St. Clair","06"
"05121","05","121","Randolph","06"
"06013","06","013","Contra Costa","06"
"06059","06","059","Orange","06"
"06107","06","107","Tulare","06"
"08027","08","027","Custer","06"
"08071","08","071","Las Animas","06"
"12113","12","113","Santa Rosa","06"
"12129","12","129","Wakulla","06"
"13021","13","021","Bibb","06"
"51133","51","133","Northumberland","06"
"51147","51","147","Prince Edward","06"
"51155","51","155","Pulaski","06"
"51159","51","159","Richmond","06"
"51175","51","175","Southampton","06"
"51179","51","179","Stafford","06"
"51185","51","185","Tazewell","06"
"51191","51","191","Washington","06"
"51195","51","195","Wise","06"
"51610","51","610","Falls Church","25"
"51830","51","830","Williamsburg","25"
"53049","53","049","Pacific","06"
"53053","53","053","Pierce","06"
"53073","53","073","Whatcom","06"
"53075","53","075","Whitman","06"
"54011","54","011","Cabell","06"
"54021","54","021","Gilmer","06"
"54025","54","025","Greenbrier","06"
"54031","54","031","Hardy","06"
"54043","54","043","Lincoln","06"
"54059","54","059","Mingo","06"
"54063","54","063","Monroe","06"
"54065","54","065","Morgan","06"
"54083","54","083","Randolph","06"
"54087","54","087","Roane","06"
"54093","54","093","Tucker","06"
"12039","12","039","Gadsden","06"
"19045","19","045","Clinton","06"
"21187","21","187","Owen","06"
"39159","39","159","Union","06"
"27129","27","129","Renville","06"
"34009","34","009","Cape May","06"
"36115","36","115","Washington","06"
"37087","37","087","Haywood","06"
"38055","38","055","McLean","06"
"42091","42","091","Montgomery","06"
"45035","45","035","Dorchester","06"
"46029","46","029","Codington","06"
"47117","47","117","Marshall","06"
"51111","51","111","Lunenburg","06"
"51199","51","199","York","06"
"01023","01","023","Choctaw","06"
"01043","01","043","Cullman","06"
"05007","05","007","Benton","06"
"05025","05","025","Cleveland","06"
"06003","06","003","Alpine","06"
"06015","06","015","Del Norte","06"
"06025","06","025","Imperial","06"
"06039","06","039","Madera","06"
"06069","06","069","San Benito","06"
"06087","06","087","Santa Cruz","06"
"08005","08","005","Arapahoe","06"
"08035","08","035","Douglas","06"
"10003","10","003","New Castle","06"
"12075","12","075","Levy","06"
"12131","12","131","Walton","06"
"13019","13","019","Berrien","06"
"13039","13","039","Camden","06"
"13105","13","105","Elbert","06"
"13135","13","135","Gwinnett","06"
"13163","13","163","Jefferson","06"
"13251","13","251","Screven","06"
"13283","13","283","Treutlen","06"
"13317","13","317","Wilkes","06"
"16027","16","027","Canyon","06"
"16037","16","037","Custer","06"
"18017","18","017","Cass","06"
"18159","18","159","Tipton","06"
"20069","20","069","Gray","06"
"20101","20","101","Lane","06"
"21025","21","025","Breathitt","06"
"21079","21","079","Garrard","06"
"21229","21","229","Washington","06"
"21239","21","239","Woodford","06"
"22009","22","009","Avoyelles","15"
"22021","22","021","Caldwell","15"
"22031","22","031","De Soto","15"
"22053","22","053","Jefferson Davis","15"
"22075","22","075","Plaquemines","15"
"22103","22","103","St. Tammany","15"
"24001","24","001","Allegany","06"
"24033","24","033","Prince George's","06"
"26135","26","135","Oscoda","06"
"28145","28","145","Union","06"
"29013","29","013","Bates","06"
"30005","30","005","Blaine","06"
"30063","30","063","Missoula","06"
"30075","30","075","Powder River","06"
"31185","31","185","York","06"
"33015","33","015","Rockingham","06"
"34007","34","007","Camden","06"
"35021","35","021","Harding","06"
"36047","36","047","Kings","06"
"36071","36","071","Orange","06"
"37013","37","013","Beaufort","06"
"37015","37","015","Bertie","06"
"37043","37","043","Clay","06"
"37129","37","129","New Hanover","06"
"37159","37","159","Rowan","06"
"38053","38","053","McKenzie","06"
"39167","39","167","Washington","06"
"40043","40","043","Dewey","06"
"40055","40","055","Greer","06"
"40113","40","113","Osage","06"
"41017","41","017","Deschutes","06"
"41051","41","051","Multnomah","06"
"42051","42","051","Fayette","06"
"42129","42","129","Westmoreland","06"
"45013","45","013","Beaufort","06"
"45043","45","043","Georgetown","06"
"46041","46","041","Dewey","06"
"46127","46","127","Union","06"
"47079","47","079","Henry","06"
"47105","47","105","Loudon","06"
"47163","47","163","Sullivan","06"
"48009","48","009","Archer","06"
"48035","48","035","Bosque","06"
"48089","48","089","Colorado","06"
"48201","48","201","Harris","06"
"48229","48","229","Hudspeth","06"
"48287","48","287","Lee","06"
"48405","48","405","San Augustine","06"
"48457","48","457","Tyler","06"
"49005","49","005","Cache","06"
"49017","49","017","Garfield","06"
"49033","49","033","Rich","06"
"51003","51","003","Albemarle","06"
"51033","51","033","Caroline","06"
"51059","51","059","Fairfax","06"
"51087","51","087","Henrico","06"
"51113","51","113","Madison","06"
"51141","51","141","Patrick","06"
"51167","51","167","Russell","06"
"53007","53","007","Chelan","06"
"53019","53","019","Ferry","06"
"53031","53","031","Jefferson","06"
"53043","53","043","Lincoln","06"
"54017","54","017","Doddridge","06"
"54047","54","047","McDowell","06"
"54099","54","099","Wayne","06"
"01035","01","035","Conecuh","06"
"05063","05","063","Independence","06"
"06001","06","001","Alameda","06"
"06079","06","079","San Luis Obispo","06"
"08095","08","095","Phillips","06"
"13183","13","183","Long","06"
"13301","13","301","Warren","06"
"20001","20","001","Allen","06"
"21165","21","165","Menifee","06"
"22043","22","043","Grant","15"
"24013","24","013","Carroll","06"
"30013","30","013","Cascade","06"
"37057","37","057","Davidson","06"
"41049","41","049","Morrow","06"
"42089","42","089","Monroe","06"
"45073","45","073","Oconee","06"
"48041","48","041","Brazos","06"
"49023","49","023","Juab","06"
"51051","51","051","Dickenson","06"
"54057","54","057","Mineral","06"
"05091","05","091","Miller","06"
"06065","06","065","Riverside","06"
"23025","23","025","Somerset","06"
"51077","51","077","Grayson","06"
"51105","51","105","Lee","06"
"51139","51","139","Page","06"
"51690","51","690","Martinsville","25"
"53065","53","065","Stevens","06"
"01011","01","011","Bullock","06"
"01013","01","013","Butler","06"
"18027","18","027","Daviess","06"
"18095","18","095","Madison","06"
"19111","19","111","Lee","06"
"21011","21","011","Bath","06"
"21069","21","069","Fleming","06"
"21127","21","127","Lawrence","06"
"22033","22","033","East Baton Rouge","15"
"13149","13","149","Heard","06"
"16029","16","029","Caribou","06"
"16087","16","087","Washington","06"
"17129","17","129","Menard","06"
"18107","18","107","Montgomery","06"
"18125","18","125","Pike","06"
"20081","20","081","Haskell","06"
"20161","20","161","Riley","06"
"21121","21","121","Knox","06"
"21209","21","209","Scott","06"
"22001","22","001","Acadia","15"
"22017","22","017","Caddo","15"
"22039","22","039","Evangeline","15"
"22087","22","087","St. Bernard","15"
"22127","22","127","Winn","15"
"24017","24","017","Charles","06"
"25011","25","011","Franklin","06"
"26115","26","115","Monroe","06"
"27127","27","127","Redwood","06"
"27167","27","167","Wilkin","06"
"28159","28","159","Winston","06"
"29031","29","031","Cape Girardeau","06"
"30057","30","057","Madison","06"
"31077","31","077","Greeley","06"
"34013","34","013","Essex","06"
"35007","35","007","Colfax","06"
"36029","36","029","Erie","06"
"36043","36","043","Herkimer","06"
"36061","36","061","New York","06"
"37037","37","037","Chatham","06"
"37085","37","085","Harnett","06"
"37125","37","125","Moore","06"
"38095","38","095","Towner","06"
"41023","41","023","Grant","06"
"42027","42","027","Centre","06"
"42115","42","115","Susquehanna","06"
"45057","45","057","Lancaster","06"
"46055","46","055","Haakon","06"
"46085","46","085","Lyman","06"
"46123","46","123","Tripp","06"
"47119","47","119","Maury","06"
"47157","47","157","Shelby","06"
"48055","48","055","Caldwell","06"
"48103","48","103","Crane","06"
"48239","48","239","Jackson","06"
"48371","48","371","Pecos","06"
"48419","48","419","Shelby","06"
"48503","48","503","Young","06"
"50017","50","017","Orange","06"
"51036","51","036","Charles City","06"
"51083","51","083","Halifax","06"
"51181","51","181","Surry","06"
"53021","53","021","Franklin","06"
"53041","53","041","Lewis","06"
"54003","54","003","Berkeley","06"
"54041","54","041","Lewis","06"
"55023","55","023","Crawford","06"
"05101","05","101","Newton","06"
"06047","06","047","Merced","06"
"06077","06","077","San Joaquin","06"
"06105","06","105","Trinity","06"
"01065","01","065","Hale","06"
"01119","01","119","Sumter","06"
"04015","04","015","Mohave","06"
"05017","05","017","Chicot","06"
"22091","22","091","St. Helena","15"
"23017","23","017","Oxford","06"
"24045","24","045","Wicomico","06"
"25023","25","023","Plymouth","06"
"26055","26","055","Grand Traverse","06"
"08107","08","107","Routt","06"
"09007","09","007","Middlesex","06"
"12069","12","069","Lake","06"
"12095","12","095","Orange","06"
"13031","13","031","Bulloch","06"
"13121","13","121","Fulton","06"
"13179","13","179","Liberty","06"
"13265","13","265","Taliaferro","06"
"13319","13","319","Wilkinson","06"
"16059","16","059","Lemhi","06"
"16085","16","085","Valley","06"
"17161","17","161","Rock Island","06"
"18073","18","073","Jasper","06"
"19069","19","069","Franklin","06"
"20067","20","067","Grant","06"
"21013","21","013","Bell","06"
"21139","21","139","Livingston","06"
"22055","22","055","Lafayette","15"
"39175","39","175","Wyandot","06"
"40027","40","027","Cleveland","06"
"27077","27","077","Lake of the Woods","06"
"27107","27","107","Norman","06"
"27139","27","139","Scott","06"
"28001","28","001","Adams","06"
"28029","28","029","Copiah","06"
"28055","28","055","Issaquena","06"
"28087","28","087","Lowndes","06"
"29201","29","201","Scott","06"
"30001","30","001","Beaverhead","06"
"30027","30","027","Fergus","06"
"30055","30","055","McCone","06"
"30089","30","089","Sanders","06"
"30093","30","093","Silver Bow","06"
"34023","34","023","Middlesex","06"
"35061","35","061","Valencia","06"
"37093","37","093","Hoke","06"
"37117","37","117","Martin","06"
"37177","37","177","Tyrrell","06"
"38005","38","005","Benson","06"
"40067","40","067","Jefferson","06"
"40101","40","101","Muskogee","06"
"41001","41","001","Baker","06"
"42029","42","029","Chester","06"
"42103","42","103","Pike","06"
"42131","42","131","Wyoming","06"
"45015","45","015","Berkeley","06"
"45045","45","045","Greenville","06"
"45071","45","071","Newberry","06"
"47009","47","009","Blount","06"
"47093","47","093","Knox","06"
"47151","47","151","Scott","06"
"48107","48","107","Crosby","06"
"48203","48","203","Harrison","06"
"48261","48","261","Kenedy","06"
"48313","48","313","Madison","06"
"48343","48","343","Morris","06"
"48427","48","427","Starr","06"
"48455","48","455","Trinity","06"
"49049","49","049","Utah","06"
"51019","51","019","Bedford","06"
"17197","17","197","Will","06"
"26153","26","153","Schoolcraft","06"
"35057","35","057","Torrance","06"
"53029","53","029","Island","06"
"01021","01","021","Chilton","06"
"01027","01","027","Clay","06"
"01031","01","031","Coffee","06"
"22107","22","107","Tensas","15"
"23029","23","029","Washington","06"
"25021","25","021","Norfolk","06"
"27103","27","103","Nicollet","06"
"29029","29","029","Camden","06"
"29197","29","197","Schuyler","06"
"30039","30","039","Granite","06"
"30097","30","097","Sweet Grass","06"
"32003","32","003","Clark","06"
"34003","34","003","Bergen","06"
"35017","35","017","Grant","06"
"36113","36","113","Warren","06"
"37051","37","051","Cumberland","06"
"37111","37","111","McDowell","06"
"37173","37","173","Swain","06"
"38037","38","037","Grant","06"
"38099","38","099","Walsh","06"
"40075","40","075","Kiowa","06"
"40143","40","143","Tulsa","06"
"41031","41","031","Jefferson","06"
"41055","41","055","Sherman","06"
"42031","42","031","Clarion","06"
"44009","44","009","Washington","06"
"45063","45","063","Lexington","06"
"46093","46","093","Meade","06"
"47037","47","037","Davidson","06"
"48025","48","025","Bee","06"
"48133","48","133","Eastland","06"
"48389","48","389","Reeves","06"
"49007","49","007","Carbon","06"
"51009","51","009","Amherst","06"
"51069","51","069","Frederick","06"
"53009","53","009","Clallam","06"
"53035","53","035","Kitsap","06"
"53077","53","077","Yakima","06"
"56039","56","039","Teton","06"
"05057","05","057","Hempstead","06"
"05099","05","099","Nevada","06"
"06067","06","067","Sacramento","06"
"06109","06","109","Tuolumne","06"
"08029","08","029","Delta","06"
"01047","01","047","Dallas","06"
"01085","01","085","Lowndes","06"
"04005","04","005","Coconino","06"
"05021","05","021","Clay","06"
"22111","22","111","Union","15"
"23021","23","021","Piscataquis","06"
"24029","24","029","Kent","06"
"26029","26","029","Charlevoix","06"
"08059","08","059","Jefferson","06"
"08097","08","097","Pitkin","06"
"12027","12","027","DeSoto","06"
"13009","13","009","Baldwin","06"
"13123","13","123","Gilmer","06"
"13241","13","241","Rabun","06"
"13279","13","279","Toombs","06"
"13313","13","313","Whitfield","06"
"18065","18","065","Henry","06"
"18147","18","147","Spencer","06"
"19151","19","151","Pocahontas","06"
"21067","21","067","Fayette","06"
"21101","21","101","Henderson","06"
"21177","21","177","Muhlenberg","06"
"21217","21","217","Taylor","06"
"22051","22","051","Jefferson","15"
"26109","26","109","Menominee","06"
"27023","27","023","Chippewa","06"
"27061","27","061","Itasca","06"
"28049","28","049","Hinds","06"
"29085","29","085","Hickory","06"
"30059","30","059","Meagher","06"
"30105","30","105","Valley","06"
"31075","31","075","Grant","06"
"32001","32","001","Churchill","06"
"37083","37","083","Halifax","06"
"37123","37","123","Montgomery","06"
"37161","37","161","Rutherford","06"
"38043","38","043","Kidder","06"
"55037","55","037","Florence","06"
"56013","56","013","Fremont","06"
"01041","01","041","Crenshaw","06"
"40095","40","095","Marshall","06"
"41015","41","015","Curry","06"
"42059","42","059","Greene","06"
"45007","45","007","Anderson","06"
"45051","45","051","Horry","06"
"45083","45","083","Spartanburg","06"
"47029","47","029","Cocke","06"
"47073","47","073","Hawkins","06"
"47149","47","149","Rutherford","06"
"47189","47","189","Wilson","06"
"48037","48","037","Bowie","06"
"48333","48","333","Mills","06"
"48377","48","377","Presidio","06"
"48411","48","411","San Saba","06"
"48451","48","451","Tom Green","06"
"51057","51","057","Essex","06"
"51095","51","095","James City","06"
"51143","51","143","Pittsylvania","06"
"53045","53","045","Mason","06"
"54001","54","001","Barbour","06"
"54039","54","039","Kanawha","06"
"22067","22","067","Morehouse","15"
"30061","30","061","Mineral","06"
"47033","47","033","Crockett","06"
"54005","54","005","Boone","06"
"08033","08","033","Dolores","06"
"12119","12","119","Sumter","06"
"21141","21","141","Logan","06"
"22083","22","083","Richland","15"
"27089","27","089","Marshall","06"
"30033","30","033","Garfield","06"
"37101","37","101","Johnston","06"
"41065","41","065","Wasco","06"
"45067","45","067","Marion","06"
"48119","48","119","Delta","06"
"48311","48","311","McMullen","06"
"53067","53","067","Thurston","06"
"05043","05","043","Drew","06"
"05049","05","049","Fulton","06"
"01015","01","015","Calhoun","06"
"01019","01","019","Cherokee","06"
"05053","05","053","Grant","06"
"05083","05","083","Logan","06"
"01037","01","037","Coosa","06"
"01039","01","039","Covington","06"
"01107","01","107","Pickens","06"
"01053","01","053","Escambia","06"
"01067","01","067","Henry","06"
"01077","01","077","Lauderdale","06"
"01111","01","111","Randolph","06"
"01125","01","125","Tuscaloosa","06"
"04027","04","027","Yuma","06"
"05005","05","005","Baxter","06"
"05009","05","009","Boone","06"
"08047","08","047","Gilpin","06"
"08101","08","101","Pueblo","06"
"08105","08","105","Rio Grande","06"
"08121","08","121","Washington","06"
"12101","12","101","Pasco","06"
"12115","12","115","Sarasota","06"
"12133","12","133","Washington","06"
"05097","05","097","Montgomery","06"
"05127","05","127","Scott","06"
"05137","05","137","Stone","06"
"05149","05","149","Yell","06"
"06021","06","021","Glenn","06"
"06029","06","029","Kern","06"
"06035","06","035","Lassen","06"
"06049","06","049","Modoc","06"
"06063","06","063","Plumas","06"
"06093","06","093","Siskiyou","06"
"06103","06","103","Tehama","06"
"08001","08","001","Adams","06"
"08011","08","011","Bent","06"
"08014","08","014","Broomfield","06"
"08077","08","077","Mesa","06"
"09003","09","003","Hartford","06"
"12005","12","005","Bay","06"
"12035","12","035","Flagler","06"
"12065","12","065","Jefferson","06"
"12081","12","081","Manatee","06"
"12087","12","087","Monroe","06"
"13119","13","119","Franklin","06"
"13129","13","129","Gordon","06"
"13003","13","003","Atkinson","06"
"13015","13","015","Bartow","06"
"13035","13","035","Butts","06"
"13047","13","047","Catoosa","06"
"13057","13","057","Cherokee","06"
"13081","13","081","Crisp","06"
"13085","13","085","Dawson","06"
"13091","13","091","Dodge","06"
"13095","13","095","Dougherty","06"
"13321","13","321","Worth","06"
"16009","16","009","Benewah","06"
"13101","13","101","Echols","06"
"13115","13","115","Floyd","06"
"16071","16","071","Oneida","06"
"17007","17","007","Boone","06"
"13159","13","159","Jasper","06"
"13169","13","169","Jones","06"
"13173","13","173","Lanier","06"
"13177","13","177","Lee","06"
"13233","13","233","Polk","06"
"13243","13","243","Randolph","06"
"13249","13","249","Schley","06"
"13273","13","273","Terrell","06"
"13287","13","287","Turner","06"
"13297","13","297","Walton","06"
"13307","13","307","Webster","06"
"17119","17","119","Madison","06"
"17139","17","139","Moultrie","06"
"17143","17","143","Peoria","06"
"16019","16","019","Bonneville","06"
"16021","16","021","Boundary","06"
"16033","16","033","Clark","06"
"16057","16","057","Latah","06"
"16067","16","067","Minidoka","06"
"17177","17","177","Stephenson","06"
"17183","17","183","Vermilion","06"
"17187","17","187","Warren","06"
"17203","17","203","Woodford","06"
"17013","17","013","Calhoun","06"
"17033","17","033","Crawford","06"
"17037","17","037","DeKalb","06"
"17057","17","057","Fulton","06"
"17061","17","061","Greene","06"
"17071","17","071","Henderson","06"
"17081","17","081","Jefferson","06"
"17085","17","085","Jo Daviess","06"
"17095","17","095","Knox","06"
"17101","17","101","Lawrence","06"
"18145","18","145","Shelby","06"
"18149","18","149","Starke","06"
"18153","18","153","Sullivan","06"
"17149","17","149","Pike","06"
"17159","17","159","Richland","06"
"19067","19","067","Floyd","06"
"19081","19","081","Hancock","06"
"19087","19","087","Henry","06"
"19097","19","097","Jackson","06"
"19101","19","101","Jefferson","06"
"18007","18","007","Benton","06"
"18023","18","023","Clinton","06"
"18033","18","033","DeKalb","06"
"18037","18","037","Dubois","06"
"18041","18","041","Fayette","06"
"18067","18","067","Howard","06"
"18081","18","081","Johnson","06"
"18085","18","085","Kosciusko","06"
"18087","18","087","LaGrange","06"
"18093","18","093","Lawrence","06"
"18097","18","097","Marion","06"
"18099","18","099","Marshall","06"
"18105","18","105","Monroe","06"
"18109","18","109","Morgan","06"
"18111","18","111","Newton","06"
"18113","18","113","Noble","06"
"18117","18","117","Orange","06"
"18121","18","121","Parke","06"
"18139","18","139","Rush","06"
"20055","20","055","Finney","06"
"20059","20","059","Franklin","06"
"20063","20","063","Gove","06"
"20073","20","073","Greenwood","06"
"20075","20","075","Hamilton","06"
"20077","20","077","Harper","06"
"18163","18","163","Vanderburgh","06"
"18183","18","183","Whitley","06"
"19009","19","009","Audubon","06"
"19013","19","013","Black Hawk","06"
"19019","19","019","Buchanan","06"
"19039","19","039","Clarke","06"
"19043","19","043","Clayton","06"
"19053","19","053","Decatur","06"
"19063","19","063","Emmet","06"
"39163","39","163","Vinton","06"
"39173","39","173","Wood","06"
"46025","46","025","Clark","06"
"46035","46","035","Davison","06"
"19125","19","125","Marion","06"
"19131","19","131","Mitchell","06"
"19135","19","135","Monroe","06"
"19141","19","141","O'Brien","06"
"19145","19","145","Page","06"
"19155","19","155","Pottawattamie","06"
"19165","19","165","Shelby","06"
"19175","19","175","Union","06"
"19183","19","183","Washington","06"
"19193","19","193","Woodbury","06"
"20015","20","015","Butler","06"
"20021","20","021","Cherokee","06"
"20025","20","025","Clark","06"
"20029","20","029","Cloud","06"
"20045","20","045","Douglas","06"
"48165","48","165","Gaines","06"
"48181","48","181","Grayson","06"
"48191","48","191","Hall","06"
"48205","48","205","Hartley","06"
"48507","48","507","Zavala","06"
"49009","49","009","Daggett","06"
"49021","49","021","Iron","06"
"39157","39","157","Tuscarawas","06"
"46083","46","083","Lincoln","06"
"46087","46","087","McCook","06"
"46091","46","091","Marshall","06"
"46045","46","045","Edmunds","06"
"46049","46","049","Faulk","06"
"46059","46","059","Hand","06"
"48219","48","219","Hockley","06"
"49051","49","051","Wasatch","06"
"49055","49","055","Wayne","06"
"50003","50","003","Bennington","06"
"49027","49","027","Millard","06"
"51043","51","043","Clarke","06"
"40001","40","001","Adair","06"
"40007","40","007","Beaver","06"
"40031","40","031","Comanche","06"
"46065","46","065","Hughes","06"
"46079","46","079","Lake","06"
"50011","50","011","Franklin","06"
"50021","50","021","Rutland","06"
"51079","51","079","Greene","06"
"55085","55","085","Oneida","06"
"55089","55","089","Ozaukee","06"
"40035","40","035","Craig","06"
"40041","40","041","Delaware","06"
"31135","31","135","Perkins","06"
"31141","31","141","Platte","06"
"31145","31","145","Red Willow","06"
"31151","31","151","Saline","06"
"27049","27","049","Goodhue","06"
"27065","27","065","Kanabec","06"
"27083","27","083","Lyon","06"
"37149","37","149","Polk","06"
"36089","36","089","St. Lawrence","06"
"38065","38","065","Oliver","06"
"20085","20","085","Jackson","06"
"20087","20","087","Jefferson","06"
"05023","05","023","Cleburne","06"
"05037","05","037","Cross","06"
"23001","23","001","Androscoggin","06"
"19083","19","083","Hardin","06"
"19089","19","089","Howard","06"
"39165","39","165","Warren","06"
"39169","39","169","Wayne","06"
"27091","27","091","Martin","06"
"27131","27","131","Rice","06"
"36093","36","093","Schenectady","06"
"22027","22","027","Claiborne","15"
"26105","26","105","Mason","06"
"26121","26","121","Muskegon","06"
"26131","26","131","Ontonagon","06"
"19093","19","093","Ida","06"
"19099","19","099","Jasper","06"
"19103","19","103","Johnson","06"
"27141","27","141","Sherburne","06"
"13043","13","043","Candler","06"
"22049","22","049","Jackson","15"
"22093","22","093","St. James","15"
"22117","22","117","Washington","15"
"29017","29","017","Bollinger","06"
"29147","29","147","Nodaway","06"
"29165","29","165","Platte","06"
"22047","22","047","Iberville","15"
"39101","39","101","Marion","06"
"39103","39","103","Medina","06"
"31013","31","013","Box Butte","06"
"31019","31","019","Buffalo","06"
"31159","31","159","Seward","06"
"29021","29","021","Buchanan","06"
"29039","29","039","Cedar","06"
"38041","38","041","Hettinger","06"
"38051","38","051","McIntosh","06"
"31047","31","047","Dawson","06"
"31055","31","055","Douglas","06"
"39093","39","093","Lorain","06"
"39111","39","111","Monroe","06"
"39115","39","115","Morgan","06"
"24035","24","035","Queen Anne's","06"
"31169","31","169","Thayer","06"
"31175","31","175","Valley","06"
"31179","31","179","Wayne","06"
"21001","21","001","Adair","06"
"36099","36","099","Seneca","06"
"36117","36","117","Wayne","06"
"20091","20","091","Johnson","06"
"20095","20","095","Kingman","06"
"20099","20","099","Labette","06"
"20105","20","105","Lincoln","06"
"25009","25","009","Essex","06"
"26015","26","015","Barry","06"
"26019","26","019","Benzie","06"
"26039","26","039","Crawford","06"
"26059","26","059","Hillsdale","06"
"19113","19","113","Linn","06"
"21015","21","015","Boone","06"
"27093","27","093","Meeker","06"
"27109","27","109","Olmsted","06"
"23009","23","009","Hancock","06"
"23013","23","013","Knox","06"
"23019","23","019","Penobscot","06"
"24037","24","037","St. Mary's","06"
"24047","24","047","Worcester","06"
"25027","25","027","Worcester","06"
"26007","26","007","Alpena","06"
"26137","26","137","Otsego","06"
"26139","26","139","Ottawa","06"
"26143","26","143","Roscommon","06"
"26149","26","149","St. Joseph","06"
"19117","19","117","Lucas","06"
"19127","19","127","Marshall","06"
"19137","19","137","Montgomery","06"
"19139","19","139","Muscatine","06"
"19147","19","147","Palo Alto","06"
"39107","39","107","Mercer","06"
"27117","27","117","Pipestone","06"
"27123","27","123","Ramsey","06"
"31023","31","023","Butler","06"
"29045","29","045","Clark","06"
"29049","29","049","Clinton","06"
"29053","29","053","Cooper","06"
"29175","29","175","Randolph","06"
"29185","29","185","St. Clair","06"
"29217","29","217","Vernon","06"
"31057","31","057","Dundy","06"
"39127","39","127","Perry","06"
"39131","39","131","Pike","06"
"39137","39","137","Putnam","06"
"39125","39","125","Paulding","06"
"27063","27","063","Jackson","06"
"31025","31","025","Cass","06"
"21225","21","225","Union","06"
"38103","38","103","Wells","06"
"39003","39","003","Allen","06"
"39007","39","007","Ashtabula","06"
"31059","31","059","Fillmore","06"
"31063","31","063","Frontier","06"
"31073","31","073","Gosper","06"
"31083","31","083","Harlan","06"
"27067","27","067","Kandiyohi","06"
"08063","08","063","Kit Carson","06"
"08073","08","073","Lincoln","06"
"08085","08","085","Montrose","06"
"08099","08","099","Prowers","06"
"39083","39","083","Knox","06"
"39087","39","087","Lawrence","06"
"04003","04","003","Cochise","06"
"05003","05","003","Ashley","06"
"37003","37","003","Alexander","06"
"37033","37","033","Caswell","06"
"26017","26","017","Bay","06"
"20103","20","103","Leavenworth","06"
"20109","20","109","Logan","06"
"20111","20","111","Lyon","06"
"08119","08","119","Teller","06"
"19157","19","157","Poweshiek","06"
"19161","19","161","Sac","06"
"19171","19","171","Tama","06"
"19173","19","173","Taylor","06"
"36035","36","035","Fulton","06"
"36039","36","039","Greene","06"
"26023","26","023","Branch","06"
"26033","26","033","Chippewa","06"
"26051","26","051","Gladwin","06"
"26057","26","057","Gratiot","06"
"29059","29","059","Dallas","06"
"26151","26","151","Sanilac","06"
"26155","26","155","Shiawassee","06"
"26159","26","159","Van Buren","06"
"19177","19","177","Van Buren","06"
"39141","39","141","Ross","06"
"39149","39","149","Shelby","06"
"21233","21","233","Webster","06"
"22003","22","003","Allen","15"
"29089","29","089","Howard","06"
"29097","29","097","Jasper","06"
"29221","29","221","Washington","06"
"29510","29","510","St. Louis","25"
"30023","30","023","Deer Lodge","06"
"30043","30","043","Jefferson","06"
"30067","30","067","Park","06"
"30077","30","077","Powell","06"
"30087","30","087","Rosebud","06"
"39151","39","151","Stark","06"
"27071","27","071","Koochiching","06"
"28135","28","135","Tallahatchie","06"
"28139","28","139","Tippah","06"
"28155","28","155","Webster","06"
"28161","28","161","Yalobusha","06"
"37179","37","179","Union","06"
"38003","38","003","Barnes","06"
"38007","38","007","Billings","06"
"31087","31","087","Hitchcock","06"
"31107","31","107","Knox","06"
"31111","31","111","Lincoln","06"
"27081","27","081","Lincoln","06"
"27085","27","085","McLeod","06"
"12003","12","003","Baker","06"
"12049","12","049","Hardee","06"
"12057","12","057","Hillsborough","06"
"12086","12","086","Miami-Dade","06"
"38081","38","081","Sargent","06"
"38089","38","089","Stark","06"
"38091","38","091","Steele","06"
"38101","38","101","Ward","06"
"37061","37","061","Duplin","06"
"26081","26","081","Kent","06"
"26085","26","085","Lake","06"
"20133","20","133","Neosho","06"
"20137","20","137","Norton","06"
"20147","20","147","Phillips","06"
"20151","20","151","Pratt","06"
"20157","20","157","Republic","06"
"12091","12","091","Okaloosa","06"
"13023","13","023","Bleckley","06"
"19185","19","185","Wayne","06"
"19187","19","187","Webster","06"
"20003","20","003","Anderson","06"
"36055","36","055","Monroe","06"
"36079","36","079","Putnam","06"
"26091","26","091","Lenawee","06"
"26101","26","101","Manistee","06"
"29103","29","103","Knox","06"
"29127","29","127","Marion","06"
"27003","27","003","Anoka","06"
"27007","27","007","Beltrami","06"
"27045","27","045","Fillmore","06"
"20007","20","007","Barber","06"
"20009","20","009","Barton","06"
"20017","20","017","Chase","06"
"39155","39","155","Trumbull","06"
"22019","22","019","Calcasieu","15"
"22023","22","023","Cameron","15"
"29131","29","131","Miller","06"
"29137","29","137","Monroe","06"
"38061","38","061","Mountrail","06"
"30101","30","101","Toole","06"
"30111","30","111","Yellowstone","06"
"31009","31","009","Blaine","06"
"20177","20","177","Shawnee","06"
"20181","20","181","Sherman","06"
"20191","20","191","Sumner","06"
"20195","20","195","Trego","06"
"29005","29","005","Atchison","06"
"29007","29","007","Audrain","06"
"29009","29","009","Barry","06"
"48249","48","249","Jim Wells","06"
"48253","48","253","Jones","06"
"48283","48","283","La Salle","06"
"48297","48","297","Live Oak","06"
"48303","48","303","Lubbock","06"
"48321","48","321","Matagorda","06"
"39109","39","109","Miami","06"
"39119","39","119","Muskingum","06"
"39133","39","133","Portage","06"
"39139","39","139","Richland","06"
"40045","40","045","Ellis","06"
"40049","40","049","Garvin","06"
"46097","46","097","Miner","06"
"47075","47","075","Haywood","06"
"47109","47","109","McNairy","06"
"37067","37","067","Forsyth","06"
"34017","34","017","Hudson","06"
"28111","28","111","Perry","06"
"37077","37","077","Granville","06"
"37081","37","081","Guilford","06"
"46101","46","101","Moody","06"
"46105","46","105","Perkins","06"
"46107","46","107","Potter","06"
"51520","51","520","Bristol","25"
"53051","53","051","Pend Oreille","06"
"53057","53","057","Skagit","06"
"54013","54","013","Calhoun","06"
"54027","54","027","Hampshire","06"
"54037","54","037","Jefferson","06"
"54051","54","051","Marshall","06"
"54085","54","085","Ritchie","06"
"35005","35","005","Chaves","06"
"21117","21","117","Kenton","06"
"21137","21","137","Lincoln","06"
"37135","37","135","Orange","06"
"36005","36","005","Bronx","06"
"51580","51","580","Covington","25"
"51595","51","595","Emporia","25"
"51640","51","640","Galax","25"
"55119","55","119","Taylor","06"
"21205","21","205","Rowan","06"
"28071","28","071","Lafayette","06"
"28075","28","075","Lauderdale","06"
"28091","28","091","Marion","06"
"36021","36","021","Columbia","06"
"36063","36","063","Niagara","06"
"36067","36","067","Onondaga","06"
"21215","21","215","Spencer","06"
"21219","21","219","Todd","06"
"40069","40","069","Johnston","06"
"41057","41","057","Tillamook","06"
"41069","41","069","Wheeler","06"
"39019","39","019","Carroll","06"
"39031","39","031","Coshocton","06"
"39037","39","037","Darke","06"
"21223","21","223","Trimble","06"
"28095","28","095","Monroe","06"
"28119","28","119","Quitman","06"
"40099","40","099","Murray","06"
"40109","40","109","Oklahoma","06"
"46121","46","121","Todd","06"
"47113","47","113","Madison","06"
"47133","47","133","Overton","06"
"47173","47","173","Union","06"
"42119","42","119","Union","06"
"42123","42","123","Warren","06"
"45023","45","023","Chester","06"
"28129","28","129","Smith","06"
"37145","37","145","Person","06"
"38023","38","023","Divide","06"
"38027","38","027","Eddy","06"
"38033","38","033","Golden Valley","06"
"46135","46","135","Yankton","06"
"51680","51","680","Lynchburg","25"
"51730","51","730","Petersburg","25"
"51750","51","750","Radford","25"
"54105","54","105","Wirt","06"
"56021","56","021","Laramie","06"
"56031","56","031","Platte","06"
"56041","56","041","Uinta","06"
"48099","48","099","Coryell","06"
"48109","48","109","Culberson","06"
"48113","48","113","Dallas","06"
"31031","31","031","Cherry","06"
"31035","31","035","Clay","06"
"31037","31","037","Colfax","06"
"31043","31","043","Dakota","06"
"56043","56","043","Washakie","06"
"56045","56","045","Weston","06"
"42007","42","007","Beaver","06"
"48307","48","307","McCulloch","06"
"48337","48","337","Montague","06"
"48341","48","341","Moore","06"
"32007","32","007","Elko","06"
"32013","32","013","Humboldt","06"
"32023","32","023","Nye","06"
"40123","40","123","Pontotoc","06"
"40127","40","127","Pushmataha","06"
"42013","42","013","Blair","06"
"39041","39","041","Delaware","06"
"39045","39","045","Fairfield","06"
"39075","39","075","Holmes","06"
"21019","21","019","Boyd","06"
"21039","21","039","Carlisle","06"
"47007","47","007","Bledsoe","06"
"47011","47","011","Bradley","06"
"47177","47","177","Warren","06"
"55009","55","009","Brown","06"
"45033","45","033","Dillon","06"
"45039","45","039","Fairfield","06"
"27133","27","133","Rock","06"
"27143","27","143","Sibley","06"
"27151","27","151","Swift","06"
"27161","27","161","Waseca","06"
"51770","51","770","Roanoke","25"
"53013","53","013","Columbia","06"
"55129","55","129","Washburn","06"
"55015","55","015","Calumet","06"
"55033","55","033","Dunn","06"
"48123","48","123","DeWitt","06"
"48129","48","129","Donley","06"
"48137","48","137","Edwards","06"
"48355","48","355","Nueces","06"
"31045","31","045","Dawes","06"
"35027","35","027","Lincoln","06"
"35039","35","039","Rio Arriba","06"
"35053","35","053","Socorro","06"
"32029","32","029","Storey","06"
"55133","55","133","Waukesha","06"
"56001","56","001","Albany","06"
"56015","56","015","Goshen","06"
"42037","42","037","Columbia","06"
"42047","42","047","Elk","06"
"48365","48","365","Panola","06"
"48399","48","399","Runnels","06"
"48413","48","413","Schleicher","06"
"48433","48","433","Stonewall","06"
"33013","33","013","Merrimack","06"
"21073","21","073","Franklin","06"
"21087","21","087","Green","06"
"40151","40","151","Woods","06"
"41013","41","013","Crook","06"
"41025","41","025","Harney","06"
"47181","47","181","Wayne","06"
"48017","48","017","Bailey","06"
"48021","48","021","Bastrop","06"
"48031","48","031","Blanco","06"
"39085","39","085","Lake","06"
"39089","39","089","Licking","06"
"39099","39","099","Mahoning","06"
"21103","21","103","Henry","06"
"28017","28","017","Chickasaw","06"
"28031","28","031","Covington","06"
"28061","28","061","Jasper","06"
"47027","47","027","Clay","06"
"47061","47","061","Grundy","06"
"55039","55","039","Fond du Lac","06"
"55049","55","049","Iowa","06"
"55081","55","081","Monroe","06"
"45081","45","081","Saluda","06"
"46007","46","007","Bennett","06"
"46021","46","021","Campbell","06"
"28067","28","067","Jones","06"
"36001","36","001","Albany","06"
"53023","53","023","Garfield","06"
"53039","53","039","Klickitat","06"
"39009","39","009","Athens","06"
"39011","39","011","Auglaize","06"
"39017","39","017","Butler","06"
"48147","48","147","Fannin","06"
"48149","48","149","Fayette","06"
"48151","48","151","Fisher","06"
"48153","48","153","Floyd","06"
"51013","51","013","Arlington","06"
"51117","51","117","Mecklenburg","06"
"51145","51","145","Powhatan","06"
"51157","51","157","Rappahannock","06"
"51177","51","177","Spotsylvania","06"
"51187","51","187","Warren","06"
"42081","42","081","Lycoming","06"
"42109","42","109","Snyder","06"
"48439","48","439","Tarrant","06"
"48491","48","491","Williamson","06"
"48497","48","497","Wise","06"
"48505","48","505","Zapata","06"
"55095","55","095","Polk","06"
"55099","55","099","Price","06"
"55115","55","115","Shawano","06"
"41029","41","029","Jackson","06"
"41053","41","053","Polk","06"
"48045","48","045","Briscoe","06"
"48065","48","065","Carson","06"
"48069","48","069","Castro","06"
"48079","48","079","Cochran","06"
"48085","48","085","Collin","06"
"48243","48","243","Jeff Davis","06"
"13069","13","069","Coffee","06"
"13087","13","087","Decatur","06"
"18045","18","045","Fountain","06"
"18133","18","133","Putnam","06"
"05079","05","079","Lincoln","06"
"13295","13","295","Walker","06"
"13299","13","299","Ware","06"
"51045","51","045","Craig","06"
"51065","51","065","Fluvanna","06"
"51678","51","678","Lexington","25"
"30103","30","103","Treasure","06"
"48183","48","183","Gregg","06"
"48189","48","189","Hale","06"
"05089","05","089","Marion","06"
"26049","26","049","Genesee","06"
"51670","51","670","Hopewell","25"
"51720","51","720","Norton","25"
"51735","51","735","Poquoson","25"
"51740","51","740","Portsmouth","25"
"53069","53","069","Wahkiakum","06"
"54009","54","009","Brooke","06"
"54015","54","015","Clay","06"
"08079","08","079","Mineral","06"
"08089","08","089","Otero","06"
"19119","19","119","Lyon","06"
"08025","08","025","Crowley","06"
"08041","08","041","El Paso","06"
"01045","01","045","Dale","06"
"29159","29","159","Pettis","06"
"29167","29","167","Polk","06"
"29169","29","169","Pulaski","06"
"29179","29","179","Reynolds","06"
"04017","04","017","Navajo","06"
"05035","05","035","Crittenden","06"
"19133","19","133","Monona","06"
"18143","18","143","Scott","06"
"13017","13","017","Ben Hill","06"
"13037","13","037","Calhoun","06"
"55061","55","061","Kewaunee","06"
"55097","55","097","Portage","06"
"56023","56","023","Lincoln","06"
"56027","56","027","Niobrara","06"
"13097","13","097","Douglas","06"
"13099","13","099","Early","06"
"50015","50","015","Lamoille","06"
"18165","18","165","Vermillion","06"
"05105","05","105","Perry","06"
"16051","16","051","Jefferson","06"
"16055","16","055","Kootenai","06"
"16063","16","063","Lincoln","06"
"51700","51","700","Newport News","25"
"51775","51","775","Salem","25"
"50023","50","023","Washington","06"
"50025","50","025","Windham","06"
"51570","51","570","Colonial Heights","25"
"05115","05","115","Pope","06"
"08123","08","123","Weld","06"
"51760","51","760","Richmond","25"
"17167","17","167","Sangamon","06"
"51600","51","600","Fairfax","25"
"51630","51","630","Fredericksburg","25"
"51650","51","650","Hampton","25"
"29121","29","121","Macon","06"
"09005","09","005","Litchfield","06"
"19167","19","167","Sioux","06"
"01079","01","079","Lawrence","06"
"01083","01","083","Limestone","06"
"29187","29","187","St. Francois","06"
"29199","29","199","Scotland","06"
"29209","29","209","Stone","06"
"29223","29","223","Wayne","06"
"29125","29","125","Maries","06"
"29139","29","139","Montgomery","06"
"29149","29","149","Oregon","06"
"38039","38","039","Griggs","06"
"20043","20","043","Doniphan","06"
"18171","18","171","Warren","06"
"13053","13","053","Chattahoochee","06"
"13055","13","055","Chattooga","06"
"56037","56","037","Sweetwater","06"
"01029","01","029","Cleburne","06"
"40063","40","063","Hughes","06"
"40073","40","073","Kingfisher","06"
"38045","38","045","LaMoure","06"
"38049","38","049","McHenry","06"
"55047","55","047","Green Lake","06"
"19005","19","005","Allamakee","06"
"05125","05","125","Saline","06"
"16075","16","075","Payette","06"
"17001","17","001","Adams","06"
"17005","17","005","Bond","06"
"51800","51","800","Suffolk","25"
"53001","53","001","Adams","06"
"53055","53","055","San Juan","06"
"18049","18","049","Fulton","06"
"05143","05","143","Washington","06"
"12021","12","021","Collier","06"
"19129","19","129","Mills","06"
"20125","20","125","Montgomery","06"
"20209","20","209","Wyandotte","06"
"26011","26","011","Arenac","06"
"26021","26","021","Berrien","06"
"12059","12","059","Holmes","06"
"20197","20","197","Wabaunsee","06"
"01103","01","103","Morgan","06"
"01105","01","105","Perry","06"
"29225","29","225","Webster","06"
"29229","29","229","Wright","06"
"30011","30","011","Carter","06"
"30017","30","017","Custer","06"
"30025","30","025","Fallon","06"
"13275","13","275","Thomas","06"
"13281","13","281","Towns","06"
"13285","13","285","Troup","06"
"21021","21","021","Boyle","06"
"13059","13","059","Clarke","06"
"13067","13","067","Cobb","06"
"40139","40","139","Texas","06"
"46047","46","047","Fall River","06"
"46051","46","051","Grant","06"
"53059","53","059","Skamania","06"
"18019","18","019","Clark","06"
"18029","18","029","Dearborn","06"
"06075","06","075","San Francisco","06"
"17009","17","009","Brown","06"
"17015","17","015","Carroll","06"
"17019","17","019","Champaign","06"
"53063","53","063","Spokane","06"
"21105","21","105","Hickman","06"
"29213","29","213","Taney","06"
"05055","05","055","Greene","06"
"05065","05","065","Izard","06"
"08021","08","021","Conejos","06"
"31071","31","071","Garfield","06"
"31157","31","157","Scotts Bluff","06"
"30037","30","037","Golden Valley","06"
"30041","30","041","Hill","06"
"30079","30","079","Prairie","06"
"26031","26","031","Cheboygan","06"
"26043","26","043","Dickinson","06"
"12063","12","063","Jackson","06"
"12099","12","099","Palm Beach","06"
"01123","01","123","Tallapoosa","06"
"17021","17","021","Christian","06"
"17045","17","045","Edgar","06"
"17053","17","053","Ford","06"
"19061","19","061","Dubuque","06"
"19085","19","085","Harrison","06"
"19021","19","021","Buena Vista","06"
"19025","19","025","Calhoun","06"
"19027","19","027","Carroll","06"
"19035","19","035","Cherokee","06"
"19041","19","041","Clay","06"
"19049","19","049","Dallas","06"
"17073","17","073","Henry","06"
"17077","17","077","Jackson","06"
"40005","40","005","Atoka","06"
"40009","40","009","Beckham","06"
"28019","28","019","Choctaw","06"
"27125","27","125","Red Lake","06"
"18011","18","011","Boone","06"
"18021","18","021","Clay","06"
"18031","18","031","Decatur","06"
"18035","18","035","Delaware","06"
"18039","18","039","Elkhart","06"
"13227","13","227","Pickens","06"
"17145","17","145","Perry","06"
"17157","17","157","Randolph","06"
"28023","28","023","Clarke","06"
"17069","17","069","Hardin","06"
"17079","17","079","Jasper","06"
"17093","17","093","Kendall","06"
"21037","21","037","Campbell","06"
"21061","21","061","Edmonson","06"
"25003","25","003","Berkshire","06"
"25019","25","019","Nantucket","06"
"17113","17","113","McLean","06"
"20053","20","053","Ellsworth","06"
"20057","20","057","Ford","06"
"20065","20","065","Graham","06"
"20071","20","071","Greeley","06"
"20115","20","115","Marion","06"
"27009","27","009","Benton","06"
"27017","27","017","Carlton","06"
"27029","27","029","Clearwater","06"
"27033","27","033","Cottonwood","06"
"13231","13","231","Pike","06"
"13247","13","247","Rockdale","06"
"26005","26","005","Allegan","06"
"26009","26","009","Antrim","06"
"20119","20","119","Meade","06"
"40017","40","017","Canadian","06"
"40019","40","019","Carter","06"
"28005","28","005","Amite","06"
"28009","28","009","Benton","06"
"28013","28","013","Calhoun","06"
"18055","18","055","Greene","06"
"18059","18","059","Hancock","06"
"21163","21","163","Meade","06"
"21173","21","173","Montgomery","06"
"21191","21","191","Pendleton","06"
"13255","13","255","Spalding","06"
"13259","13","259","Stewart","06"
"40029","40","029","Coal","06"
"27101","27","101","Murray","06"
"27105","27","105","Nobles","06"
"27111","27","111","Otter Tail","06"
"18063","18","063","Hendricks","06"
"18075","18","075","Jay","06"
"21075","21","075","Fulton","06"
"39047","39","047","Fayette","06"
"39049","39","049","Franklin","06"
"39053","39","053","Gallia","06"
"17179","17","179","Tazewell","06"
"17181","17","181","Union","06"
"17201","17","201","Winnebago","06"
"17117","17","117","Macoupin","06"
"17123","17","123","Marshall","06"
"17127","17","127","Massac","06"
"20121","20","121","Miami","06"
"21077","21","077","Gallatin","06"
"27037","27","037","Dakota","06"
"08007","08","007","Archuleta","06"
"08009","08","009","Baca","06"
"08045","08","045","Garfield","06"
"01061","01","061","Geneva","06"
"01075","01","075","Lamar","06"
"20131","20","131","Nemaha","06"
"20135","20","135","Ness","06"
"20145","20","145","Pawnee","06"
"20153","20","153","Rawlins","06"
"40033","40","033","Cotton","06"
"27047","27","047","Freeborn","06"
"27057","27","057","Hubbard","06"
"19051","19","051","Davis","06"
"19055","19","055","Delaware","06"
"19065","19","065","Fayette","06"
"19075","19","075","Grundy","06"
"19079","19","079","Hamilton","06"
"22095","22","095","St. John the Baptist","15"
"22121","22","121","West Baton Rouge","15"
"13167","13","167","Johnson","06"
"40039","40","039","Custer","06"
"26073","26","073","Isabella","06"
"26075","26","075","Jackson","06"
"27149","27","149","Stevens","06"
"18079","18","079","Jennings","06"
"18127","18","127","Porter","06"
"18137","18","137","Ripley","06"
"21207","21","207","Russell","06"
"21211","21","211","Shelby","06"
"21213","21","213","Simpson","06"
"21221","21","221","Trigg","06"
"13199","13","199","Meriwether","06"
"17089","17","089","Kane","06"
"27155","27","155","Traverse","06"
"27159","27","159","Wadena","06"
"17131","17","131","Mercer","06"
"18151","18","151","Steuben","06"
"21091","21","091","Hancock","06"
"39063","39","063","Hancock","06"
"39069","39","069","Henry","06"
"39073","39","073","Hocking","06"
"39081","39","081","Jefferson","06"
"21023","21","023","Bracken","06"
"17137","17","137","Morgan","06"
"17151","17","151","Pope","06"
"17165","17","165","Saline","06"
"20155","20","155","Reno","06"
"21129","21","129","Lee","06"
"22061","22","061","Lincoln","15"
"38063","38","063","Nelson","06"
"01133","01","133","Winston","06"
"23011","23","011","Kennebec","06"
"20159","20","159","Rice","06"
"20163","20","163","Rooks","06"
"20169","20","169","Saline","06"
"20173","20","173","Sedgwick","06"
"26079","26","079","Kalkaska","06"
"38073","38","073","Ransom","06"
"38087","38","087","Slope","06"
"13111","13","111","Fannin","06"
"13117","13","117","Forsyth","06"
"24510","24","510","Baltimore","25"
"13211","13","211","Morgan","06"
"26093","26","093","Livingston","06"
"26107","26","107","Mecosta","06"
"26113","26","113","Missaukee","06"
"26119","26","119","Montmorency","06"
"18155","18","155","Switzerland","06"
"18181","18","181","White","06"
"19001","19","001","Adair","06"
"17059","17","059","Gallatin","06"
"17063","17","063","Grundy","06"
"17065","17","065","Hamilton","06"
"13225","13","225","Peach","06"
"17103","17","103","Lee","06"
"28025","28","025","Clay","06"
"28039","28","039","George","06"
"28043","28","043","Grenada","06"
"17171","17","171","Scott","06"
"19007","19","007","Appanoose","06"
"19017","19","017","Bremer","06"
"21145","21","145","McCracken","06"
"17111","17","111","McHenry","06"
"17141","17","141","Ogle","06"
"17199","17","199","Williamson","06"
"18001","18","001","Adams","06"
"18005","18","005","Bartholomew","06"
"20175","20","175","Seward","06"
"20183","20","183","Smith","06"
"21149","21","149","McLean","06"
"21157","21","157","Marshall","06"
"05047","05","047","Franklin","06"
"22089","22","089","St. Charles","15"
"13131","13","131","Grady","06"
"13165","13","165","Jenkins","06"
"17029","17","029","Coles","06"
"20019","20","019","Chautauqua","06"
"20189","20","189","Stevens","06"
"20199","20","199","Wallace","06"
"20207","20","207","Woodson","06"
"26123","26","123","Newaygo","06"
"26127","26","127","Oceana","06"
"39025","39","025","Clermont","06"
"39029","39","029","Columbiana","06"
"39039","39","039","Defiance","06"
"13145","13","145","Harris","06"
"13155","13","155","Irwin","06"
"20031","20","031","Coffey","06"
"20033","20","033","Comanche","06"
"20037","20","037","Crawford","06"
"20051","20","051","Ellis","06"
"40003","40","003","Alfalfa","06"
"27005","27","005","Becker","06"
"27115","27","115","Pine","06"
"27121","27","121","Pope","06"
"05051","05","051","Garland","06"
"05113","05","113","Polk","06"
"05123","05","123","St. Francis","06"
"06095","06","095","Solano","06"
"06101","06","101","Sutter","06"
"08003","08","003","Alamosa","06"
"55063","55","063","La Crosse","06"
"55105","55","105","Rock","06"
"56007","56","007","Carbon","06"
"29181","29","181","Ripley","06"
"29211","29","211","Sullivan","06"
"31097","31","097","Johnson","06"
"29011","29","011","Barton","06"
"35013","35","013","Doña Ana","06"
"36085","36","085","Richmond","06"
"29071","29","071","Franklin","06"
"29105","29","105","Laclede","06"
"17025","17","025","Clay","06"
"17055","17","055","Franklin","06"
"19011","19","011","Benton","06"
"19037","19","037","Chickasaw","06"
"19095","19","095","Iowa","06"
"19123","19","123","Mahaska","06"
"39059","39","059","Guernsey","06"
"55103","55","103","Richland","06"
"55113","55","113","Sawyer","06"
"55127","55","127","Walworth","06"
"48047","48","047","Brooks","06"
"37041","37","041","Chowan","06"
"37069","37","069","Franklin","06"
"39023","39","023","Clark","06"
"39147","39","147","Seneca","06"
"40093","40","093","Major","06"
"31033","31","033","Cheyenne","06"
"39091","39","091","Logan","06"
"39117","39","117","Morrow","06"
"48061","48","061","Cameron","06"
"48073","48","073","Cherokee","06"
"48081","48","081","Coke","06"
"48087","48","087","Collingsworth","06"
"48095","48","095","Concho","06"
"48101","48","101","Cottle","06"
"48111","48","111","Dallam","06"
"48117","48","117","Deaf Smith","06"
"40061","40","061","Haskell","06"
"40071","40","071","Kay","06"
"31051","31","051","Dixon","06"
"31121","31","121","Merrick","06"
"13207","13","207","Monroe","06"
"29073","29","073","Gasconade","06"
"29117","29","117","Livingston","06"
"47103","47","103","Lincoln","06"
"47115","47","115","Marion","06"
"42083","42","083","McKean","06"
"42087","42","087","Mifflin","06"
"42093","42","093","Montour","06"
"13235","13","235","Pulaski","06"
"17083","17","083","Jersey","06"
"17107","17","107","Logan","06"
"12043","12","043","Glades","06"
"13063","13","063","Clayton","06"
"36087","36","087","Rockland","06"
"36101","36","101","Steuben","06"
"55135","55","135","Waupaca","06"
"29119","29","119","McDonald","06"
"29133","29","133","Mississippi","06"
"38069","38","069","Pierce","06"
"12015","12","015","Charlotte","06"
"12061","12","061","Indian River","06"
"12011","12","011","Broward","06"
"13293","13","293","Upson","06"
"55137","55","137","Waushara","06"
"55141","55","141","Wood","06"
"56005","56","005","Campbell","06"
"48121","48","121","Denton","06"
"37073","37","073","Gates","06"
"37097","37","097","Iredell","06"
"31165","31","165","Sioux","06"
"32017","32","017","Lincoln","06"
"35043","35","043","Sandoval","06"
"39079","39","079","Jackson","06"
"46099","46","099","Minnehaha","06"
"47139","47","139","Polk","06"
"48169","48","169","Garza","06"
"48179","48","179","Gray","06"
"28045","28","045","Hancock","06"
"40081","40","081","Lincoln","06"
"40085","40","085","Love","06"
"40097","40","097","Mayes","06"
"17133","17","133","Monroe","06"
"17191","17","191","Wayne","06"
"18015","18","015","Carroll","06"
"29161","29","161","Phelps","06"
"29203","29","203","Shannon","06"
"30019","30","019","Daniels","06"
"30107","30","107","Wheatland","06"
"28059","28","059","Jackson","06"
"36109","36","109","Tompkins","06"
"42107","42","107","Schuylkill","06"
"42121","42","121","Venango","06"
"44001","44","001","Bristol","06"
"45079","45","079","Richland","06"
"39033","39","033","Crawford","06"
"27019","27","019","Carver","06"
"27051","27","051","Grant","06"
"13089","13","089","DeKalb","06"
"13147","13","147","Hart","06"
"37001","37","001","Alamance","06"
"56009","56","009","Converse","06"
"29155","29","155","Pemiscot","06"
"29163","29","163","Pike","06"
"13065","13","065","Clinch","06"
"13109","13","109","Evans","06"
"36081","36","081","Queens","06"
"32019","32","019","Lyon","06"
"33011","33","011","Hillsborough","06"
"55078","55","078","Menominee","06"
"56019","56","019","Johnson","06"
"40047","40","047","Garfield","06"
"37107","37","107","Lenoir","06"
"37181","37","181","Vance","06"
"36123","36","123","Yates","06"
"37169","37","169","Stokes","06"
"38013","38","013","Burke","06"
"18043","18","043","Floyd","06"
"55083","55","083","Oconto","06"
"55087","55","087","Outagamie","06"
"42025","42","025","Carbon","06"
"42039","42","039","Crawford","06"
"42053","42","053","Forest","06"
"40105","40","105","Nowata","06"
"40107","40","107","Okfuskee","06"
"40111","40","111","Okmulgee","06"
"18141","18","141","St. Joseph","06"
"18167","18","167","Vigo","06"
"29145","29","145","Newton","06"
"47171","47","171","Unicoi","06"
"47077","47","077","Henderson","06"
"28065","28","065","Jefferson Davis","06"
"29051","29","051","Cole","06"
"44003","44","003","Kent","06"
"45001","45","001","Abbeville","06"
"29173","29","173","Ralls","06"
"31007","31","007","Banner","06"
"31079","31","079","Hall","06"
"47083","47","083","Houston","06"
"33019","33","019","Sullivan","06"
"35001","35","001","Bernalillo","06"
"37011","37","011","Avery","06"
"37025","37","025","Cabarrus","06"
"29186","29","186","Ste. Genevieve","06"
"29219","29","219","Warren","06"
"13193","13","193","Macon","06"
"13239","13","239","Quitman","06"
"13277","13","277","Tift","06"
"55091","55","091","Pepin","06"
"55093","55","093","Pierce","06"
"40051","40","051","Grady","06"
"40057","40","057","Harmon","06"
"37185","37","185","Warren","06"
"37187","37","187","Washington","06"
"38057","38","057","Mercer","06"
"39005","39","005","Ashland","06"
"39021","39","021","Champaign","06"
"47175","47","175","Van Buren","06"
"48013","48","013","Atascosa","06"
"48019","48","019","Bandera","06"
"42069","42","069","Lackawanna","06"
"42079","42","079","Luzerne","06"
"40115","40","115","Ottawa","06"
"40119","40","119","Payne","06"
"24019","24","019","Dorchester","06"
"26025","26","025","Calhoun","06"
"08049","08","049","Grand","06"
"08075","08","075","Logan","06"
"28085","28","085","Lincoln","06"
"28115","28","115","Pontotoc","06"
"47087","47","087","Jackson","06"
"47101","47","101","Lewis","06"
"38011","38","011","Bowman","06"
"38021","38","021","Dickey","06"
"50001","50","001","Addison","06"
"46019","46","019","Butte","06"
"46027","46","027","Clay","06"
"48207","48","207","Haskell","06"
"48211","48","211","Hemphill","06"
"54029","54","029","Hancock","06"
"54035","54","035","Jackson","06"
"13093","13","093","Dooly","06"
"13175","13","175","Laurens","06"
"31147","31","147","Richardson","06"
"55027","55","027","Dodge","06"
"47015","47","015","Cannon","06"
"47023","47","023","Chester","06"
"39077","39","077","Huron","06"
"26087","26","087","Lapeer","06"
"27043","27","043","Faribault","06"
"31065","31","065","Furnas","06"
"55125","55","125","Vilas","06"
"35009","35","009","Curry","06"
"35015","35","015","Eddy","06"
"35019","35","019","Guadalupe","06"
"55031","55","031","Douglas","06"
"55035","55","035","Eau Claire","06"
"31153","31","153","Sarpy","06"
"31177","31","177","Washington","06"
"31081","31","081","Hamilton","06"
"31085","31","085","Hayes","06"
"31093","31","093","Howard","06"
"31095","31","095","Jefferson","06"
"35023","35","023","Hidalgo","06"
"35025","35","025","Lea","06"
"48325","48","325","Medina","06"
"48329","48","329","Midland","06"
"48353","48","353","Nolan","06"
"48357","48","357","Ochiltree","06"
"47131","47","131","Obion","06"
"47137","47","137","Pickett","06"
"55055","55","055","Jefferson","06"
"55059","55","059","Kenosha","06"
"55065","55","065","Lafayette","06"
"48217","48","217","Hill","06"
"48231","48","231","Hunt","06"
"48247","48","247","Jim Hogg","06"
"48359","48","359","Oldham","06"
"48363","48","363","Palo Pinto","06"
"16001","16","001","Ada","06"
"17035","17","035","Cumberland","06"
"28069","28","069","Kemper","06"
"50013","50","013","Grand Isle","06"
"51169","51","169","Scott","06"
"47161","47","161","Stewart","06"
"47169","47","169","Trousdale","06"
"54049","54","049","Marion","06"
"54053","54","053","Mason","06"
"28073","28","073","Lamar","06"
"28077","28","077","Lawrence","06"
"28079","28","079","Leake","06"
"35035","35","035","Otero","06"
"35037","35","037","Quay","06"
"51530","51","530","Buena Vista","25"
"51550","51","550","Chesapeake","25"
"29081","29","081","Harrison","06"
"29101","29","101","Johnson","06"
"47043","47","043","Dickson","06"
"47047","47","047","Fayette","06"
"47069","47","069","Hardeman","06"
"35047","35","047","San Miguel","06"
"37171","37","171","Surry","06"
"35055","35","055","Taos","06"
"35059","35","059","Union","06"
"36003","36","003","Allegany","06"
"48367","48","367","Parker","06"
"48381","48","381","Randall","06"
"48393","48","393","Roberts","06"
"48407","48","407","San Jacinto","06"
"29109","29","109","Lawrence","06"
"29111","29","111","Lewis","06"
"40121","40","121","Pittsburg","06"
"31021","31","021","Burt","06"
"31089","31","089","Holt","06"
"31109","31","109","Lancaster","06"
"31119","31","119","Madison","06"
"31123","31","123","Morrill","06"
"31129","31","129","Nuckolls","06"
"48415","48","415","Scurry","06"
"48417","48","417","Shackelford","06"
"48425","48","425","Somervell","06"
"48435","48","435","Sutton","06"
"51071","51","071","Giles","06"
"40149","40","149","Washita","06"
"45011","45","011","Barnwell","06"
"38029","38","029","Emmons","06"
"55017","55","017","Chippewa","06"
"48251","48","251","Johnson","06"
"48255","48","255","Karnes","06"
"51075","51","075","Goochland","06"
"28097","28","097","Montgomery","06"
"28099","28","099","Neshoba","06"
"45037","45","037","Edgefield","06"
"30065","30","065","Musselshell","06"
"41071","41","071","Yamhill","06"
"42009","42","009","Bedford","06"
"54055","54","055","Mercer","06"
"54069","54","069","Ohio","06"
"28107","28","107","Panola","06"
"28117","28","117","Prentiss","06"
"36023","36","023","Cortland","06"
"36033","36","033","Franklin","06"
"30095","30","095","Stillwater","06"
"37191","37","191","Wayne","06"
"46037","46","037","Day","06"
"46043","46","043","Douglas","06"
"46061","46","061","Hanson","06"
"46063","46","063","Harding","06"
"46067","46","067","Hutchinson","06"
"41063","41","063","Wallowa","06"
"42077","42","077","Lehigh","06"
"48015","48","015","Austin","06"
"36037","36","037","Genesee","06"
"36097","36","097","Schuyler","06"
"37065","37","065","Edgecombe","06"
"48437","48","437","Swisher","06"
"48441","48","441","Taylor","06"
"48445","48","445","Terry","06"
"48461","48","461","Upton","06"
"37197","37","197","Yadkin","06"
"40153","40","153","Woodward","06"
"31099","31","099","Kearney","06"
"31127","31","127","Nemaha","06"
"31137","31","137","Phelps","06"
"31161","31","161","Sheridan","06"
"31167","31","167","Stanton","06"
"31173","31","173","Thurston","06"
"31181","31","181","Webster","06"
"48485","48","485","Wichita","06"
"51089","51","089","Henry","06"
"41009","41","009","Columbia","06"
"46003","46","003","Aurora","06"
"46005","46","005","Beadle","06"
"46013","46","013","Brown","06"
"55021","55","021","Columbia","06"
"55025","55","025","Dane","06"
"48257","48","257","Kaufman","06"
"48265","48","265","Kerr","06"
"48271","48","271","Kinney","06"
"28123","28","123","Scott","06"
"28133","28","133","Sunflower","06"
"28153","28","153","Wayne","06"
"29055","29","055","Crawford","06"
"29057","29","057","Dade","06"
"46015","46","015","Brule","06"
"31015","31","015","Boyd","06"
"42011","42","011","Berks","06"
"42019","42","019","Butler","06"
"46073","46","073","Jerauld","06"
"46077","46","077","Kingsbury","06"
"54097","54","097","Upshur","06"
"54101","54","101","Webster","06"
"37109","37","109","Lincoln","06"
"37133","37","133","Onslow","06"
"37147","37","147","Pitt","06"
"37151","37","151","Randolph","06"
"37157","37","157","Rockingham","06"
"31017","31","017","Brown","06"
"38015","38","015","Burleigh","06"
"46081","46","081","Lawrence","06"
"46125","46","125","Turner","06"
"31143","31","143","Polk","06"
"28063","28","063","Jefferson","06"
"28147","28","147","Walthall","06"
"29129","29","129","Mercer","06"
"48489","48","489","Willacy","06"
"49039","49","039","Sanpete","06"
"49053","49","053","Washington","06"
"38025","38","025","Dunn","06"
"41011","41","011","Coos","06"
"40091","40","091","McIntosh","06"
"30109","30","109","Wibaux","06"
"31001","31","001","Adams","06"
"31183","31","183","Wheeler","06"
"32009","32","009","Esmeralda","06"
"32021","32","021","Mineral","06"
"32027","32","027","Pershing","06"
"35003","35","003","Catron","06"
"48279","48","279","Lamb","06"
"51115","51","115","Mathews","06"
"51125","51","125","Nelson","06"
"51137","51","137","Orange","06"
"51149","51","149","Prince George","06"
"51165","51","165","Rockingham","06"
"29061","29","061","Daviess","06"
"29065","29","065","Dent","06"
"41067","41","067","Washington","06"
"31003","31","003","Antelope","06"
"31011","31","011","Boone","06"
"48197","48","197","Hardeman","06"
"48291","48","291","Liberty","06"
"48295","48","295","Lipscomb","06"
"48305","48","305","Lynn","06"
"48309","48","309","McLennan","06"
"29067","29","067","Douglas","06"
"29077","29","077","Greene","06"
"37195","37","195","Wilson","06"
"38009","38","009","Bottineau","06"
"13201","13","201","Miller","06"
"17049","17","049","Effingham","06"
"17087","17","087","Johnson","06"
"17121","17","121","Marion","06"
"19191","19","191","Winneshiek","06"
"20027","20","027","Clay","06"
"20061","20","061","Geary","06"
"20143","20","143","Ottawa","06"
"20179","20","179","Sheridan","06"
"26125","26","125","Oakland","06"
"27113","27","113","Pennington","06"
"27001","27","001","Aitkin","06"
"12109","12","109","St. Johns","06"
"13011","13","011","Banks","06"
"48493","48","493","Wilson","06"
"51510","51","510","Alexandria","25"
"51683","51","683","Manassas","25"
"55045","55","045","Green","06"
"27025","27","025","Chisago","06"
"27055","27","055","Houston","06"
"30091","30","091","Sheridan","06"
"31005","31","005","Arthur","06"
"31027","31","027","Cedar","06"
"31041","31","041","Custer","06"
"51193","51","193","Westmoreland","06"
"48397","48","397","Rockwall","06"
"48483","48","483","Wheeler","06"
"50019","50","019","Orleans","06"
"17115","17","115","Macon","06"
"18119","18","119","Owen","06"
"38001","38","001","Adams","06"
"55079","55","079","Milwaukee","06"
"46109","46","109","Roberts","06"
"47051","47","051","Franklin","06"
"51620","51","620","Franklin","25"
"51710","51","710","Norfolk","25"
"51820","51","820","Waynesboro","25"
"27099","27","099","Mower","06"
"05087","05","087","Madison","06"
"13197","13","197","Marion","06"
"18077","18","077","Jefferson","06"
"19047","19","047","Crawford","06"
"38083","38","083","Sheridan","06"
"39057","39","057","Greene","06"
"39135","39","135","Preble","06"
"39171","39","171","Williams","06"
"05033","05","033","Crawford","06"
"05077","05","077","Lee","06"
"28047","28","047","Harrison","06"
"29015","29","015","Benton","06"
"19169","19","169","Story","06"
"20035","20","035","Cowley","06"
"20083","20","083","Hodgeman","06"
"20107","20","107","Linn","06"
"19121","19","121","Madison","06"
"27095","27","095","Mille Lacs","06"
"29135","29","135","Moniteau","06"
"29215","29","215","Texas","06"
"30021","30","021","Dawson","06"
"48097","48","097","Cooke","06"
"51025","51","025","Brunswick","06"
"27147","27","147","Steele","06"
"13071","13","071","Colquitt","06"
"13253","13","253","Seminole","06"
"20113","20","113","McPherson","06"
"26065","26","065","Ingham","06"
"29025","29","025","Caldwell","06"
"31125","31","125","Nance","06"
"20167","20","167","Russell","06"
"26047","26","047","Emmet","06"
"31113","31","113","Logan","06"
"36041","36","041","Hamilton","06"
"55001","55","001","Adams","06"
"40053","40","053","Grant","06"
"42023","42","023","Cameron","06"
"42117","42","117","Tioga","06"
"28003","28","003","Alcorn","06"
"28027","28","027","Coahoma","06"
"28057","28","057","Itawamba","06"
"48059","48","059","Callahan","06"
"48131","48","131","Duval","06"
"31053","31","053","Dodge","06"
"31067","31","067","Gage","06"
"26111","26","111","Midland","06"
"26133","26","133","Osceola","06"
"26161","26","161","Washtenaw","06"
"28041","28","041","Greene","06"
"35006","35","006","Cibola","06"
"38031","38","031","Foster","06"
"55131","55","131","Washington","06"
"46009","46","009","Bon Homme","06"
"46039","46","039","Deuel","06"
"48143","48","143","Erath","06"
"48171","48","171","Gillespie","06"
"48259","48","259","Kendall","06"
"13061","13","061","Clay","06"
"54079","54","079","Putnam","06"
"55019","55","019","Clark","06"
"55053","55","053","Jackson","06"
"33005","33","005","Cheshire","06"
"34039","34","039","Union","06"
"46129","46","129","Walworth","06"
"47111","47","111","Macon","06"
"48071","48","071","Chambers","06"
"48115","48","115","Dawson","06"
"48193","48","193","Hamilton","06"
"48233","48","233","Hutchinson","06"
"16045","16","045","Gem","06"
"54089","54","089","Summers","06"
"29107","29","107","Lafayette","06"
"31029","31","029","Chase","06"
"31101","31","101","Keith","06"
"56017","56","017","Hot Springs","06"
"01017","01","017","Chambers","06"
"48027","48","027","Bell","06"
"48177","48","177","Gonzales","06"
"48237","48","237","Jack","06"
"48285","48","285","Lavaca","06"
"48369","48","369","Parmer","06"
"05031","05","031","Craighead","06"
"29001","29","001","Adair","06"
"29035","29","035","Carter","06"
"29063","29","063","DeKalb","06"
"16053","16","053","Jerome","06"
"16081","16","081","Teton","06"
"51135","51","135","Nottoway","06"
"54061","54","061","Monongalia","06"
"21199","21","199","Pulaski","06"
"23005","23","005","Cumberland","06"
"25007","25","007","Dukes","06"
"26003","26","003","Alger","06"
"26037","26","037","Clinton","06"
"29091","29","091","Howell","06"
"48281","48","281","Lampasas","06"
"48375","48","375","Potter","06"
"48429","48","429","Stephens","06"
"31155","31","155","Saunders","06"
"32510","32","510","Carson City","00"
"35028","35","028","Los Alamos","06"
"36007","36","007","Broome","06"
"42021","42","021","Cambria","06"
"42073","42","073","Lawrence","06"
"42075","42","075","Lebanon","06"
"42105","42","105","Potter","06"
"17067","17","067","Hancock","06"
"18135","18","135","Randolph","06"
"19077","19","077","Guthrie","06"
"20127","20","127","Morris","06"
"55077","55","077","Marquette","06"
"55139","55","139","Winnebago","06"
"56025","56","025","Natrona","06"
"28105","28","105","Oktibbeha","06"
"29079","29","079","Grundy","06"
"40129","40","129","Roger Mills","06"
"42001","42","001","Adams","06"
"13257","13","257","Stephens","06"
"16017","16","017","Bonner","06"
"17075","17","075","Iroquois","06"
"05059","05","059","Hot Spring","06"
"12019","12","019","Clay","06"
"29093","29","093","Iron","06"
"31039","31","039","Cuming","06"
"31061","31","061","Franklin","06"
"36049","36","049","Lewis","06"
"40025","40","025","Cimarron","06"
"49037","49","037","San Juan","06"
"55123","55","123","Vernon","06"
"18091","18","091","LaPorte","06"
"26045","26","045","Eaton","06"
"26067","26","067","Ionia","06"
"26095","26","095","Luce","06"
"29123","29","123","Madison","06"
"29151","29","151","Osage","06"
"36073","36","073","Orleans","06"
"39129","39","129","Pickaway","06"
"42085","42","085","Mercer","06"
"46115","46","115","Spink","06"
"36121","36","121","Wyoming","06"
"37045","37","045","Cleveland","06"
"26157","26","157","Tuscola","06"
"46011","46","011","Brookings","06"
"48487","48","487","Wilbarger","06"
"48501","48","501","Yoakum","06"
"50007","50","007","Chittenden","06"
"51163","51","163","Rockbridge","06"
"48093","48","093","Comanche","06"
"48269","48","269","King","06"
"48327","48","327","Menard","06"
"48447","48","447","Throckmorton","06"
"49041","49","041","Sevier","06"
"51540","51","540","Charlottesville","25"
"42057","42","057","Fulton","06"
"46071","46","071","Jackson","06"
"46053","46","053","Gregory","06"
"46069","46","069","Hyde","06"
"46089","46","089","McPherson","06"
"21045","21","045","Casey","06"
"26061","26","061","Houghton","06"
"51790","51","790","Staunton","25"
"55005","55","005","Barron","06"
"55067","55","067","Langlade","06"
"13083","13","083","Dade","06"
"17155","17","155","Putnam","06"
"18177","18","177","Wayne","06"
"19031","19","031","Cedar","06"
"19109","19","109","Kossuth","06"
"01081","01","081","Lee","06"
"04019","04","019","Pima","06"
"19033","19","033","Cerro Gordo","06"
"19091","19","091","Humboldt","06"
"19179","19","179","Wapello","06"
"19197","19","197","Wright","06"
"20039","20","039","Decatur","06"
"12085","12","085","Martin","06"
"36083","36","083","Rensselaer","06"
"19153","19","153","Polk","06"
"19181","19","181","Warren","06"
"20013","20","013","Brown","06"
"48221","48","221","Hood","06"
"48335","48","335","Mitchell","06"
"48421","48","421","Sherman","06"
"01007","01","007","Bibb","06"
"04023","04","023","Santa Cruz","06"
"08103","08","103","Rio Blanco","06"
"54073","54","073","Pleasants","06"
"21053","21","053","Clinton","06"
"21057","21","057","Cumberland","06"
"51049","51","049","Cumberland","06"
"51173","51","173","Smyth","06"
"27169","27","169","Winona","06"
"28113","28","113","Pike","06"
"28141","28","141","Tishomingo","06"
"20117","20","117","Marshall","06"
"20205","20","205","Wilson","06"
"21035","21","035","Calloway","06"
"21083","21","083","Graves","06"
"21161","21","161","Mason","06"
"39113","39","113","Montgomery","06"
"39143","39","143","Sandusky","06"
"40083","40","083","Logan","06"
"21113","21","113","Jessamine","06"
"21171","21","171","Monroe","06"
"40137","40","137","Stephens","06"
"16047","16","047","Gooding","06"
"17041","17","041","Douglas","06"
"17091","17","091","Kankakee","06"
"48127","48","127","Dimmit","06"
"48145","48","145","Falls","06"
"48163","48","163","Frio","06"
"48195","48","195","Hansford","06"
"48293","48","293","Limestone","06"
"09013","09","013","Tolland","06"
"13005","13","005","Bacon","06"
"41027","41","027","Hood River","06"
"41037","41","037","Lake","06"
"40015","40","015","Caddo","06"
"40059","40","059","Harper","06"
"40103","40","103","Noble","06"
"05111","05","111","Poinsett","06"
"13125","13","125","Glascock","06"
"13187","13","187","Lumpkin","06"
"20041","20","041","Dickinson","06"
"20139","20","139","Osage","06"
"20165","20","165","Rush","06"
"20193","20","193","Thomas","06"
"31105","31","105","Kimball","06"
"05141","05","141","Van Buren","06"
"08061","08","061","Kiowa","06"
"08087","08","087","Morgan","06"
"08115","08","115","Sedgwick","06"
"33003","33","003","Carroll","06"
"36069","36","069","Ontario","06"
"51590","51","590","Danville","25"
"51810","51","810","Virginia Beach","25"
"31133","31","133","Pawnee","06"
"31163","31","163","Sherman","06"
"32005","32","005","Douglas","06"
"17173","17","173","Shelby","06"
"26027","26","027","Cass","06"
"26077","26","077","Kalamazoo","06"
"26129","26","129","Ogemaw","06"
"26145","26","145","Saginaw","06"
"17099","17","099","LaSalle","06"
"17163","17","163","St. Clair","06"
"48385","48","385","Real","06"
"51197","51","197","Wythe","06"
"18013","18","013","Brown","06"
"18057","18","057","Hamilton","06"
"40147","40","147","Washington","06"
"48331","48","331","Milam","06"
"48463","48","463","Uvalde","06"
"49011","49","011","Davis","06"
"34037","34","037","Sussex","06"
"35049","35","049","Santa Fe","06"
"38017","38","017","Cass","06"
"19149","19","149","Plymouth","06"
"20005","20","005","Atchison","06"
"41041","41","041","Lincoln","06"
"21041","21","041","Carroll","06"
"12051","12","051","Hendry","06"
"13223","13","223","Paulding","06"
"38093","38","093","Stutsman","06"
"39001","39","001","Adams","06"
"21081","21","081","Grant","06"
"39145","39","145","Scioto","06"
"26089","26","089","Leelanau","06"
"26117","26","117","Montcalm","06"
"17051","17","051","Fayette","06"
"17105","17","105","Livingston","06"
"26165","26","165","Wexford","06"
"27041","27","041","Douglas","06"
"37183","37","183","Wake","06"
"47099","47","099","Lawrence","06"
"48155","48","155","Foard","06"
"37189","37","189","Watauga","06"
"12111","12","111","St. Lucie","06"
"55073","55","073","Marathon","06"
"18089","18","089","Lake","06"
"18169","18","169","Wabash","06"
"19023","19","023","Butler","06"
"19073","19","073","Greene","06"
"27079","27","079","Le Sueur","06"
"17193","17","193","White","06"
"18115","18","115","Ohio","06"
"20079","20","079","Harvey","06"
"20089","20","089","Jewell","06"
"41059","41","059","Umatilla","06"
"42065","42","065","Jefferson","06"
"45019","45","019","Charleston","06"
"46017","46","017","Buffalo","06"
"49031","49","031","Piute","06"
"51131","51","131","Northampton","06"
"51660","51","660","Harrisonburg","25"
"51840","51","840","Winchester","25"
"36057","36","057","Montgomery","06"
"36107","36","107","Tioga","06"
"20141","20","141","Osborne","06"
"20171","20","171","Scott","06"
"20201","20","201","Washington","06"
"39013","39","013","Belmont","06"
"21111","21","111","Jefferson","06"
"21169","21","169","Metcalfe","06"
"17135","17","135","Montgomery","06"
"48263","48","263","Kent","06"
"39027","39","027","Clinton","06"
"39055","39","055","Geauga","06"
"04011","04","011","Greenlee","06"
"06073","06","073","San Diego","06"
"29047","29","047","Clay","06"
"29075","29","075","Gentry","06"
"29115","29","115","Linn","06"
"19115","19","115","Louisa","06"
"18047","18","047","Franklin","06"
"18101","18","101","Martin","06"
"18157","18","157","Tippecanoe","06"
"19003","19","003","Adams","06"
"28037","28","037","Franklin","06"
"06031","06","031","Kings","06"
"08125","08","125","Yuma","06"
"08081","08","081","Moffat","06"
"08039","08","039","Elbert","06"
"01059","01","059","Franklin","06"
"26001","26","001","Alcona","06"
"19159","19","159","Ringgold","06"
"20011","20","011","Bourbon","06"
"20049","20","049","Elk","06"
"20097","20","097","Kiowa","06"
"28081","28","081","Lee","06"
"28125","28","125","Sharkey","06"
"18129","18","129","Posey","06"
"19057","19","057","Des Moines","06"
"16011","16","011","Bingham","06"
"39065","39","065","Hardin","06"
"46102","46","102","Oglala Lakota","06"
"47071","47","071","Hardin","06"
"48011","48","011","Armstrong","06"
"53003","53","003","Asotin","06"
"54091","54","091","Taylor","06"
"37071","37","071","Gaston","06"
"38047","38","047","Logan","06"
"38075","38","075","Renville","06"
"39105","39","105","Meigs","06"
"39153","39","153","Summit","06"
"21201","21","201","Robertson","06"
"21227","21","227","Warren","06"
"05071","05","071","Johnson","06"
"05129","05","129","Searcy","06"
"08017","08","017","Cheyenne","06"
"01093","01","093","Marion","06"
"47095","47","095","Lake","06"
"47153","47","153","Sequatchie","06"
"55117","55","117","Sheboygan","06"
"40131","40","131","Rogers","06"
"27035","27","035","Crow Wing","06"
"27157","27","157","Wabasha","06"
"47125","47","125","Montgomery","06"
"47179","47","179","Washington","06"
"17195","17","195","Whiteside","06"
"18025","18","025","Crawford","06"
"05135","05","135","Sharp","06"
"01127","01","127","Walker","06"
"55109","55","109","St. Croix","06"
"33001","33","001","Belknap","06"
"46033","46","033","Custer","06"
"48275","48","275","Knox","06"
"35031","35","031","McKinley","06"
"28127","28","127","Simpson","06"
"29043","29","043","Christian","06"
"48049","48","049","Brown","06"
"48077","48","077","Clay","06"
"29003","29","003","Andrew","06"
"29141","29","141","Morgan","06"
"55071","55","071","Manitowoc","06"
"55101","55","101","Racine","06"
"25013","25","013","Hampden","06"
"26069","26","069","Iosco","06"
"19071","19","071","Fremont","06"
"21009","21","009","Barren","06"
"48159","48","159","Franklin","06"
"48209","48","209","Hays","06"
"48299","48","299","Llano","06"
"50005","50","005","Caledonia","06"
"36027","36","027","Dutchess","06"
"36095","36","095","Schoharie","06"
"29177","29","177","Ray","06"
"31149","31","149","Rock","06"
"12127","12","127","Volusia","06"
"25017","25","017","Middlesex","06"
"46119","46","119","Sully","06"
"05027","05","027","Columbia","06"
"31131","31","131","Otoe","06"
"36011","36","011","Cayuga","06"
"09015","09","015","Windham","06"
"12067","12","067","Lafayette","06"
"21047","21","047","Christian","06"
"21143","21","143","Lyon","06"
"51011","51","011","Appomattox","06"
"54077","54","077","Preston","06"
"37005","37","005","Alleghany","06"
"37035","37","035","Catawba","06"
"17169","17","169","Schuyler","06"
"18173","18","173","Warrick","06"
"39015","39","015","Brown","06"
"39071","39","071","Highland","06"
"39097","39","097","Madison","06"
"13045","13","045","Carroll","06"
"13161","13","161","Jeff Davis","06"
"40037","40","037","Creek","06"
"27135","27","135","Roseau","06"
"17023","17","023","Clark","06"
"27153","27","153","Todd","06"
"36015","36","015","Chemung","06"
"37063","37","063","Durham","06"
"37143","37","143","Perquimans","06"
"21185","21","185","Oldham","06"
"22007","22","007","Assumption","15"
"40021","40","021","Cherokee","06"
"46031","46","031","Corson","06"
"47039","47","039","Decatur","06"
"47067","47","067","Hancock","06"
"16065","16","065","Madison","06"
"17011","17","011","Bureau","06"
"28015","28","015","Carroll","06"
"28093","28","093","Marshall","06"
"47017","47","017","Carroll","06"
"51183","51","183","Sussex","06"
"55013","55","013","Burnett","06"
"55041","55","041","Forest","06"
