system:index,ALAND,AWATER,CBSAFP,CLASSFP,COUNTYFP,COUNTYNS,CSAFP,FUNCSTAT,GEOID,INTPTLAT,INTPTLON,LSAD,METDIVFP,MTFCC,NAME,NAMELSAD,STATEFP,sum,.geo
0000000000000000074d,2282893856,22521211,46220,H1,107,00161580,,A,01107,+33.2967933,-088.0968631,06,,G4020,Pickens,Pickens County,01,19365.32549019607,"{""type"":""MultiPoint"",""coordinates"":[]}"
00000000000000000755,1667804584,32525874,46220,H1,065,00161558,,A,01065,+32.7527958,-087.6230608,06,,G4020,Hale,Hale County,01,15003.113725490191,"{""type"":""MultiPoint"",""coordinates"":[]}"
00000000000000000756,3423128150,76596461,46220,H1,125,00161588,,A,01125,+33.2902197,-087.5227834,06,,G4020,Tuscaloosa,Tuscaloosa County,01,13277.211764705882,"{""type"":""MultiPoint"",""coordinates"":[]}"
00000000000000000768,1386379575,34562865,23460,H1,055,00161553,,A,01055,+34.0476407,-086.0342629,06,,G4020,Etowah,Etowah County,01,10698.929411764708,"{""type"":""MultiPoint"",""coordinates"":[]}"
00000000000000000769,1569245419,16568579,11500,H1,015,00161533,,A,01015,+33.7717061,-085.8225133,06,,G4020,Calhoun,Calhoun County,01,6623.0392156862745,"{""type"":""MultiPoint"",""coordinates"":[]}"
00000000000000000776,1601876534,99850740,33860,H1,051,00161551,,A,01051,+32.5972290,-086.1427347,06,,G4020,Elmore,Elmore County,01,13076.654901960785,"{""type"":""MultiPoint"",""coordinates"":[]}"
00000000000000000777,2031491982,40270068,33860,H1,101,00161577,,A,01101,+32.2028812,-086.2044615,06,,G4020,Montgomery,Montgomery County,01,5648.2,"{""type"":""MultiPoint"",""coordinates"":[]}"
0000000000000000077f,2291818680,50864677,21640,H1,005,00161528,,A,01005,+31.8702531,-085.4051035,06,,G4020,Barbour,Barbour County,01,10756.035294117646,"{""type"":""MultiPoint"",""coordinates"":[]}"
00000000000000000786,1740741209,2336975,45980,H1,109,00161581,,A,01109,+31.7986508,-085.9416035,06,,G4020,Pike,Pike County,01,7119.572549019607,"{""type"":""MultiPoint"",""coordinates"":[]}"
0000000000000000078b,1854202171,23721045,33860,H1,085,00161568,,A,01085,+32.1478880,-086.6505859,06,,G4020,Lowndes,Lowndes County,01,10807.27843137255,"{""type"":""MultiPoint"",""coordinates"":[]}"
0000000000000000078c,2534807219,39134809,42820,H1,047,00161549,,A,01047,+32.3335397,-087.1143556,06,,G4020,Dallas,Dallas County,01,20881.53725490196,"{""type"":""MultiPoint"",""coordinates"":[]}"
0000000000000000078d,1539609015,25749942,33860,H1,001,00161526,,A,01001,+32.5322367,-086.6464395,06,,G4020,Autauga,Autauga County,01,10605.360784313725,"{""type"":""MultiPoint"",""coordinates"":[]}"
00000000000000000a83,1729334080,134420924,22520,H1,077,00161564,,A,01077,+34.9041221,-087.6509966,06,,G4020,Lauderdale,Lauderdale County,01,87950.52549019607,"{""type"":""MultiPoint"",""coordinates"":[]}"
00000000000000000a85,1534878514,80030048,22520,H1,033,00161542,,A,01033,+34.7031120,-087.8014569,06,,G4020,Colbert,Colbert County,01,85841.94901960784,"{""type"":""MultiPoint"",""coordinates"":[]}"
0000000000000000075d,2049182057,36258716,13820,H1,127,00161589,142,A,01127,+33.7915581,-087.3010936,06,,G4020,Walker,Walker County,01,1823.1490196078432,"{""type"":""MultiPoint"",""coordinates"":[]}"
0000000000000000075f,1903376541,52118974,18980,H1,043,00161547,142,A,01043,+34.1319229,-086.8692666,06,,G4020,Cullman,Cullman County,01,16978.498039215687,"{""type"":""MultiPoint"",""coordinates"":[]}"
00000000000000000760,1670041875,15077458,13820,H1,009,00161530,142,A,01009,+33.9773575,-086.5664400,06,,G4020,Blount,Blount County,01,12082.654901960785,"{""type"":""MultiPoint"",""coordinates"":[]}"
00000000000000000761,2878224117,32446239,13820,H1,073,00161562,142,A,01073,+33.5534439,-086.8965359,06,,G4020,Jefferson,Jefferson County,01,872.3843137254902,"{""type"":""MultiPoint"",""coordinates"":[]}"
00000000000000000762,1612481559,9287974,13820,H1,007,00161529,142,A,01007,+33.0158929,-087.1271475,06,,G4020,Bibb,Bibb County,01,741.4078431372549,"{""type"":""MultiPoint"",""coordinates"":[]}"
00000000000000000763,2034096244,62561221,13820,H1,117,00161584,142,A,01117,+33.2630428,-086.6780894,06,,G4020,Shelby,Shelby County,01,6593.0,"{""type"":""MultiPoint"",""coordinates"":[]}"
00000000000000000764,1794482896,20586310,13820,H1,021,00161536,142,A,01021,+32.8540514,-086.7266071,06,,G4020,Chilton,Chilton County,01,3250.8274509803923,"{""type"":""MultiPoint"",""coordinates"":[]}"
00000000000000000765,1908244133,60939223,45180,H1,121,00161586,142,A,01121,+33.3693135,-086.1759302,06,,G4020,Talladega,Talladega County,01,22483.662745098038,"{""type"":""MultiPoint"",""coordinates"":[]}"
00000000000000000766,1685891528,39946563,45180,H1,037,00161544,142,A,01037,+32.9314453,-086.2434818,06,,G4020,Coosa,Coosa County,01,348.65098039215684,"{""type"":""MultiPoint"",""coordinates"":[]}"
00000000000000000767,1636625212,56293578,13820,H1,115,00164997,142,A,01115,+33.7129627,-086.3156631,06,,G4020,St. Clair,St. Clair County,01,4105.882352941177,"{""type"":""MultiPoint"",""coordinates"":[]}"
00000000000000000774,1855779800,128809185,10760,H1,123,00161587,142,A,01123,+32.8633694,-085.7995532,06,,G4020,Tallapoosa,Tallapoosa County,01,2281.8470588235296,"{""type"":""MultiPoint"",""coordinates"":[]}"
00000000000000000a6c,2791663803,126657151,42460,H1,071,00161561,174,A,01071,+34.7641140,-085.9800556,06,,G4020,Jackson,Jackson County,01,94280.23529411764,"{""type"":""MultiPoint"",""coordinates"":[]}"
00000000000000000773,1545009121,17048126,46740,H1,017,00161534,194,A,01017,+32.9155039,-085.3940321,06,,G4020,Chambers,Chambers County,01,1021.0,"{""type"":""MultiPoint"",""coordinates"":[]}"
0000000000000000077a,1573552337,21488937,12220,H1,081,00161566,194,A,01081,+32.6040644,-085.3530477,06,,G4020,Lee,Lee County,01,5377.878431372549,"{""type"":""MultiPoint"",""coordinates"":[]}"
0000000000000000077c,1660580843,15637637,17980,H1,113,00161583,194,A,01113,+32.2898113,-085.1869798,06,,G4020,Russell,Russell County,01,10245.33725490196,"{""type"":""MultiPoint"",""coordinates"":[]}"
00000000000000000782,1454926615,16986823,20020,H1,067,00161559,222,A,01067,+31.5169779,-085.2399712,06,,G4020,Henry,Henry County,01,45786.57647058825,"{""type"":""MultiPoint"",""coordinates"":[]}"
00000000000000000785,1453310172,4016457,37120,H1,045,00161548,222,A,01045,+31.4306536,-085.6094760,06,,G4020,Dale,Dale County,01,33073.23529411764,"{""type"":""MultiPoint"",""coordinates"":[]}"
00000000000000000787,1758565487,3907876,21460,H1,031,00161541,222,A,01031,+31.4022580,-085.9896022,06,,G4020,Coffee,Coffee County,01,34708.72156862745,"{""type"":""MultiPoint"",""coordinates"":[]}"
00000000000000000796,1487710770,11765077,20020,H1,061,00161556,222,A,01061,+31.0923933,-085.8210110,06,,G4020,Geneva,Geneva County,01,61986.40784313726,"{""type"":""MultiPoint"",""coordinates"":[]}"
00000000000000000798,1501846955,4691549,20020,H1,069,00161560,222,A,01069,+31.1581928,-085.2963976,06,,G4020,Houston,Houston County,01,59018.639215686286,"{""type"":""MultiPoint"",""coordinates"":[]}"
00000000000000000a6a,2012664315,4121538,22840,H1,049,00161550,290,A,01049,+34.4609290,-085.8039920,06,,G4020,DeKalb,DeKalb County,01,51974.17647058824,"{""type"":""MultiPoint"",""coordinates"":[]}"
00000000000000000a7c,2076157081,28765532,26620,H1,089,00161570,290,A,01089,+34.7642377,-086.5510802,06,,G4020,Madison,Madison County,01,127193.77647058826,"{""type"":""MultiPoint"",""coordinates"":[]}"
00000000000000000a7d,1465524098,148503229,10700,H1,095,00161574,290,A,01095,+34.3095637,-086.3216681,06,,G4020,Marshall,Marshall County,01,32113.423529411764,"{""type"":""MultiPoint"",""coordinates"":[]}"
00000000000000000a7e,1500534814,51006061,19460,H1,103,00161578,290,A,01103,+34.4544844,-086.8464021,06,,G4020,Morgan,Morgan County,01,25928.08235294117,"{""type"":""MultiPoint"",""coordinates"":[]}"
00000000000000000a81,1450236460,122371613,26620,H1,083,00161567,290,A,01083,+34.8102387,-086.9813995,06,,G4020,Limestone,Limestone County,01,83020.16078431373,"{""type"":""MultiPoint"",""coordinates"":[]}"
00000000000000000a82,1788846347,68687359,19460,H1,079,00161565,290,A,01079,+34.5297760,-087.3218651,06,,G4020,Lawrence,Lawrence County,01,107940.50196078431,"{""type"":""MultiPoint"",""coordinates"":[]}"
00000000000000000792,4117584019,1133130502,19300,H1,003,00161527,380,A,01003,+30.6592183,-087.7460666,06,,G4020,Baldwin,Baldwin County,01,75386.26666666666,"{""type"":""MultiPoint"",""coordinates"":[]}"
000000000000000007a3,3184131335,1073840930,33660,H1,097,00161575,380,A,01097,+30.6845725,-088.1965682,06,,G4020,Mobile,Mobile County,01,46634.4431372549,"{""type"":""MultiPoint"",""coordinates"":[]}"
0000000000000000078f,2447747107,20872955,12120,H1,053,00161552,426,A,01053,+31.1222867,-087.1684097,06,,G4020,Escambia,Escambia County,01,67243.98039215685,"{""type"":""MultiPoint"",""coordinates"":[]}"
000000000000000003ca,19019056192,275185416,21820,H1,090,01419969,,A,02090,+64.6923172,-146.6017326,04,,G4020,Fairbanks North Star,Fairbanks North Star Borough,02,0.0,"{""type"":""MultiPoint"",""coordinates"":[]}"
000000000000000003cc,63734270600,1682660537,11260,H1,170,01419976,,A,02170,+62.2790749,-149.6175617,04,,G4020,Matanuska-Susitna,Matanuska-Susitna Borough,02,0.0,"{""type"":""MultiPoint"",""coordinates"":[]}"
000000000000000005ed,6998163331,1429463661,27940,H6,110,01419971,,C,02110,+58.3729099,-134.1784454,03,,G4020,Juneau,Juneau City and Borough,02,0.0,"{""type"":""MultiPoint"",""coordinates"":[]}"
000000000000000005f2,12583212278,4649427959,28540,H1,130,01419973,,A,02130,+55.4499378,-131.1066847,04,,G4020,Ketchikan Gateway,Ketchikan Gateway Borough,02,0.0,"{""type"":""MultiPoint"",""coordinates"":[]}"
0000000000000000065b,4420091935,663038187,11260,H6,020,01416061,,C,02020,+61.1742503,-149.2843294,12,,G4020,Anchorage,Anchorage Municipality,02,0.0,"{""type"":""MultiPoint"",""coordinates"":[]}"
000000000000000004c0,15966175635,137024922,43420,H1,003,00025442,,A,04003,+31.8401287,-109.7751627,06,,G4020,Cochise,Cochise County,04,18654.945098039214,"{""type"":""MultiPoint"",""coordinates"":[]}"
000000000000000004c2,13897482645,22320992,38060,H1,021,00025447,,A,04021,+32.9190383,-111.3670054,06,,G4020,Pinal,Pinal County,04,200426.80000000002,"{""type"":""MultiPoint"",""coordinates"":[]}"
000000000000000004c3,11972750122,47455350,40940,H1,009,00025444,,A,04009,+32.9318277,-109.8783103,06,,G4020,Graham,Graham County,04,35452.0,"{""type"":""MultiPoint"",""coordinates"":[]}"
00000000000000000557,12323144911,97121333,37740,H1,007,00040471,,A,04007,+33.7896177,-110.8118696,06,,G4020,Gila,Gila County,04,11.0,"{""type"":""MultiPoint"",""coordinates"":[]}"
00000000000000000558,25770094276,24078111,43320,H1,017,00042808,,A,04017,+35.3907852,-110.3210248,06,,G4020,Navajo,Navajo County,04,0.0,"{""type"":""MultiPoint"",""coordinates"":[]}"
000000000000000006b6,48222118167,110085802,22380,H1,005,00025443,,A,04005,+35.8296919,-111.7737277,06,,G4020,Coconino,Coconino County,04,0.0,"{""type"":""MultiPoint"",""coordinates"":[]}"
000000000000000006b7,21039796334,11501575,39140,H1,025,00042809,,A,04025,+34.6312117,-112.5773855,06,,G4020,Yavapai,Yavapai County,04,10.0,"{""type"":""MultiPoint"",""coordinates"":[]}"
000000000000000006ba,14281265636,13171316,49740,H1,027,00023901,,A,04027,+32.7739424,-113.9109050,06,,G4020,Yuma,Yuma County,04,39085.07843137255,"{""type"":""MultiPoint"",""coordinates"":[]}"
000000000000000006bb,23825796441,64389075,38060,H1,013,00037026,,A,04013,+33.3465408,-112.4955335,06,,G4020,Maricopa,Maricopa County,04,67024.52156862745,"{""type"":""MultiPoint"",""coordinates"":[]}"
000000000000000006b4,34475567011,387344307,29420,H1,015,00025445,332,A,04015,+35.7177050,-113.7496891,06,,G4020,Mohave,Mohave County,04,12044.0,"{""type"":""MultiPoint"",""coordinates"":[]}"
000000000000000004c1,3203613249,3088046,35700,H1,023,00040472,536,A,04023,+31.5257330,-110.8452278,06,,G4020,Santa Cruz,Santa Cruz County,04,68.0,"{""type"":""MultiPoint"",""coordinates"":[]}"
000000000000000006bc,23794775138,5273054,46060,H1,019,00025446,536,A,04019,+32.1285226,-111.7830267,06,,G4020,Pima,Pima County,04,31719.65882352941,"{""type"":""MultiPoint"",""coordinates"":[]}"
0000000000000000000c,1801659698,82148488,25760,H1,107,00069172,,A,05107,+34.4236874,-090.8555931,06,,G4020,Phillips,Phillips County,05,269910.8941176471,"{""type"":""MultiPoint"",""coordinates"":[]}"
0000000000000000001c,1627973984,9926147,15780,H1,013,00063758,,A,05013,+33.5604604,-092.5138790,06,,G4020,Calhoun,Calhoun County,05,88.0,"{""type"":""MultiPoint"",""coordinates"":[]}"
0000000000000000001e,2691555117,41401587,20980,H1,139,00069903,,A,05139,+33.1682186,-092.5981447,06,,G4020,Union,Union County,05,198.0,"{""type"":""MultiPoint"",""coordinates"":[]}"
00000000000000000033,1984105630,1774699,31620,H1,027,00063761,,A,05027,+33.2230377,-093.2328433,06,,G4020,Columbia,Columbia County,05,51.0,"{""type"":""MultiPoint"",""coordinates"":[]}"
00000000000000000034,1897900176,18050428,15780,H1,103,00069170,,A,05103,+33.5911595,-092.8784155,06,,G4020,Ouachita,Ouachita County,05,80.0,"{""type"":""MultiPoint"",""coordinates"":[]}"
00000000000000000036,2243121980,43395986,11660,H1,019,00066845,,A,05019,+34.0533162,-093.1762085,06,,G4020,Clark,Clark County,05,12728.0,"{""type"":""MultiPoint"",""coordinates"":[]}"
00000000000000000038,1600189573,7257493,26260,H1,099,00069169,,A,05099,+33.6666991,-093.3050716,06,,G4020,Nevada,Nevada County,05,89.0,"{""type"":""MultiPoint"",""coordinates"":[]}"
0000000000000000003b,1884268834,35371745,26260,H1,057,00066858,,A,05057,+33.7286109,-093.6658093,06,,G4020,Hempstead,Hempstead County,05,1796.8862745098038,"{""type"":""MultiPoint"",""coordinates"":[]}"
0000000000000000003c,1620264344,31239262,45500,H1,091,00069166,,A,05091,+33.3055054,-093.9015018,06,,G4020,Miller,Miller County,05,72293.90980392156,"{""type"":""MultiPoint"",""coordinates"":[]}"
0000000000000000003f,1378537696,84199003,45500,H1,081,00066874,,A,05081,+33.6994970,-094.2297741,06,,G4020,Little River,Little River County,05,29517.8862745098,"{""type"":""MultiPoint"",""coordinates"":[]}"
000000000000000001d5,2126136208,5930334,25460,H1,101,00069900,,A,05101,+35.9107424,-093.2158985,06,,G4020,Newton,Newton County,05,3.0,"{""type"":""MultiPoint"",""coordinates"":[]}"
000000000000000001d6,2104507244,47189891,40780,H1,115,00069901,,A,05115,+35.4565570,-093.0268181,06,,G4020,Pope,Pope County,05,11588.0,"{""type"":""MultiPoint"",""coordinates"":[]}"
000000000000000001d7,2409250093,48279611,40780,H1,149,00069908,,A,05149,+34.9977133,-093.4083032,06,,G4020,Yell,Yell County,05,11812.0,"{""type"":""MultiPoint"",""coordinates"":[]}"
000000000000000001de,1435588023,84022332,34260,H1,005,00069895,,A,05005,+36.2807100,-092.3304383,06,,G4020,Baxter,Baxter County,05,60.54117647058823,"{""type"":""MultiPoint"",""coordinates"":[]}"
000000000000000001e1,1528950330,30222243,25460,H1,009,00069897,,A,05009,+36.3043077,-093.0792041,06,,G4020,Boone,Boone County,05,218.0,"{""type"":""MultiPoint"",""coordinates"":[]}"
000000000000000001ef,1978630968,19594201,12900,H1,063,00069163,,A,05063,+35.7374992,-091.5599423,06,,G4020,Independence,Independence County,05,83888.50588235294,"{""type"":""MultiPoint"",""coordinates"":[]}"
000000000000000001ff,2332480068,49826367,14180,H1,093,00069899,,A,05093,+35.7669426,-090.0522086,06,,G4020,Mississippi,Mississippi County,05,434893.0392156863,"{""type"":""MultiPoint"",""coordinates"":[]}"
000000000000000009ef,2439809347,26920590,22220,H1,143,00069905,,A,05143,+35.9712088,-094.2184168,06,,G4020,Washington,Washington County,05,67.0,"{""type"":""MultiPoint"",""coordinates"":[]}"
000000000000000009f0,2194968309,94337637,22220,H1,007,00069896,,A,05007,+36.3378246,-094.2561871,06,,G4020,Benton,Benton County,05,3227.0,"{""type"":""MultiPoint"",""coordinates"":[]}"
000000000000000009f2,2160705760,7320900,22220,H1,087,00069165,,A,05087,+36.0125452,-093.7240531,06,,G4020,Madison,Madison County,05,375.0,"{""type"":""MultiPoint"",""coordinates"":[]}"
000000000000000009f4,1531142472,31122293,22900,H1,033,00069161,,A,05033,+35.5830407,-094.2362241,06,,G4020,Crawford,Crawford County,05,7095.349019607844,"{""type"":""MultiPoint"",""coordinates"":[]}"
000000000000000009f5,1377602528,39692916,22900,H1,131,00069181,,A,05131,+35.1969808,-094.2749889,06,,G4020,Sebastian,Sebastian County,05,3011.737254901961,"{""type"":""MultiPoint"",""coordinates"":[]}"
00000000000000000035,1593379454,18035696,31680,H1,059,00066859,284,A,05059,+34.3151767,-092.9441474,06,,G4020,Hot Spring,Hot Spring County,05,1946.0,"{""type"":""MultiPoint"",""coordinates"":[]}"
00000000000000000037,1755530788,147143529,26300,H1,051,00066855,284,A,05051,+34.5788613,-093.1469148,06,,G4020,Garland,Garland County,05,85.0,"{""type"":""MultiPoint"",""coordinates"":[]}"
000000000000000001f5,1831846795,14089689,27860,H1,031,00066847,308,A,05031,+35.8277285,-090.6314213,06,,G4020,Craighead,Craighead County,05,474065.3372549021,"{""type"":""MultiPoint"",""coordinates"":[]}"
000000000000000001f6,1964145924,13522955,27860,H1,111,00069174,308,A,05111,+35.5688702,-090.6811037,06,,G4020,Poinsett,Poinsett County,05,678273.3725490198,"{""type"":""MultiPoint"",""coordinates"":[]}"
00000000000000000201,1496205814,4789584,37500,H1,055,00066857,308,A,05055,+36.1206072,-090.5663459,06,,G4020,Greene,Greene County,05,285992.8196078433,"{""type"":""MultiPoint"",""coordinates"":[]}"
00000000000000000013,1454438338,27514921,38220,H1,079,00066873,340,A,05079,+33.9576750,-091.7276258,06,,G4020,Lincoln,Lincoln County,05,191814.14117647067,"{""type"":""MultiPoint"",""coordinates"":[]}"
00000000000000000014,2255220501,111446634,38220,H1,069,00066862,340,A,05069,+34.2776955,-091.9307012,06,,G4020,Jefferson,Jefferson County,05,369812.0431372548,"{""type"":""MultiPoint"",""coordinates"":[]}"
00000000000000000016,1996699203,82668369,30780,H1,085,00069164,340,A,05085,+34.7551137,-091.8941320,06,,G4020,Lonoke,Lonoke County,05,426802.356862745,"{""type"":""MultiPoint"",""coordinates"":[]}"
00000000000000000017,1548252554,2500346,38220,H1,025,00063760,340,A,05025,+33.8932006,-092.1887141,06,,G4020,Cleveland,Cleveland County,05,328.0,"{""type"":""MultiPoint"",""coordinates"":[]}"
00000000000000000018,1964693964,127125478,30780,H1,119,00069177,340,A,05119,+34.7703106,-092.3129960,06,,G4020,Pulaski,Pulaski County,05,57760.8392156863,"{""type"":""MultiPoint"",""coordinates"":[]}"
00000000000000000019,1636383570,2897719,30780,H1,053,00066856,340,A,05053,+34.2855683,-092.4229794,06,,G4020,Grant,Grant County,05,1195.0,"{""type"":""MultiPoint"",""coordinates"":[]}"
0000000000000000001a,1874030024,17928133,30780,H1,125,00067102,340,A,05125,+34.6485246,-092.6744630,06,,G4020,Saline,Saline County,05,282.0,"{""type"":""MultiPoint"",""coordinates"":[]}"
000000000000000001d8,1428539951,23229535,30780,H1,105,00069171,340,A,05105,+34.9463629,-092.9268773,06,,G4020,Perry,Perry County,05,5314.0,"{""type"":""MultiPoint"",""coordinates"":[]}"
000000000000000001da,1678085355,41857091,30780,H1,045,00066852,340,A,05045,+35.1462865,-092.3247110,06,,G4020,Faulkner,Faulkner County,05,10685.98431372549,"{""type"":""MultiPoint"",""coordinates"":[]}"
000000000000000001f2,2680890163,18254982,42620,H1,145,00069906,340,A,05145,+35.2551175,-091.7530339,06,,G4020,White,White County,05,103776.66666666669,"{""type"":""MultiPoint"",""coordinates"":[]}"
000000000000000001f8,1644111365,20049932,22620,H1,123,00083331,368,A,05123,+35.0140258,-090.7421378,06,,G4020,St. Francis,St. Francis County,05,306173.87843137264,"{""type"":""MultiPoint"",""coordinates"":[]}"
000000000000000001fa,1580746758,67440988,32820,H1,035,00069162,368,A,05035,+35.2118784,-090.3153314,06,,G4020,Crittenden,Crittenden County,05,226463.55686274517,"{""type"":""MultiPoint"",""coordinates"":[]}"
0000000000000000064e,11761603010,463438616,45000,H1,035,01693324,,A,06035,+40.7210862,-120.6299518,06,,G4020,Lassen,Lassen County,06,3.0,"{""type"":""MultiPoint"",""coordinates"":[]}"
00000000000000000652,2606100217,578760364,18860,H1,015,01682074,,A,06015,+41.7499033,-123.9809983,06,,G4020,Del Norte,Del Norte County,06,0.0,"{""type"":""MultiPoint"",""coordinates"":[]}"
00000000000000000653,9240992572,1254297982,21700,H1,023,01681908,,A,06023,+40.7066731,-123.9258181,06,,G4020,Humboldt,Humboldt County,06,0.0,"{""type"":""MultiPoint"",""coordinates"":[]}"
00000000000000000654,9081421729,962951511,46380,H1,045,00277287,,A,06045,+39.4323876,-123.4428811,06,,G4020,Mendocino,Mendocino County,06,0.0,"{""type"":""MultiPoint"",""coordinates"":[]}"
00000000000000000670,3254288286,188912510,17340,H1,033,00277281,,A,06033,+39.0948019,-122.7467569,06,,G4020,Lake,Lake County,06,0.0,"{""type"":""MultiPoint"",""coordinates"":[]}"
00000000000000000672,4238423343,105325812,17020,H1,007,01675842,,A,06007,+39.6659588,-121.6019188,06,,G4020,Butte,Butte County,06,454.0,"{""type"":""MultiPoint"",""coordinates"":[]}"
0000000000000000067e,8496669426,1270747469,41500,H1,053,00277291,,A,06053,+36.2401070,-121.3155723,06,,G4020,Monterey,Monterey County,06,201.0,"{""type"":""MultiPoint"",""coordinates"":[]}"
00000000000000000687,5752184086,138627184,43760,H1,109,00277319,,A,06109,+38.0214344,-119.9647335,06,,G4020,Tuolumne,Tuolumne County,06,0.0,"{""type"":""MultiPoint"",""coordinates"":[]}"
0000000000000000068b,8548640337,815490673,42020,H1,079,00277304,,A,06079,+35.3852242,-120.4475445,06,,G4020,San Luis Obispo,San Luis Obispo County,06,349.0,"{""type"":""MultiPoint"",""coordinates"":[]}"
000000000000000006ad,21061589620,79574760,12540,H1,029,02054176,,A,06029,+35.3466288,-118.7295064,06,,G4020,Kern,Kern County,06,73893.0,"{""type"":""MultiPoint"",""coordinates"":[]}"
000000000000000006b8,10817291640,790230304,20940,H1,025,00277277,,A,06025,+33.0408143,-115.3554001,06,,G4020,Imperial,Imperial County,06,8314.164705882353,"{""type"":""MultiPoint"",""coordinates"":[]}"
000000000000000006bd,10895149811,826195031,41740,H1,073,00277301,,A,06073,+33.0236041,-116.7761174,06,,G4020,San Diego,San Diego County,06,5.0,"{""type"":""MultiPoint"",""coordinates"":[]}"
000000000000000006be,7084000598,2729814515,42200,H1,083,00277306,,A,06083,+34.5370572,-120.0399729,06,,G4020,Santa Barbara,Santa Barbara County,06,640.0,"{""type"":""MultiPoint"",""coordinates"":[]}"
0000000000000000068a,15433177265,135374444,23420,H1,019,00277274,260,A,06019,+36.7610058,-119.6550193,06,,G4020,Fresno,Fresno County,06,208545.3294117647,"{""type"":""MultiPoint"",""coordinates"":[]}"
0000000000000000068d,5535098260,41957139,31460,H1,039,00277284,260,A,06039,+37.2098213,-119.7498023,06,,G4020,Madera,Madera County,06,3323.6117647058823,"{""type"":""MultiPoint"",""coordinates"":[]}"
000000000000000006ae,51948120575,123845026,40140,H1,071,00277300,348,A,06071,+34.8572198,-116.1811967,06,,G4020,San Bernardino,San Bernardino County,06,19.0,"{""type"":""MultiPoint"",""coordinates"":[]}"
000000000000000006af,10510651024,1794730436,31080,H1,037,00277283,348,A,06037,+34.1963983,-118.2618616,06,31084,G4020,Los Angeles,Los Angeles County,06,0.0,"{""type"":""MultiPoint"",""coordinates"":[]}"
000000000000000006b0,4773390489,945942791,37100,H1,111,00277320,348,A,06111,+34.3587415,-119.1331432,06,,G4020,Ventura,Ventura County,06,12.0,"{""type"":""MultiPoint"",""coordinates"":[]}"
000000000000000006b1,2047702298,407606601,31080,H1,059,00277294,348,A,06059,+33.6756872,-117.7772068,06,11244,G4020,Orange,Orange County,06,0.0,"{""type"":""MultiPoint"",""coordinates"":[]}"
000000000000000006b2,18664206749,250926952,40140,H1,065,00277297,348,A,06065,+33.7298275,-116.0022389,06,,G4020,Riverside,Riverside County,06,7106.129411764706,"{""type"":""MultiPoint"",""coordinates"":[]}"
00000000000000000684,3874642752,46376455,33700,H1,099,00277314,382,A,06099,+37.5623162,-121.0028311,06,,G4020,Stanislaus,Stanislaus County,06,1749.0,"{""type"":""MultiPoint"",""coordinates"":[]}"
00000000000000000688,5012175306,112509475,32900,H1,047,00277288,382,A,06047,+37.1948063,-120.7228019,06,,G4020,Merced,Merced County,06,120101.1294117647,"{""type"":""MultiPoint"",""coordinates"":[]}"
0000000000000000064f,9778179454,186530168,39820,H1,089,01682610,454,A,06089,+40.7605142,-122.0435556,06,,G4020,Shasta,Shasta County,06,1.0,"{""type"":""MultiPoint"",""coordinates"":[]}"
00000000000000000650,7639720404,32276063,39780,H1,103,01692767,454,A,06103,+40.1261561,-122.2322757,06,,G4020,Tehama,Tehama County,06,262.0,"{""type"":""MultiPoint"",""coordinates"":[]}"
00000000000000000674,1560255999,15724974,49700,H1,101,00277315,472,A,06101,+39.0361898,-121.7039397,06,,G4020,Sutter,Sutter County,06,3973.0,"{""type"":""MultiPoint"",""coordinates"":[]}"
00000000000000000675,1636971148,31000614,49700,H1,115,00277322,472,A,06115,+39.2662469,-121.3407809,06,,G4020,Yuba,Yuba County,06,4.0,"{""type"":""MultiPoint"",""coordinates"":[]}"
00000000000000000678,2628256658,22688574,40900,H1,113,00277321,472,A,06113,+38.6795954,-121.9024412,06,,G4020,Yolo,Yolo County,06,1377.0,"{""type"":""MultiPoint"",""coordinates"":[]}"
00000000000000000679,2499183617,76073827,40900,H1,067,00277298,472,A,06067,+38.4500114,-121.3404409,06,,G4020,Sacramento,Sacramento County,06,1.0,"{""type"":""MultiPoint"",""coordinates"":[]}"
0000000000000000069a,2480606160,41513172,46020,H1,057,01682927,472,A,06057,+39.2975082,-120.7713429,06,,G4020,Nevada,Nevada County,06,0.0,"{""type"":""MultiPoint"",""coordinates"":[]}"
0000000000000000069b,3644333049,246486852,40900,H1,061,00277295,472,A,06061,+39.0620323,-120.7227181,06,,G4020,Placer,Placer County,06,0.0,"{""type"":""MultiPoint"",""coordinates"":[]}"
0000000000000000069c,4423349463,203269403,40900,H1,017,00277273,472,A,06017,+38.7855320,-120.5343981,06,,G4020,El Dorado,El Dorado County,06,0.0,"{""type"":""MultiPoint"",""coordinates"":[]}"
0000000000000000066f,4081437574,497508807,42220,H1,097,01657246,488,A,06097,+38.5251824,-122.9261095,06,,G4020,Sonoma,Sonoma County,06,0.0,"{""type"":""MultiPoint"",""coordinates"":[]}"
00000000000000000676,1348061297,796944835,41860,H1,041,00277285,488,A,06041,+38.0518169,-122.7459738,06,42034,G4020,Marin,Marin County,06,0.0,"{""type"":""MultiPoint"",""coordinates"":[]}"
00000000000000000677,1938165958,104249021,34900,H1,055,00277292,488,A,06055,+38.5070999,-122.3259045,06,,G4020,Napa,Napa County,06,0.0,"{""type"":""MultiPoint"",""coordinates"":[]}"
0000000000000000067a,2128380148,218647027,46700,H1,095,00277312,488,A,06095,+38.2672255,-121.9395940,06,,G4020,Solano,Solano County,06,649.0,"{""type"":""MultiPoint"",""coordinates"":[]}"
0000000000000000067b,1871930816,209819213,41860,H1,013,01675903,488,A,06013,+37.9194790,-121.9515431,06,36084,G4020,Contra Costa,Contra Costa County,06,0.0,"{""type"":""MultiPoint"",""coordinates"":[]}"
0000000000000000067c,1914242789,212979931,41860,H1,001,01675839,488,A,06001,+37.6471385,-121.9124880,06,36084,G4020,Alameda,Alameda County,06,0.0,"{""type"":""MultiPoint"",""coordinates"":[]}"
0000000000000000067d,121455687,479136515,41860,H6,075,00277302,488,C,06075,+37.7272391,-123.0322294,06,41884,G4020,San Francisco,San Francisco County,06,0.0,"{""type"":""MultiPoint"",""coordinates"":[]}"
0000000000000000067f,3596755292,4555000,41940,H1,069,00277299,488,A,06069,+36.6107024,-121.0852960,06,,G4020,San Benito,San Benito County,06,71.0,"{""type"":""MultiPoint"",""coordinates"":[]}"
00000000000000000680,1152967330,419570389,42100,H1,087,00277308,488,A,06087,+37.0124883,-122.0072050,06,,G4020,Santa Cruz,Santa Cruz County,06,0.0,"{""type"":""MultiPoint"",""coordinates"":[]}"
00000000000000000681,3344210021,33276429,41940,H1,085,00277307,488,A,06085,+37.2207774,-121.6906224,06,,G4020,Santa Clara,Santa Clara County,06,24.0,"{""type"":""MultiPoint"",""coordinates"":[]}"
00000000000000000682,1161658961,757412213,41860,H1,081,00277305,488,A,06081,+37.4146633,-122.3715451,06,41884,G4020,San Mateo,San Mateo County,06,0.0,"{""type"":""MultiPoint"",""coordinates"":[]}"
00000000000000000683,3606276598,89025932,44700,H1,077,00277303,488,A,06077,+37.9349815,-121.2722440,06,,G4020,San Joaquin,San Joaquin County,06,6.0,"{""type"":""MultiPoint"",""coordinates"":[]}"
0000000000000000068c,3598583450,5468555,25260,H1,031,00277280,546,A,06031,+36.0724780,-119.8155301,06,,G4020,Kings,Kings County,06,332695.8588235294,"{""type"":""MultiPoint"",""coordinates"":[]}"
0000000000000000068e,12495016292,37081410,47300,H1,107,00277318,546,A,06107,+36.2288241,-118.7810610,06,,G4020,Tulare,Tulare County,06,48862.74901960784,"{""type"":""MultiPoint"",""coordinates"":[]}"
00000000000000000539,5508492691,7108817,17820,H1,041,00198135,,A,08041,+38.8273831,-104.5274718,06,,G4020,El Paso,El Paso County,08,0.0,"{""type"":""MultiPoint"",""coordinates"":[]}"
0000000000000000053a,1442734232,4944578,17820,H1,119,00198175,,A,08119,+38.8700232,-105.1873386,06,,G4020,Teller,Teller County,08,0.0,"{""type"":""MultiPoint"",""coordinates"":[]}"
0000000000000000055d,5804023644,4923261,33940,H1,085,00198158,,A,08085,+38.4075069,-108.2662815,06,,G4020,Montrose,Montrose County,08,568.0,"{""type"":""MultiPoint"",""coordinates"":[]}"
0000000000000000055e,8621911414,31428362,24300,H1,077,00198154,,A,08077,+39.0194206,-108.4618935,06,,G4020,Mesa,Mesa County,08,0.0,"{""type"":""MultiPoint"",""coordinates"":[]}"
00000000000000000561,4376514359,25383359,20420,H1,067,00198148,,A,08067,+37.2873673,-107.8397178,06,,G4020,La Plata,La Plata County,08,0.0,"{""type"":""MultiPoint"",""coordinates"":[]}"
00000000000000000593,6724080411,97955155,22660,H1,069,00198150,,A,08069,+40.6580933,-105.4867638,06,,G4020,Larimer,Larimer County,08,3.0,"{""type"":""MultiPoint"",""coordinates"":[]}"
00000000000000000596,1575588239,28287709,14720,H1,117,00198174,,A,08117,+39.6210227,-106.1375545,06,,G4020,Summit,Summit County,08,0.0,"{""type"":""MultiPoint"",""coordinates"":[]}"
00000000000000000883,3316441508,34663099,22820,H1,087,00198159,,A,08087,+40.2631674,-103.8122852,06,,G4020,Morgan,Morgan County,08,117.0,"{""type"":""MultiPoint"",""coordinates"":[]}"
00000000000000000884,4761948003,16363553,44540,H1,075,00198153,,A,08075,+40.7280911,-103.0904639,06,,G4020,Logan,Logan County,08,1211.0,"{""type"":""MultiPoint"",""coordinates"":[]}"
00000000000000000538,4793658887,442148,19740,H1,039,00198136,216,A,08039,+39.3105817,-104.1177288,06,,G4020,Elbert,Elbert County,08,408.0,"{""type"":""MultiPoint"",""coordinates"":[]}"
00000000000000000540,5682170112,43530449,19740,H1,093,00198162,216,A,08093,+39.1189141,-105.7176479,06,,G4020,Park,Park County,08,0.0,"{""type"":""MultiPoint"",""coordinates"":[]}"
00000000000000000594,10326716698,76543505,24540,H1,123,00198177,216,A,08123,+40.5559610,-104.3836660,06,,G4020,Weld,Weld County,08,252.74901960784314,"{""type"":""MultiPoint"",""coordinates"":[]}"
00000000000000000595,1881211993,36590886,14500,H1,013,00198122,216,A,08013,+40.0949699,-105.3976911,06,,G4020,Boulder,Boulder County,08,4.0,"{""type"":""MultiPoint"",""coordinates"":[]}"
00000000000000000597,1023554666,3280482,19740,H1,019,00198125,216,A,08019,+39.6894025,-105.6707833,06,,G4020,Clear Creek,Clear Creek County,08,0.0,"{""type"":""MultiPoint"",""coordinates"":[]}"
00000000000000000598,1979302374,25443077,19740,H1,059,00198145,216,A,08059,+39.5795106,-105.2454623,06,,G4020,Jefferson,Jefferson County,08,0.0,"{""type"":""MultiPoint"",""coordinates"":[]}"
00000000000000000599,2176272717,6752511,19740,H1,035,00198133,216,A,08035,+39.3254140,-104.9259871,06,,G4020,Douglas,Douglas County,08,0.0,"{""type"":""MultiPoint"",""coordinates"":[]}"
0000000000000000059a,2066627495,19498045,19740,H1,005,00198118,216,A,08005,+39.6445537,-104.3317065,06,,G4020,Arapahoe,Arapahoe County,08,3.0,"{""type"":""MultiPoint"",""coordinates"":[]}"
0000000000000000059b,397133930,4225831,19740,H6,031,00198131,216,C,08031,+39.7618502,-104.8811054,06,,G4020,Denver,Denver County,08,0.0,"{""type"":""MultiPoint"",""coordinates"":[]}"
0000000000000000087f,3023271523,41765935,19740,H1,001,00198116,216,A,08001,+39.8743252,-104.3318718,06,,G4020,Adams,Adams County,08,2616.0,"{""type"":""MultiPoint"",""coordinates"":[]}"
00000000000000000880,85478497,1411781,19740,H6,014,01945881,216,C,08014,+39.9533016,-105.0520384,06,,G4020,Broomfield,Broomfield County,08,0.0,"{""type"":""MultiPoint"",""coordinates"":[]}"
00000000000000000881,388228973,942056,19740,H1,047,00198139,216,A,08047,+39.8611555,-105.5288778,06,,G4020,Gilpin,Gilpin County,08,0.0,"{""type"":""MultiPoint"",""coordinates"":[]}"
00000000000000000566,2514104931,6472574,24060,H1,097,00198164,233,A,08097,+39.2173323,-106.9157831,06,,G4020,Pitkin,Pitkin County,08,0.0,"{""type"":""MultiPoint"",""coordinates"":[]}"
00000000000000000568,4362874882,18849997,20780,H1,037,00198134,233,A,08037,+39.6269919,-106.6951694,06,,G4020,Eagle,Eagle County,08,0.0,"{""type"":""MultiPoint"",""coordinates"":[]}"
0000000000000000056a,7634080241,21423704,24060,H1,045,00198138,233,A,08045,+39.5993517,-107.9097802,06,,G4020,Garfield,Garfield County,08,0.0,"{""type"":""MultiPoint"",""coordinates"":[]}"
00000000000000000537,6179900085,30284242,39380,H1,101,00198166,444,A,08101,+38.1706581,-104.4898924,06,,G4020,Pueblo,Pueblo County,08,2.0,"{""type"":""MultiPoint"",""coordinates"":[]}"
0000000000000000053b,3970664556,2235368,15860,H1,043,00198137,444,A,08043,+38.4551696,-105.4249583,06,,G4020,Fremont,Fremont County,08,0.0,"{""type"":""MultiPoint"",""coordinates"":[]}"
0000000000000000056c,6117602778,15831744,44460,H1,107,00198169,525,A,08107,+40.4836638,-106.9877021,06,,G4020,Routt,Routt County,08,0.0,"{""type"":""MultiPoint"",""coordinates"":[]}"
00000000000000000570,12284943876,19803412,18780,H1,081,00198156,525,A,08081,+40.6163576,-108.2110988,06,,G4020,Moffat,Moffat County,08,0.0,"{""type"":""MultiPoint"",""coordinates"":[]}"
00000000000000000793,2409367474,393201915,18880,H1,091,00306915,,A,12091,+30.6658510,-086.5941872,06,,G4020,Okaloosa,Okaloosa County,12,18264.572549019606,"{""type"":""MultiPoint"",""coordinates"":[]}"
00000000000000000794,2687681942,522853411,18880,H1,131,00295727,,A,12131,+30.6312106,-086.1766139,06,,G4020,Walton,Walton County,12,15968.196078431372,"{""type"":""MultiPoint"",""coordinates"":[]}"
0000000000000000079d,1964402055,711451660,37460,H1,005,00295738,,A,12005,+30.2381172,-085.6314303,06,,G4020,Bay,Bay County,12,2539.5686274509803,"{""type"":""MultiPoint"",""coordinates"":[]}"
000000000000000007a0,1433785083,494266609,37460,H1,045,00306917,,A,12045,+29.9072571,-085.2565366,06,,G4020,Gulf,Gulf County,12,376.29411764705884,"{""type"":""MultiPoint"",""coordinates"":[]}"
000000000000000007ad,709121803,865923364,45300,H1,103,00295745,,A,12103,+27.9031220,-082.7395180,06,,G4020,Pinellas,Pinellas County,12,0.0,"{""type"":""MultiPoint"",""coordinates"":[]}"
000000000000000007ae,1936388730,312918997,45300,H1,101,00295739,,A,12101,+28.3074646,-082.4645839,06,,G4020,Pasco,Pasco County,12,0.0,"{""type"":""MultiPoint"",""coordinates"":[]}"
000000000000000007af,1224612184,300943525,45300,H1,053,00295751,,A,12053,+28.5730426,-082.4662272,06,,G4020,Hernando,Hernando County,12,0.0,"{""type"":""MultiPoint"",""coordinates"":[]}"
000000000000000007b0,2642601017,635592710,45300,H1,057,00295757,,A,12057,+27.9066072,-082.3497186,06,,G4020,Hillsborough,Hillsborough County,12,0.0,"{""type"":""MultiPoint"",""coordinates"":[]}"
000000000000000007b5,2545997177,7133387352,28580,H1,087,00295759,,A,12087,+25.6154566,-081.1899714,06,,G4020,Monroe,Monroe County,12,0.0,"{""type"":""MultiPoint"",""coordinates"":[]}"
000000000000000007ba,2994812007,86844519,17500,H1,051,00307626,,A,12051,+26.5399670,-081.1521142,06,,G4020,Hendry,Hendry County,12,0.0,"{""type"":""MultiPoint"",""coordinates"":[]}"
000000000000000007be,2632946297,231658824,42700,H1,055,00295756,,A,12055,+27.3426272,-081.3409213,06,,G4020,Highlands,Highlands County,12,0.0,"{""type"":""MultiPoint"",""coordinates"":[]}"
000000000000000007bf,4653579442,553462052,29460,H1,105,00295747,,A,12105,+27.9531147,-081.6927831,06,,G4020,Polk,Polk County,12,0.0,"{""type"":""MultiPoint"",""coordinates"":[]}"
000000000000000007c1,1651867900,1439673,48100,H1,049,00295746,,A,12049,+27.4928458,-081.8215798,06,,G4020,Hardee,Hardee County,12,0.0,"{""type"":""MultiPoint"",""coordinates"":[]}"
000000000000000007c7,2629853328,1402820790,37340,H1,009,00295749,,A,12009,+28.2983043,-080.7003309,06,,G4020,Brevard,Brevard County,12,0.0,"{""type"":""MultiPoint"",""coordinates"":[]}"
000000000000000007db,4112982359,193293405,36100,H1,083,00306922,,A,12083,+29.2028047,-082.0431004,06,,G4020,Marion,Marion County,12,16.941176470588236,"{""type"":""MultiPoint"",""coordinates"":[]}"
000000000000000007de,1507099402,495590953,26140,H1,017,00295752,,A,12017,+28.8436402,-082.5248099,06,,G4020,Citrus,Citrus County,12,2.0,"{""type"":""MultiPoint"",""coordinates"":[]}"
000000000000000007b4,2030766730,1109263864,15980,H1,071,00295758,162,A,12071,+26.5590348,-081.8919943,06,,G4020,Lee,Lee County,12,0.0,"{""type"":""MultiPoint"",""coordinates"":[]}"
000000000000000007b9,5176791360,793072151,34940,H1,021,00295754,162,A,12021,+26.1187860,-081.4009553,06,,G4020,Collier,Collier County,12,0.0,"{""type"":""MultiPoint"",""coordinates"":[]}"
000000000000000007d9,2266378727,242823267,23540,H1,001,00308548,264,A,12001,+29.6757403,-082.3572210,06,,G4020,Alachua,Alachua County,12,57.0,"{""type"":""MultiPoint"",""coordinates"":[]}"
000000000000000007e0,2065628009,9773963,29380,H1,023,00306909,264,A,12023,+30.2213332,-082.6231676,06,,G4020,Columbia,Columbia County,12,942.0,"{""type"":""MultiPoint"",""coordinates"":[]}"
000000000000000007e1,905705521,14362154,23540,H1,041,00303633,264,A,12041,+29.7234556,-082.7958011,06,,G4020,Gilchrist,Gilchrist County,12,174.0,"{""type"":""MultiPoint"",""coordinates"":[]}"
000000000000000007ca,1555793097,571962797,27260,H1,109,00308371,300,A,12109,+29.8906441,-081.3839483,06,,G4020,St. Johns,St. Johns County,12,0.0,"{""type"":""MultiPoint"",""coordinates"":[]}"
000000000000000007cb,1975214580,403585903,27260,H6,031,00293656,300,C,12031,+30.3352449,-081.6481132,06,,G4020,Duval,Duval County,12,0.0,"{""type"":""MultiPoint"",""coordinates"":[]}"
000000000000000007cc,1679966560,200159166,27260,H1,089,00295730,300,A,12089,+30.6059257,-081.7649287,06,,G4020,Nassau,Nassau County,12,12.0,"{""type"":""MultiPoint"",""coordinates"":[]}"
000000000000000007d5,1515738958,9686120,27260,H1,003,00306920,300,A,12003,+30.3244416,-082.3022838,06,,G4020,Baker,Baker County,12,42.0,"{""type"":""MultiPoint"",""coordinates"":[]}"
000000000000000007d6,1566445255,100334057,27260,H1,019,00295726,300,A,12019,+29.9865835,-081.8650364,06,,G4020,Clay,Clay County,12,0.0,"{""type"":""MultiPoint"",""coordinates"":[]}"
000000000000000007da,1885199309,256516109,37260,H1,107,00306910,300,A,12107,+29.6060059,-081.7408939,06,,G4020,Putnam,Putnam County,12,0.0,"{""type"":""MultiPoint"",""coordinates"":[]}"
000000000000000007b6,4917514829,1379208315,33100,H1,086,00295755,370,A,12086,+25.6105796,-080.4991365,06,33124,G4020,Miami-Dade,Miami-Dade County,12,0.0,"{""type"":""MultiPoint"",""coordinates"":[]}"
000000000000000007b7,3126001968,300067051,33100,H1,011,00295753,370,A,12011,+26.1935353,-080.4766834,06,22744,G4020,Broward,Broward County,12,0.0,"{""type"":""MultiPoint"",""coordinates"":[]}"
000000000000000007b8,5101999314,1070455000,33100,H1,099,00295761,370,A,12099,+26.6491240,-080.4483739,06,48424,G4020,Palm Beach,Palm Beach County,12,0.0,"{""type"":""MultiPoint"",""coordinates"":[]}"
000000000000000007bc,1991451255,318560309,36380,H1,093,00295760,370,A,12093,+27.3855924,-080.8873884,06,,G4020,Okeechobee,Okeechobee County,12,0.0,"{""type"":""MultiPoint"",""coordinates"":[]}"
000000000000000007bd,1408245189,542261632,38940,H1,085,00308550,370,A,12085,+27.0836036,-080.3982011,06,,G4020,Martin,Martin County,12,0.0,"{""type"":""MultiPoint"",""coordinates"":[]}"
000000000000000007c6,1302197701,295585011,42680,H1,061,00307624,370,A,12061,+27.7005283,-080.5747894,06,,G4020,Indian River,Indian River County,12,0.0,"{""type"":""MultiPoint"",""coordinates"":[]}"
000000000000000007c8,1480637152,300863100,38940,H1,111,00308372,370,A,12111,+27.3798120,-080.4435373,06,,G4020,St. Lucie,St. Lucie County,12,0.0,"{""type"":""MultiPoint"",""coordinates"":[]}"
000000000000000007b1,1924766330,387447446,35840,H1,081,00295744,412,A,12081,+27.4816825,-082.3687669,06,,G4020,Manatee,Manatee County,12,0.0,"{""type"":""MultiPoint"",""coordinates"":[]}"
000000000000000007b2,1439490288,438988298,35840,H1,115,00295741,412,A,12115,+27.1843855,-082.3658351,06,,G4020,Sarasota,Sarasota County,12,0.0,"{""type"":""MultiPoint"",""coordinates"":[]}"
000000000000000007b3,1764104250,458735965,39460,H1,015,00295742,412,A,12015,+26.8689328,-081.9410769,06,,G4020,Charlotte,Charlotte County,12,0.0,"{""type"":""MultiPoint"",""coordinates"":[]}"
000000000000000007c0,1649978040,6247257,11580,H1,027,00294452,412,A,12027,+27.1905809,-081.8062531,06,,G4020,DeSoto,DeSoto County,12,0.0,"{""type"":""MultiPoint"",""coordinates"":[]}"
000000000000000007c2,1418393423,83347578,45540,H1,119,00295740,422,A,12119,+28.7143099,-082.0747031,06,,G4020,Sumter,Sumter County,12,0.0,"{""type"":""MultiPoint"",""coordinates"":[]}"
000000000000000007c3,2436857504,559656978,36740,H1,069,00308551,422,A,12069,+28.7641128,-081.7122822,06,,G4020,Lake,Lake County,12,0.0,"{""type"":""MultiPoint"",""coordinates"":[]}"
000000000000000007c4,3438635835,461982752,36740,H1,097,00295748,422,A,12097,+28.0590267,-081.1393116,06,,G4020,Osceola,Osceola County,12,0.0,"{""type"":""MultiPoint"",""coordinates"":[]}"
000000000000000007c5,2339574597,258804996,36740,H1,095,00295750,422,A,12095,+28.5144350,-081.3232950,06,,G4020,Orange,Orange County,12,0.0,"{""type"":""MultiPoint"",""coordinates"":[]}"
000000000000000007c9,2852040536,857943035,19660,H1,127,00306921,422,A,12127,+29.0577690,-081.1617920,06,,G4020,Volusia,Volusia County,12,0.0,"{""type"":""MultiPoint"",""coordinates"":[]}"
000000000000000007dc,1257365642,221047161,19660,H1,035,00308547,422,A,12035,+29.4749121,-081.2863054,06,,G4020,Flagler,Flagler County,12,0.0,"{""type"":""MultiPoint"",""coordinates"":[]}"
000000000000000007dd,801548741,92787591,36740,H1,117,00303665,422,A,12117,+28.6900918,-081.1319894,06,,G4020,Seminole,Seminole County,12,0.0,"{""type"":""MultiPoint"",""coordinates"":[]}"
00000000000000000790,2620446204,419623254,37860,H1,113,00306914,426,A,12113,+30.7018378,-087.0127623,06,,G4020,Santa Rosa,Santa Rosa County,12,67723.67450980391,"{""type"":""MultiPoint"",""coordinates"":[]}"
00000000000000000791,1701332835,564141187,37860,H1,033,00295737,426,A,12033,+30.6116382,-087.3388996,06,,G4020,Escambia,Escambia County,12,28036.545098039223,"{""type"":""MultiPoint"",""coordinates"":[]}"
000000000000000007e6,1570625278,334901690,45220,H1,129,00306912,533,A,12129,+30.1403575,-084.3751122,06,,G4020,Wakulla,Wakulla County,12,52.0,"{""type"":""MultiPoint"",""coordinates"":[]}"
000000000000000007e7,1549056457,99567329,45220,H1,065,00295733,533,A,12065,+30.4245577,-083.8908594,06,,G4020,Jefferson,Jefferson County,12,6578.513725490196,"{""type"":""MultiPoint"",""coordinates"":[]}"
000000000000000007eb,1727171525,90453994,45220,H1,073,00306916,533,A,12073,+30.4593104,-084.2778004,06,,G4020,Leon,Leon County,12,1156.9725490196079,"{""type"":""MultiPoint"",""coordinates"":[]}"
000000000000000007ed,1337193228,31687293,45220,H1,039,00306918,533,A,12039,+30.5786866,-084.6126072,06,,G4020,Gadsden,Gadsden County,12,7610.745098039215,"{""type"":""MultiPoint"",""coordinates"":[]}"
00000000000000000781,391703078,24158294,21640,H6,239,00350547,,C,13239,+31.8629478,-085.0048013,06,,G4020,Quitman,Quitman County,13,1278.8627450980393,"{""type"":""MultiPoint"",""coordinates"":[]}"
000000000000000007cd,1087272602,428512266,15260,H1,127,01671513,,A,13127,+31.2127465,-081.4965167,06,,G4020,Glynn,Glynn County,13,102.0,"{""type"":""MultiPoint"",""coordinates"":[]}"
000000000000000007cf,1099051830,387326537,15260,H1,191,00356886,,A,13191,+31.4885923,-081.3724597,06,,G4020,McIntosh,McIntosh County,13,21.0,"{""type"":""MultiPoint"",""coordinates"":[]}"
000000000000000007d0,1145716262,12532588,15260,H1,025,00351605,,A,13025,+31.1973339,-081.9829779,06,,G4020,Brantley,Brantley County,13,5351.007843137255,"{""type"":""MultiPoint"",""coordinates"":[]}"
000000000000000007d1,1662237979,18136147,27700,H1,305,00350608,,A,13305,+31.5478449,-081.9123763,06,,G4020,Wayne,Wayne County,13,26703.843137254902,"{""type"":""MultiPoint"",""coordinates"":[]}"
000000000000000007d3,881051115,7910038,48180,H1,229,00349086,,A,13229,+31.3539879,-082.2104267,06,,G4020,Pierce,Pierce County,13,34071.42352941177,"{""type"":""MultiPoint"",""coordinates"":[]}"
000000000000000007d4,2312572274,39103677,48180,H1,299,00357722,,A,13299,+31.0508810,-082.4215072,06,,G4020,Ware,Ware County,13,25832.541176470593,"{""type"":""MultiPoint"",""coordinates"":[]}"
000000000000000007e9,1277108508,12188514,46660,H1,027,00345518,,A,13027,+30.8229337,-083.5819054,06,,G4020,Brooks,Brooks County,13,68827.60784313726,"{""type"":""MultiPoint"",""coordinates"":[]}"
000000000000000007ea,1410511577,19726755,45620,H1,275,00343835,,A,13275,+30.8646064,-083.9198196,06,,G4020,Thomas,Thomas County,13,61035.10980392157,"{""type"":""MultiPoint"",""coordinates"":[]}"
000000000000000007f0,885634006,18630031,10500,H1,007,00342832,,A,13007,+31.3195798,-084.4548812,06,,G4020,Baker,Baker County,13,41622.180392156864,"{""type"":""MultiPoint"",""coordinates"":[]}"
000000000000000007f3,851140302,15396056,10500,H1,095,00351259,,A,13095,+31.5325876,-084.2090400,06,,G4020,Dougherty,Dougherty County,13,16072.823529411766,"{""type"":""MultiPoint"",""coordinates"":[]}"
000000000000000007f4,1478123914,10485470,10500,H1,321,00343365,,A,13321,+31.5517733,-083.8499598,06,,G4020,Worth,Worth County,13,118956.11372549018,"{""type"":""MultiPoint"",""coordinates"":[]}"
000000000000000007f5,1416686381,25002138,34220,H1,071,00343936,,A,13071,+31.1897575,-083.7697405,06,,G4020,Colquitt,Colquitt County,13,86662.77254901962,"{""type"":""MultiPoint"",""coordinates"":[]}"
000000000000000007f6,675665505,20495108,45700,H1,277,00344090,,A,13277,+31.4570027,-083.5259307,06,,G4020,Tift,Tift County,13,58918.552941176466,"{""type"":""MultiPoint"",""coordinates"":[]}"
000000000000000007fa,1490402085,70454813,20060,H1,069,00347456,,A,13069,+31.5492446,-082.8449381,06,,G4020,Coffee,Coffee County,13,102781.54117647061,"{""type"":""MultiPoint"",""coordinates"":[]}"
000000000000000007fb,479903182,37546562,46660,H1,173,00348102,,A,13173,+31.0381973,-083.0631635,06,,G4020,Lanier,Lanier County,13,17726.858823529412,"{""type"":""MultiPoint"",""coordinates"":[]}"
000000000000000007fd,1284858630,37525413,46660,H1,185,00326720,,A,13185,+30.8331273,-083.2689923,06,,G4020,Lowndes,Lowndes County,13,26113.909803921568,"{""type"":""MultiPoint"",""coordinates"":[]}"
000000000000000007fe,1074571646,15087403,46660,H6,101,00348092,,N,13101,+30.7085000,-082.8361320,06,,G4020,Echols,Echols County,13,5023.180392156863,"{""type"":""MultiPoint"",""coordinates"":[]}"
00000000000000000806,620370460,13383238,47080,H1,209,00352276,,A,13209,+32.1721081,-082.5333487,06,,G4020,Montgomery,Montgomery County,13,15213.098039215687,"{""type"":""MultiPoint"",""coordinates"":[]}"
00000000000000000807,942770567,18093855,47080,H1,279,00345220,,A,13279,+32.1266975,-082.3320708,06,,G4020,Toombs,Toombs County,13,22307.023529411767,"{""type"":""MultiPoint"",""coordinates"":[]}"
0000000000000000080c,2141835935,20758799,12260,H1,033,00347944,,A,13033,+33.0508189,-082.0115709,06,,G4020,Burke,Burke County,13,105003.19607843137,"{""type"":""MultiPoint"",""coordinates"":[]}"
0000000000000000080e,784793325,9278537,20140,H1,167,00346664,,A,13167,+32.6945842,-082.6639696,06,,G4020,Johnson,Johnson County,13,12965.560784313726,"{""type"":""MultiPoint"",""coordinates"":[]}"
00000000000000000810,2090902574,28925938,20140,H1,175,00346568,,A,13175,+32.3932197,-082.9263171,06,,G4020,Laurens,Laurens County,13,27188.827450980392,"{""type"":""MultiPoint"",""coordinates"":[]}"
0000000000000000081a,647809457,9807028,22340,H1,017,00351606,,A,13017,+31.7407755,-083.1471898,06,,G4020,Ben Hill,Ben Hill County,13,25959.866666666665,"{""type"":""MultiPoint"",""coordinates"":[]}"
0000000000000000081c,706002618,21657691,18380,H1,081,00351607,,A,13081,+31.9151491,-083.7535313,06,,G4020,Crisp,Crisp County,13,52399.53725490196,"{""type"":""MultiPoint"",""coordinates"":[]}"
0000000000000000081e,1250171323,25796111,11140,H1,261,00343504,,A,13261,+32.0421975,-084.2042602,06,,G4020,Sumter,Sumter County,13,56966.81568627451,"{""type"":""MultiPoint"",""coordinates"":[]}"
0000000000000000081f,921722909,15318763,10500,H1,177,00343390,,A,13177,+31.8184185,-084.1466814,06,,G4020,Lee,Lee County,13,40057.16470588236,"{""type"":""MultiPoint"",""coordinates"":[]}"
00000000000000000821,432284456,2376387,11140,H1,249,00344129,,A,13249,+32.2634410,-084.3227238,06,,G4020,Schley,Schley County,13,3099.0235294117647,"{""type"":""MultiPoint"",""coordinates"":[]}"
00000000000000000822,868785320,5861795,10500,H1,273,00352238,,A,13273,+31.7771909,-084.4394464,06,,G4020,Terrell,Terrell County,13,36092.7137254902,"{""type"":""MultiPoint"",""coordinates"":[]}"
00000000000000000849,1220058032,17479750,33300,H1,141,00348209,,A,13141,+33.2692195,-083.0004653,06,,G4020,Hancock,Hancock County,13,177.36470588235295,"{""type"":""MultiPoint"",""coordinates"":[]}"
0000000000000000084a,669822351,25008172,33300,H1,009,00345255,,A,13009,+33.0594897,-083.2554566,06,,G4020,Baldwin,Baldwin County,13,222.09019607843138,"{""type"":""MultiPoint"",""coordinates"":[]}"
0000000000000000084c,666816637,23116292,12260,H1,189,00348794,,A,13189,+33.4824637,-082.4731880,06,,G4020,McDuffie,McDuffie County,13,1433.6156862745097,"{""type"":""MultiPoint"",""coordinates"":[]}"
0000000000000000084e,840008393,11042219,12260,H6,245,00358024,,C,13245,+33.3614870,-082.0749983,06,,G4020,Richmond,Richmond County,13,4557.1882352941175,"{""type"":""MultiPoint"",""coordinates"":[]}"
0000000000000000084f,751327581,45369171,12260,H1,073,00348865,,A,13073,+33.5476313,-082.2522957,06,,G4020,Columbia,Columbia County,13,981.3764705882353,"{""type"":""MultiPoint"",""coordinates"":[]}"
00000000000000000850,544880787,121516946,12260,H1,181,01688000,,A,13181,+33.7921507,-082.4482992,06,,G4020,Lincoln,Lincoln County,13,129.0,"{""type"":""MultiPoint"",""coordinates"":[]}"
00000000000000000a22,463948063,13121983,45740,H1,257,00350028,,A,13257,+34.5529139,-083.2902156,06,,G4020,Stephens,Stephens County,13,226.36470588235295,"{""type"":""MultiPoint"",""coordinates"":[]}"
00000000000000000a24,716754762,5917259,18460,H1,137,00351383,,A,13137,+34.6343924,-083.5258749,06,,G4020,Habersham,Habersham County,13,124.0,"{""type"":""MultiPoint"",""coordinates"":[]}"
0000000000000000076b,803772833,4667496,16340,H1,233,00343585,122,A,13233,+33.9960153,-085.1883384,06,,G4020,Polk,Polk County,13,5877.9607843137255,"{""type"":""MultiPoint"",""coordinates"":[]}"
00000000000000000772,1072232630,82803338,29300,H1,285,01673298,122,A,13285,+33.0344820,-085.0283600,06,,G4020,Troup,Troup County,13,57.0,"{""type"":""MultiPoint"",""coordinates"":[]}"
00000000000000000828,837696990,10663279,45580,H1,293,00346759,122,A,13293,+32.8818366,-084.2922810,06,,G4020,Upson,Upson County,13,470.03921568627453,"{""type"":""MultiPoint"",""coordinates"":[]}"
0000000000000000083f,477395753,5305707,12020,H1,219,00356774,122,A,13219,+33.8341247,-083.4377284,06,,G4020,Oconee,Oconee County,13,1727.3019607843137,"{""type"":""MultiPoint"",""coordinates"":[]}"
00000000000000000840,879716843,8906081,27600,H1,157,00349570,122,A,13157,+34.1309009,-083.5625454,06,,G4020,Jackson,Jackson County,13,632.7843137254902,"{""type"":""MultiPoint"",""coordinates"":[]}"
00000000000000000841,308738452,4741286,12020,H6,059,01672699,122,C,13059,+33.9521852,-083.3671522,06,,G4020,Clarke,Clarke County,13,539.2313725490196,"{""type"":""MultiPoint"",""coordinates"":[]}"
00000000000000000842,731184844,8484618,12020,H1,195,01688004,122,A,13195,+34.1285257,-083.2037373,06,,G4020,Madison,Madison County,13,1299.4745098039216,"{""type"":""MultiPoint"",""coordinates"":[]}"
00000000000000000843,1137034041,7839366,12020,H1,221,00351262,122,A,13221,+33.8668062,-083.0740805,06,,G4020,Oglethorpe,Oglethorpe County,13,2532.7568627450983,"{""type"":""MultiPoint"",""coordinates"":[]}"
00000000000000000a5e,1017306117,94561948,23580,H1,139,01686953,122,A,13139,+34.3175876,-083.8184973,06,,G4020,Hall,Hall County,13,247.1921568627451,"{""type"":""MultiPoint"",""coordinates"":[]}"
00000000000000000a64,921538730,5787828,15660,H1,129,00356672,122,A,13129,+34.5096669,-084.8738622,06,,G4020,Gordon,Gordon County,13,9226.882352941175,"{""type"":""MultiPoint"",""coordinates"":[]}"
00000000000000000a62,892236349,5719645,19140,H1,213,01688005,174,A,13213,+34.7970974,-084.7379899,06,,G4020,Murray,Murray County,13,7565.341176470588,"{""type"":""MultiPoint"",""coordinates"":[]}"
00000000000000000a63,752293529,1533754,19140,H1,313,00353513,174,A,13313,+34.8017261,-084.9685410,06,,G4020,Whitfield,Whitfield County,13,1825.4784313725488,"{""type"":""MultiPoint"",""coordinates"":[]}"
00000000000000000a67,1156146017,1672676,16860,H1,295,00354216,174,A,13295,+34.7358269,-085.3053852,06,,G4020,Walker,Walker County,13,2923.2666666666664,"{""type"":""MultiPoint"",""coordinates"":[]}"
00000000000000000a6b,450605326,467844,16860,H1,083,00347465,174,A,13083,+34.8524237,-085.5062006,06,,G4020,Dade,Dade County,13,323.0392156862745,"{""type"":""MultiPoint"",""coordinates"":[]}"
00000000000000000a6f,419999432,771159,16860,H1,047,00353230,174,A,13047,+34.9002176,-085.1393857,06,,G4020,Catoosa,Catoosa County,13,397.83921568627454,"{""type"":""MultiPoint"",""coordinates"":[]}"
0000000000000000077b,1201462484,23488475,17980,H1,145,00326700,194,A,13145,+32.7315494,-084.9124320,06,,G4020,Harris,Harris County,13,4.0,"{""type"":""MultiPoint"",""coordinates"":[]}"
0000000000000000077d,560530243,11873622,17980,H6,215,00357428,194,C,13215,+32.5101970,-084.8749460,06,,G4020,Muscogee,Muscogee County,13,6.0,"{""type"":""MultiPoint"",""coordinates"":[]}"
0000000000000000077e,644222671,6292704,17980,H6,053,00351012,194,C,13053,+32.3474454,-084.7880206,06,,G4020,Chattahoochee,Chattahoochee County,13,15.0,"{""type"":""MultiPoint"",""coordinates"":[]}"
00000000000000000824,947978206,3791374,17980,H1,197,00344107,194,A,13197,+32.3595381,-084.5295606,06,,G4020,Marion,Marion County,13,4708.988235294118,"{""type"":""MultiPoint"",""coordinates"":[]}"
000000000000000007ce,1588171680,436845085,41220,H1,039,01671316,300,A,13039,+30.9133473,-081.6420006,06,,G4020,Camden,Camden County,13,70.00392156862745,"{""type"":""MultiPoint"",""coordinates"":[]}"
00000000000000000813,928284540,10933791,31420,H1,289,00345456,356,A,13289,+32.6658469,-083.4258792,06,,G4020,Twiggs,Twiggs County,13,12326.8,"{""type"":""MultiPoint"",""coordinates"":[]}"
00000000000000000814,1020291685,3832666,31420,H1,169,00345367,356,A,13169,+33.0202261,-083.5623393,06,,G4020,Jones,Jones County,13,94.0,"{""type"":""MultiPoint"",""coordinates"":[]}"
00000000000000000815,645714766,14488557,31420,H6,021,01672039,356,C,13021,+32.8088443,-083.6941934,06,,G4020,Bibb,Bibb County,13,1232.0,"{""type"":""MultiPoint"",""coordinates"":[]}"
00000000000000000816,972671938,11318719,47580,H1,153,01671693,356,A,13153,+32.4583811,-083.6628559,06,,G4020,Houston,Houston County,13,25202.70980392157,"{""type"":""MultiPoint"",""coordinates"":[]}"
00000000000000000817,645061947,5560186,47580,H1,235,00347593,356,A,13235,+32.2387936,-083.4818548,06,,G4020,Pulaski,Pulaski County,13,45746.29411764706,"{""type"":""MultiPoint"",""coordinates"":[]}"
00000000000000000829,841521481,3989504,31420,H1,079,00342918,356,A,13079,+32.7094283,-083.9791874,06,,G4020,Crawford,Crawford County,13,4142.376470588235,"{""type"":""MultiPoint"",""coordinates"":[]}"
0000000000000000082a,1025912893,5603382,31420,H1,207,00343073,356,A,13207,+33.0174352,-083.9229376,06,,G4020,Monroe,Monroe County,13,736.086274509804,"{""type"":""MultiPoint"",""coordinates"":[]}"
0000000000000000082c,389190214,2676569,47580,H1,225,00343153,356,A,13225,+32.5713241,-083.8319779,06,,G4020,Peach,Peach County,13,6949.47450980392,"{""type"":""MultiPoint"",""coordinates"":[]}"
00000000000000000a66,1320695431,22123140,40660,H1,115,00353665,470,A,13115,+34.2636843,-085.2136540,06,,G4020,Floyd,Floyd County,13,10074.717647058824,"{""type"":""MultiPoint"",""coordinates"":[]}"
00000000000000000a68,811512405,570806,44900,H1,055,00352213,470,A,13055,+34.4741785,-085.3452894,06,,G4020,Chattooga,Chattooga County,13,4757.556862745099,"{""type"":""MultiPoint"",""coordinates"":[]}"
0000000000000000085f,1743181436,40350113,44340,H1,031,00350302,496,A,13031,+32.3917111,-081.7440210,06,,G4020,Bulloch,Bulloch County,13,88865.33333333333,"{""type"":""MultiPoint"",""coordinates"":[]}"
00000000000000000860,1237247938,13536095,42340,H1,103,00350219,496,A,13103,+32.3617106,-081.3433367,06,,G4020,Effingham,Effingham County,13,13452.592156862745,"{""type"":""MultiPoint"",""coordinates"":[]}"
00000000000000000861,1130181818,46853691,42340,H1,029,00350496,496,A,13029,+32.0179692,-081.4385431,06,,G4020,Bryan,Bryan County,13,1975.4509803921571,"{""type"":""MultiPoint"",""coordinates"":[]}"
00000000000000000862,1337285572,223252816,25980,H1,179,00357095,496,A,13179,+31.8074577,-081.4578706,06,,G4020,Liberty,Liberty County,13,341.12549019607843,"{""type"":""MultiPoint"",""coordinates"":[]}"
00000000000000000864,1037095172,8776467,25980,H1,183,00326719,496,A,13183,+31.7495633,-081.7428697,06,,G4020,Long,Long County,13,2191.4117647058824,"{""type"":""MultiPoint"",""coordinates"":[]}"
00000000000000000865,1111258870,526292292,42340,H1,051,01694477,496,A,13051,+31.9804101,-081.0851959,06,,G4020,Chatham,Chatham County,13,678.6196078431373,"{""type"":""MultiPoint"",""coordinates"":[]}"
000000000000000007ee,1546584748,67412755,12460,H1,087,00352234,533,A,13087,+30.8806553,-084.5841442,06,,G4020,Decatur,Decatur County,13,90311.65490196076,"{""type"":""MultiPoint"",""coordinates"":[]}"
0000000000000000066a,10433637858,2739470030,25900,H1,001,00365280,,A,15001,+19.5977643,-155.5024434,06,,G4020,Hawaii,Hawaii County,15,0.0,"{""type"":""MultiPoint"",""coordinates"":[]}"
0000000000000000066b,3008351217,3203291851,27980,H1,009,00365283,,A,15009,+20.8559308,-156.6015502,06,,G4020,Maui,Maui County,15,0.0,"{""type"":""MultiPoint"",""coordinates"":[]}"
0000000000000000066c,1555561841,4054927822,46520,H6,003,00365281,,A,15003,+21.4613654,-158.2019740,06,,G4020,Honolulu,Honolulu County,15,0.0,"{""type"":""MultiPoint"",""coordinates"":[]}"
0000000000000000066d,1605492336,1674244223,28180,H1,007,00365282,,A,15007,+22.0120383,-159.7059653,06,,G4020,Kauai,Kauai County,15,0.0,"{""type"":""MultiPoint"",""coordinates"":[]}"
0000000000000000066e,31057603,105764468,27980,H4,005,01702380,,G,15005,+21.2187644,-156.9740097,06,,G4020,Kalawao,Kalawao County,15,0.0,"{""type"":""MultiPoint"",""coordinates"":[]}"
00000000000000000586,1717722680,12152708,30860,H1,041,00395585,,A,16041,+42.1736093,-111.8229653,06,,G4020,Franklin,Franklin County,16,0.0,"{""type"":""MultiPoint"",""coordinates"":[]}"
000000000000000005c3,1163374555,2860139,27220,H1,081,00399297,,A,16081,+43.7609939,-111.2117653,06,,G4020,Teton,Teton County,16,0.0,"{""type"":""MultiPoint"",""coordinates"":[]}"
000000000000000005cb,2881283705,92111044,38540,H1,005,00395091,,A,16005,+42.6929211,-112.2289819,06,,G4020,Bannock,Bannock County,16,0.0,"{""type"":""MultiPoint"",""coordinates"":[]}"
000000000000000005cd,6831452199,44656297,25200,H1,013,00395696,,A,16013,+43.3941920,-113.9553713,06,,G4020,Blaine,Blaine County,16,0.0,"{""type"":""MultiPoint"",""coordinates"":[]}"
000000000000000005e1,4488456904,479483844,41760,H1,017,00395158,,A,16017,+48.3246338,-116.6274429,06,,G4020,Bonner,Bonner County,16,0.0,"{""type"":""MultiPoint"",""coordinates"":[]}"
00000000000000000622,2197058283,21356786,30300,H1,069,00399394,,A,16069,+46.3337914,-116.7609091,06,,G4020,Nez Perce,Nez Perce County,16,0.0,"{""type"":""MultiPoint"",""coordinates"":[]}"
00000000000000000631,2782253888,11548052,25200,H1,025,00399408,,A,16025,+43.5027333,-114.7720663,06,,G4020,Camas,Camas County,16,0.0,"{""type"":""MultiPoint"",""coordinates"":[]}"
00000000000000000632,3111623322,11607293,25200,H1,063,00395624,,A,16063,+42.9861805,-114.1538989,06,,G4020,Lincoln,Lincoln County,16,2.0,"{""type"":""MultiPoint"",""coordinates"":[]}"
00000000000000000633,1961126673,13928335,15420,H1,067,00394807,,A,16067,+42.8572114,-113.6398404,06,,G4020,Minidoka,Minidoka County,16,0.0,"{""type"":""MultiPoint"",""coordinates"":[]}"
00000000000000000634,6644895851,39160597,15420,H1,031,00395698,,A,16031,+42.2823130,-113.6263276,06,,G4020,Cassia,Cassia County,16,0.0,"{""type"":""MultiPoint"",""coordinates"":[]}"
00000000000000000635,1546738019,12894616,46300,H1,053,00395662,,A,16053,+42.6913953,-114.2620858,06,,G4020,Jerome,Jerome County,16,35.0,"{""type"":""MultiPoint"",""coordinates"":[]}"
0000000000000000087c,4977343860,18198321,46300,H1,083,00399334,,A,16083,+42.3523090,-114.6656386,06,,G4020,Twin Falls,Twin Falls County,16,0.0,"{""type"":""MultiPoint"",""coordinates"":[]}"
0000000000000000062e,1449853967,12434158,14260,H1,045,00395442,147,A,16045,+44.0614727,-116.3987839,06,,G4020,Gem,Gem County,16,0.0,"{""type"":""MultiPoint"",""coordinates"":[]}"
0000000000000000062f,4919835728,19095788,14260,H1,015,00395157,147,A,16015,+43.9872749,-115.7151105,06,,G4020,Boise,Boise County,16,0.0,"{""type"":""MultiPoint"",""coordinates"":[]}"
00000000000000000630,7964175400,68571093,34300,H1,039,00400252,147,A,16039,+43.3946984,-115.4712050,06,,G4020,Elmore,Elmore County,16,0.0,"{""type"":""MultiPoint"",""coordinates"":[]}"
00000000000000000636,2726012203,20852173,14260,H1,001,00395066,147,A,16001,+43.4514767,-116.2443760,06,,G4020,Ada,Ada County,16,0.0,"{""type"":""MultiPoint"",""coordinates"":[]}"
00000000000000000637,1521351432,42217311,14260,H1,027,00399406,147,A,16027,+43.6230509,-116.7085267,06,,G4020,Canyon,Canyon County,16,0.0,"{""type"":""MultiPoint"",""coordinates"":[]}"
00000000000000000638,1053857317,8870732,36620,H1,075,00394896,147,A,16075,+44.0024300,-116.7502379,06,,G4020,Payette,Payette County,16,0.0,"{""type"":""MultiPoint"",""coordinates"":[]}"
0000000000000000087e,19854835136,79852114,14260,H1,073,00399760,147,A,16073,+42.5728508,-116.1896903,06,,G4020,Owyhee,Owyhee County,16,0.0,"{""type"":""MultiPoint"",""coordinates"":[]}"
000000000000000005c0,4827286016,83292561,39940,H1,043,00395408,292,A,16043,+44.2180909,-111.4844290,06,,G4020,Fremont,Fremont County,16,0.0,"{""type"":""MultiPoint"",""coordinates"":[]}"
000000000000000005c5,4832780842,88947134,26820,H1,019,00395407,292,A,16019,+43.3951708,-111.6218783,06,,G4020,Bonneville,Bonneville County,16,0.0,"{""type"":""MultiPoint"",""coordinates"":[]}"
000000000000000005c7,1215502311,10500625,39940,H1,065,00394803,292,A,16065,+43.7886140,-111.6569925,06,,G4020,Madison,Madison County,16,0.0,"{""type"":""MultiPoint"",""coordinates"":[]}"
000000000000000005c8,2832825433,31168353,26820,H1,051,00399751,292,A,16051,+43.7969649,-112.3185879,06,,G4020,Jefferson,Jefferson County,16,0.0,"{""type"":""MultiPoint"",""coordinates"":[]}"
000000000000000005c9,5792016720,5258025,26820,H1,023,00401703,292,A,16023,+43.6851010,-113.1776308,06,,G4020,Butte,Butte County,16,0.0,"{""type"":""MultiPoint"",""coordinates"":[]}"
000000000000000005ca,5423063386,68526352,13940,H1,011,00400593,292,A,16011,+43.2163568,-112.3992058,06,,G4020,Bingham,Bingham County,16,0.0,"{""type"":""MultiPoint"",""coordinates"":[]}"
000000000000000005de,2786468098,2370320,34140,H1,057,00395613,446,A,16057,+46.8189202,-116.7309737,06,,G4020,Latah,Latah County,16,0.0,"{""type"":""MultiPoint"",""coordinates"":[]}"
000000000000000005e0,3205258073,185023363,17660,H1,055,00395661,518,A,16055,+47.6771129,-116.6949184,06,,G4020,Kootenai,Kootenai County,16,0.0,"{""type"":""MultiPoint"",""coordinates"":[]}"
00000000000000000238,1526558088,2012555,31380,H1,109,01784729,,A,17109,+40.4558082,-090.6789543,06,,G4020,McDonough,McDonough County,17,652007.2745098039,"{""type"":""MultiPoint"",""coordinates"":[]}"
0000000000000000023a,2055740567,53535827,22800,H1,067,00424235,,A,17067,+40.4057924,-091.1679875,06,,G4020,Hancock,Hancock County,17,826614.3607843136,"{""type"":""MultiPoint"",""coordinates"":[]}"
0000000000000000023b,981273715,42340542,15460,H1,071,00424237,,A,17071,+40.8144710,-090.9412464,06,,G4020,Henderson,Henderson County,17,327390.9529411765,"{""type"":""MultiPoint"",""coordinates"":[]}"
00000000000000000241,1855506548,8834348,23660,H1,095,00424249,,A,17095,+40.9309412,-090.2137611,06,,G4020,Knox,Knox County,17,719771.6039215685,"{""type"":""MultiPoint"",""coordinates"":[]}"
000000000000000002ec,1503973502,13409564,19500,H1,115,00424256,,A,17115,+39.8602372,-088.9615288,06,,G4020,Macon,Macon County,17,746452.7098039218,"{""type"":""MultiPoint"",""coordinates"":[]}"
000000000000000002f1,1257719717,1640286,16580,H1,053,00424228,,A,17053,+40.5965386,-088.2245882,06,,G4020,Ford,Ford County,17,728448.1372549019,"{""type"":""MultiPoint"",""coordinates"":[]}"
000000000000000002f2,1137445095,756346,16580,H1,147,00424275,,A,17147,+40.0090561,-088.5923282,06,,G4020,Piatt,Piatt County,17,638244.2078431367,"{""type"":""MultiPoint"",""coordinates"":[]}"
000000000000000002f3,2580239890,5585696,16580,H1,019,00424211,,A,17019,+40.1389800,-088.1969961,06,,G4020,Champaign,Champaign County,17,1347495.7294117655,"{""type"":""MultiPoint"",""coordinates"":[]}"
000000000000000002f5,2326763524,7534491,19180,H1,183,01785114,,A,17183,+40.1867542,-087.7267779,06,,G4020,Vermilion,Vermilion County,17,1105679.8117647055,"{""type"":""MultiPoint"",""coordinates"":[]}"
00000000000000000701,1512739403,47415895,16060,H1,077,00424240,,A,17077,+37.7860959,-089.3812119,06,,G4020,Jackson,Jackson County,17,136866.07450980393,"{""type"":""MultiPoint"",""coordinates"":[]}"
00000000000000000af8,1088248005,62617689,16060,H1,199,01785215,,A,17199,+37.7303533,-088.9300182,06,,G4020,Williamson,Williamson County,17,83719.80784313726,"{""type"":""MultiPoint"",""coordinates"":[]}"
00000000000000000afc,1479314409,32679991,34500,H1,081,00424242,,A,17081,+38.3007796,-088.9242100,06,,G4020,Jefferson,Jefferson County,17,221482.6196078431,"{""type"":""MultiPoint"",""coordinates"":[]}"
00000000000000000b03,896203087,2531272,16660,H1,035,00424219,,A,17035,+39.2731210,-088.2406193,06,,G4020,Cumberland,Cumberland County,17,313697.8509803922,"{""type"":""MultiPoint"",""coordinates"":[]}"
00000000000000000b04,1316459188,4631825,16660,H1,029,00424216,,A,17029,+39.5136797,-088.2207820,06,,G4020,Coles,Coles County,17,609982.5529411765,"{""type"":""MultiPoint"",""coordinates"":[]}"
00000000000000000b08,1240027660,3183217,20820,H1,049,00424226,,A,17049,+39.0479445,-088.5928488,06,,G4020,Effingham,Effingham County,17,419575.37647058826,"{""type"":""MultiPoint"",""coordinates"":[]}"
000000000000000002ea,3064861163,7562637,14010,H1,113,01784833,145,A,17113,+40.4945594,-088.8445391,06,,G4020,McLean,McLean County,17,1637842.1725490198,"{""type"":""MultiPoint"",""coordinates"":[]}"
000000000000000002eb,1029643576,19519851,14010,H1,039,00426598,145,A,17039,+40.1814993,-088.9018526,06,,G4020,De Witt,De Witt County,17,535766.08627451,"{""type"":""MultiPoint"",""coordinates"":[]}"
000000000000000002ed,2704539026,4401355,38700,H1,105,00424254,145,A,17105,+40.8943761,-088.5528518,06,,G4020,Livingston,Livingston County,17,1562793.4784313727,"{""type"":""MultiPoint"",""coordinates"":[]}"
00000000000000000704,609996942,44237191,16020,H1,003,00424203,164,A,17003,+37.1836566,-089.3495161,06,,G4020,Alexander,Alexander County,17,41723.50588235293,"{""type"":""MultiPoint"",""coordinates"":[]}"
000000000000000002e0,2939990002,33693286,36860,H1,099,00422247,176,A,17099,+41.3433407,-088.8859312,06,,G4020,LaSalle,LaSalle County,17,1407072.580392157,"{""type"":""MultiPoint"",""coordinates"":[]}"
000000000000000002e1,2250785992,11578416,36860,H1,011,00424207,176,A,17011,+41.4013043,-089.5283772,06,,G4020,Bureau,Bureau County,17,888507.5725490197,"{""type"":""MultiPoint"",""coordinates"":[]}"
000000000000000002e2,414813859,31243032,36860,H1,155,00424279,176,A,17155,+41.1989613,-089.2983474,06,,G4020,Putnam,Putnam County,17,141921.68627450982,"{""type"":""MultiPoint"",""coordinates"":[]}"
000000000000000002f0,1752310523,12413735,28100,H1,091,00424247,176,A,17091,+41.1395105,-087.8611165,06,,G4020,Kankakee,Kankakee County,17,738301.3843137256,"{""type"":""MultiPoint"",""coordinates"":[]}"
0000000000000000023e,1453500381,19409929,19340,H1,131,01784750,209,A,17131,+41.2047906,-090.7414333,06,,G4020,Mercer,Mercer County,17,595583.7137254903,"{""type"":""MultiPoint"",""coordinates"":[]}"
00000000000000000240,2131552064,6862245,19340,H1,073,00424238,209,A,17073,+41.3500209,-090.1308378,06,,G4020,Henry,Henry County,17,977965.2078431374,"{""type"":""MultiPoint"",""coordinates"":[]}"
00000000000000000243,1107115476,61715046,19340,H1,161,00424282,209,A,17161,+41.4684044,-090.5722031,06,,G4020,Rock Island,Rock Island County,17,266050.5450980392,"{""type"":""MultiPoint"",""coordinates"":[]}"
00000000000000000242,1772198882,31796423,44580,H1,195,01785167,221,A,17195,+41.7505708,-089.9109567,06,,G4020,Whiteside,Whiteside County,17,519650.67058823537,"{""type"":""MultiPoint"",""coordinates"":[]}"
000000000000000002df,1877371253,10599322,19940,H1,103,00424253,221,A,17103,+41.7474419,-089.2993505,06,,G4020,Lee,Lee County,17,714839.91372549,"{""type"":""MultiPoint"",""coordinates"":[]}"
00000000000000000af6,614390802,11904133,37140,H1,127,01784730,424,A,17127,+37.2161190,-088.7056578,06,,G4020,Massac,Massac County,17,108452.50196078428,"{""type"":""MultiPoint"",""coordinates"":[]}"
00000000000000000237,2241880793,43973314,15900,H1,057,00424230,427,A,17057,+40.4652401,-090.2022689,06,,G4020,Fulton,Fulton County,17,637912.305882353,"{""type"":""MultiPoint"",""coordinates"":[]}"
000000000000000002e3,746121490,708705,37900,H1,175,00424288,427,A,17175,+41.0969077,-089.7974111,06,,G4020,Stark,Stark County,17,367079.9843137253,"{""type"":""MultiPoint"",""coordinates"":[]}"
000000000000000002e4,1603693533,29505061,37900,H1,143,01784920,427,A,17143,+40.7859952,-089.7671064,06,,G4020,Peoria,Peoria County,17,463942.97254901973,"{""type"":""MultiPoint"",""coordinates"":[]}"
000000000000000002e5,1001787870,30368315,37900,H1,123,00424260,427,A,17123,+41.0311192,-089.3423714,06,,G4020,Marshall,Marshall County,17,440502.33725490194,"{""type"":""MultiPoint"",""coordinates"":[]}"
000000000000000002e6,1367025003,38410923,37900,H1,203,01785231,427,A,17203,+40.7897895,-089.2106070,06,,G4020,Woodford,Woodford County,17,624655.737254902,"{""type"":""MultiPoint"",""coordinates"":[]}"
000000000000000002e7,1675426062,28621008,37900,H1,179,01785094,427,A,17179,+40.5080739,-089.5162597,06,,G4020,Tazewell,Tazewell County,17,641592.662745098,"{""type"":""MultiPoint"",""coordinates"":[]}"
0000000000000000022b,2214972287,41784365,39500,H1,001,00424202,448,A,17001,+39.9860525,-091.1949607,06,,G4020,Adams,Adams County,17,630875.5372549021,"{""type"":""MultiPoint"",""coordinates"":[]}"
000000000000000002da,1462175612,1385929,23300,H1,177,01785076,466,A,17177,+42.3497262,-089.6659942,06,,G4020,Stephenson,Stephenson County,17,445029.78431372554,"{""type"":""MultiPoint"",""coordinates"":[]}"
000000000000000002db,1964706940,11425029,40300,H1,141,01784894,466,A,17141,+42.0418840,-089.3201764,06,,G4020,Ogle,Ogle County,17,635096.8509803922,"{""type"":""MultiPoint"",""coordinates"":[]}"
000000000000000002dc,1329696036,15107670,40420,H1,201,01785216,466,A,17201,+42.3373957,-089.1612053,06,,G4020,Winnebago,Winnebago County,17,342331.91764705884,"{""type"":""MultiPoint"",""coordinates"":[]}"
000000000000000002dd,727101576,3339043,40420,H1,007,00424205,466,A,17007,+42.3189831,-088.8242951,06,,G4020,Boone,Boone County,17,292015.5843137255,"{""type"":""MultiPoint"",""coordinates"":[]}"
00000000000000000afd,1482442355,9487928,16460,H1,121,00424259,476,A,17121,+38.6481057,-088.9204885,06,,G4020,Marion,Marion County,17,325468.8509803923,"{""type"":""MultiPoint"",""coordinates"":[]}"
0000000000000000022d,649861236,4812706,27300,H1,171,00424286,522,A,17171,+39.6370016,-090.4777707,06,,G4020,Scott,Scott County,17,247109.9333333333,"{""type"":""MultiPoint"",""coordinates"":[]}"
00000000000000000233,1473194865,9064992,27300,H1,137,00424270,522,A,17137,+39.7183001,-090.2025434,06,,G4020,Morgan,Morgan County,17,621970.1686274515,"{""type"":""MultiPoint"",""coordinates"":[]}"
000000000000000002e8,814389207,2641080,44100,H1,129,00424266,522,A,17129,+40.0225693,-089.7941326,06,,G4020,Menard,Menard County,17,359421.1764705883,"{""type"":""MultiPoint"",""coordinates"":[]}"
000000000000000002e9,1600758860,2252736,30660,H1,107,00424255,522,A,17107,+40.1291223,-089.3653067,06,,G4020,Logan,Logan County,17,827826.3450980394,"{""type"":""MultiPoint"",""coordinates"":[]}"
000000000000000006fd,1837278858,16221514,45380,H1,021,00424212,522,A,17021,+39.5455242,-089.2795927,06,,G4020,Christian,Christian County,17,926551.5960784312,"{""type"":""MultiPoint"",""coordinates"":[]}"
000000000000000006fe,2248891492,22577723,44100,H1,167,01785010,522,A,17167,+39.7572579,-089.6620322,06,,G4020,Sangamon,Sangamon County,17,914087.3568627455,"{""type"":""MultiPoint"",""coordinates"":[]}"
0000000000000000030c,665311752,7904759,45460,H1,165,00450397,,A,18165,+39.8540452,-087.4620713,06,,G4020,Vermillion,Vermillion County,18,189972.325490196,"{""type"":""MultiPoint"",""coordinates"":[]}"
00000000000000000316,1067475977,6974424,30900,H1,017,00450339,,A,18017,+40.7537986,-086.3551685,06,,G4020,Cass,Cass County,18,433566.99607843155,"{""type"":""MultiPoint"",""coordinates"":[]}"
00000000000000000319,1376372904,59498373,47700,H1,085,00450367,,A,18085,+41.2442928,-085.8615754,06,,G4020,Kosciusko,Kosciusko County,18,442438.48235294136,"{""type"":""MultiPoint"",""coordinates"":[]}"
0000000000000000031a,1068206218,22115988,47340,H1,169,00450399,,A,18169,+40.8437475,-085.7951915,06,,G4020,Wabash,Wabash County,18,395836.09019607835,"{""type"":""MultiPoint"",""coordinates"":[]}"
0000000000000000031d,1072452767,2133507,31980,H1,053,00450355,,A,18053,+40.5157575,-085.6549455,06,,G4020,Grant,Grant County,18,416958.65490196086,"{""type"":""MultiPoint"",""coordinates"":[]}"
00000000000000000ad7,926109960,7118039,45460,H1,021,00450341,,A,18021,+39.3939513,-087.1158369,06,,G4020,Clay,Clay County,18,273610.99215686275,"{""type"":""MultiPoint"",""coordinates"":[]}"
00000000000000000ad8,1044993095,18068475,45460,H1,167,00450398,,A,18167,+39.4291426,-087.3903754,06,,G4020,Vigo,Vigo County,18,240909.80000000002,"{""type"":""MultiPoint"",""coordinates"":[]}"
00000000000000000adc,1158058302,18096342,45460,H1,153,00450391,,A,18153,+39.0892251,-087.4158429,06,,G4020,Sullivan,Sullivan County,18,294437.6941176471,"{""type"":""MultiPoint"",""coordinates"":[]}"
00000000000000000add,1336508529,20760770,47180,H1,083,00450366,,A,18083,+38.6883910,-087.4203544,06,,G4020,Knox,Knox County,18,472302.4862745098,"{""type"":""MultiPoint"",""coordinates"":[]}"
00000000000000000ade,1112370958,19127827,47780,H1,027,00450343,,A,18027,+38.6945459,-087.0727590,06,,G4020,Daviess,Daviess County,18,281787.662745098,"{""type"":""MultiPoint"",""coordinates"":[]}"
00000000000000000ae1,865686068,17743893,27540,H1,125,00450381,,A,18125,+38.3978982,-087.2325320,06,,G4020,Pike,Pike County,18,142816.51372549025,"{""type"":""MultiPoint"",""coordinates"":[]}"
00000000000000000ae2,996664714,16155578,21780,H1,173,00450335,,A,18173,+38.0977282,-087.2720486,06,,G4020,Warrick,Warrick County,18,156127.59215686264,"{""type"":""MultiPoint"",""coordinates"":[]}"
00000000000000000ae3,605227462,7655294,21780,H1,163,00450396,,A,18163,+38.0200703,-087.5861659,06,,G4020,Vanderburgh,Vanderburgh County,18,117011.97647058826,"{""type"":""MultiPoint"",""coordinates"":[]}"
00000000000000000ae5,1106624776,20884565,27540,H1,037,00451675,,A,18037,+38.3733441,-086.8733845,06,,G4020,Dubois,Dubois County,18,180311.3098039216,"{""type"":""MultiPoint"",""coordinates"":[]}"
00000000000000000aef,1060787801,25259380,21780,H1,129,00450383,,A,18129,+38.0276138,-087.8686526,06,,G4020,Posey,Posey County,18,352734.01960784313,"{""type"":""MultiPoint"",""coordinates"":[]}"
00000000000000000ad1,1163367147,7122898,13260,H1,093,00451703,144,A,18093,+38.8398148,-086.4878198,06,,G4020,Lawrence,Lawrence County,18,78614.82745098039,"{""type"":""MultiPoint"",""coordinates"":[]}"
00000000000000000ad4,1021811645,43504254,14020,H1,105,00451680,144,A,18105,+39.1607509,-086.5233253,06,,G4020,Monroe,Monroe County,18,30241.329411764702,"{""type"":""MultiPoint"",""coordinates"":[]}"
00000000000000000ad5,997921791,6541718,14020,H1,119,00450379,144,A,18119,+39.3173394,-086.8388453,06,,G4020,Owen,Owen County,18,104499.80000000003,"{""type"":""MultiPoint"",""coordinates"":[]}"
000000000000000002ff,1549659083,38675577,33140,H1,091,00450507,176,A,18091,+41.5490129,-086.7447386,06,,G4020,LaPorte,LaPorte County,18,446956.5568627455,"{""type"":""MultiPoint"",""coordinates"":[]}"
0000000000000000031b,869120483,6073937,23060,H1,183,00450369,258,A,18183,+41.1364261,-085.5018918,06,,G4020,Whitley,Whitley County,18,320051.27450980403,"{""type"":""MultiPoint"",""coordinates"":[]}"
0000000000000000031c,991054480,13135918,26540,H1,069,00450361,258,A,18069,+40.8263938,-085.4785975,06,,G4020,Huntington,Huntington County,18,327485.4666666667,"{""type"":""MultiPoint"",""coordinates"":[]}"
00000000000000000328,878079482,2429955,19540,H1,001,00450401,258,A,18001,+40.7457327,-084.9361305,06,,G4020,Adams,Adams County,18,334466.4549019608,"{""type"":""MultiPoint"",""coordinates"":[]}"
00000000000000000329,953341274,5596377,23060,H1,179,00450337,258,A,18179,+40.7352727,-085.2129742,06,,G4020,Wells,Wells County,18,429208.97647058836,"{""type"":""MultiPoint"",""coordinates"":[]}"
0000000000000000032a,1702454351,6999604,23060,H1,003,00450402,258,A,18003,+41.0918553,-085.0722302,06,,G4020,Allen,Allen County,18,433585.7019607844,"{""type"":""MultiPoint"",""coordinates"":[]}"
0000000000000000032b,939732061,2657419,12140,H1,033,00450346,258,A,18033,+41.4011894,-085.0001854,06,,G4020,DeKalb,DeKalb County,18,243552.20784313732,"{""type"":""MultiPoint"",""coordinates"":[]}"
0000000000000000032c,1064072501,17073555,28340,H1,113,00450377,258,A,18113,+41.4046795,-085.4172706,06,,G4020,Noble,Noble County,18,298976.01176470594,"{""type"":""MultiPoint"",""coordinates"":[]}"
0000000000000000032d,799725143,35458838,11420,H1,151,00450390,258,A,18151,+41.6434670,-085.0024051,06,,G4020,Steuben,Steuben County,18,165286.4862745098,"{""type"":""MultiPoint"",""coordinates"":[]}"
0000000000000000030f,1306954200,2144021,18820,H1,107,00450374,294,A,18107,+40.0402962,-086.8927145,06,,G4020,Montgomery,Montgomery County,18,613262.3686274511,"{""type"":""MultiPoint"",""coordinates"":[]}"
00000000000000000312,1095336141,877936,26900,H1,011,00450405,294,A,18011,+40.0508916,-086.4690137,06,,G4020,Boone,Boone County,18,518096.09411764704,"{""type"":""MultiPoint"",""coordinates"":[]}"
00000000000000000313,1053848884,4881142,26900,H1,063,00450358,294,A,18063,+39.7689631,-086.5099076,06,,G4020,Hendricks,Hendricks County,18,362834.60784313735,"{""type"":""MultiPoint"",""coordinates"":[]}"
00000000000000000314,1026612130,17179347,26900,H6,097,00450371,294,C,18097,+39.7829759,-086.1357939,06,,G4020,Marion,Marion County,18,31755.960784313727,"{""type"":""MultiPoint"",""coordinates"":[]}"
0000000000000000031f,1021224501,21082234,26900,H1,057,00450356,294,A,18057,+40.0536465,-086.0217262,06,,G4020,Hamilton,Hamilton County,18,237592.05098039217,"{""type"":""MultiPoint"",""coordinates"":[]}"
00000000000000000320,792580849,2610512,26900,H1,059,00450357,294,A,18059,+39.8225298,-085.7731618,06,,G4020,Hancock,Hancock County,18,297726.65882352984,"{""type"":""MultiPoint"",""coordinates"":[]}"
00000000000000000321,1170457570,2559344,26900,H1,095,00450370,294,A,18095,+40.1662030,-085.7224543,06,,G4020,Madison,Madison County,18,438197.12941176473,"{""type"":""MultiPoint"",""coordinates"":[]}"
00000000000000000323,1015607220,9792807,34620,H1,035,00450347,294,A,18035,+40.2275433,-085.3992617,06,,G4020,Delaware,Delaware County,18,348294.4941176471,"{""type"":""MultiPoint"",""coordinates"":[]}"
00000000000000000324,1014954779,7655158,35220,H1,065,00450359,294,A,18065,+39.9295911,-085.3973629,06,,G4020,Henry,Henry County,18,382019.6745098037,"{""type"":""MultiPoint"",""coordinates"":[]}"
00000000000000000ac5,975364209,4546213,35860,H1,079,00450364,294,A,18079,+38.9962339,-085.6281106,06,,G4020,Jennings,Jennings County,18,138987.00392156868,"{""type"":""MultiPoint"",""coordinates"":[]}"
00000000000000000ac7,964946206,1955471,24700,H1,031,00450345,294,A,18031,+39.3059799,-085.4998310,06,,G4020,Decatur,Decatur County,18,367926.8352941177,"{""type"":""MultiPoint"",""coordinates"":[]}"
00000000000000000aca,1064898914,4135270,26900,H1,145,00450387,294,A,18145,+39.5241345,-085.7921742,06,,G4020,Shelby,Shelby County,18,520492.99607843155,"{""type"":""MultiPoint"",""coordinates"":[]}"
00000000000000000acb,1053850605,6814131,18020,H1,005,00451683,294,A,18005,+39.2058430,-085.8979988,06,,G4020,Bartholomew,Bartholomew County,18,285276.63529411773,"{""type"":""MultiPoint"",""coordinates"":[]}"
00000000000000000acc,829909420,3525572,26900,H1,081,00450365,294,A,18081,+39.4959859,-086.0946003,06,,G4020,Johnson,Johnson County,18,226263.56078431377,"{""type"":""MultiPoint"",""coordinates"":[]}"
00000000000000000acd,1046324519,14089948,26900,H1,109,00450375,294,A,18109,+39.4826458,-086.4474573,06,,G4020,Morgan,Morgan County,18,206916.70196078435,"{""type"":""MultiPoint"",""coordinates"":[]}"
00000000000000000ace,808043861,12025993,26900,H1,013,00451684,294,A,18013,+39.1928644,-086.2397283,06,,G4020,Brown,Brown County,18,5657.4078431372545,"{""type"":""MultiPoint"",""coordinates"":[]}"
00000000000000000acf,1319119300,11910481,42980,H1,071,00451678,294,A,18071,+38.9119571,-086.0425161,06,,G4020,Jackson,Jackson County,18,260837.7607843137,"{""type"":""MultiPoint"",""coordinates"":[]}"
00000000000000000ad6,1244585902,5585892,26900,H1,133,00450384,294,A,18133,+39.6655479,-086.8533729,06,,G4020,Putnam,Putnam County,18,334456.8196078433,"{""type"":""MultiPoint"",""coordinates"":[]}"
00000000000000000315,758858972,2394185,29020,H1,067,00450360,316,A,18067,+40.4835368,-086.1141178,06,,G4020,Howard,Howard County,18,332147.10588235303,"{""type"":""MultiPoint"",""coordinates"":[]}"
00000000000000000318,968246955,9184624,37940,H1,103,00450373,316,A,18103,+40.7728813,-086.0442585,06,,G4020,Miami,Miami County,18,349271.1019607844,"{""type"":""MultiPoint"",""coordinates"":[]}"
00000000000000000309,1052616452,236033,29200,H1,007,00450403,320,A,18007,+40.6009448,-087.3148463,06,,G4020,Benton,Benton County,18,592769.0549019608,"{""type"":""MultiPoint"",""coordinates"":[]}"
0000000000000000030e,1294484142,8910174,29200,H1,157,00450393,320,A,18157,+40.3891303,-086.8935554,06,,G4020,Tippecanoe,Tippecanoe County,18,456033.06666666665,"{""type"":""MultiPoint"",""coordinates"":[]}"
00000000000000000310,964066240,7227489,29200,H1,015,00450406,320,A,18015,+40.5849801,-086.5651412,06,,G4020,Carroll,Carroll County,18,415820.2509803901,"{""type"":""MultiPoint"",""coordinates"":[]}"
00000000000000000311,1049119210,461117,23140,H1,023,00450342,320,A,18023,+40.3059440,-086.4775665,06,,G4020,Clinton,Clinton County,18,509185.8980392151,"{""type"":""MultiPoint"",""coordinates"":[]}"
00000000000000000aba,383288360,2645487,31140,H1,043,00450350,350,A,18043,+38.3179365,-085.9114742,06,,G4020,Floyd,Floyd County,18,10281.105882352942,"{""type"":""MultiPoint"",""coordinates"":[]}"
00000000000000000abb,1254889453,5193189,31140,H1,061,00451677,350,A,18061,+38.1864398,-086.1036808,06,,G4020,Harrison,Harrison County,18,102821.30980392155,"{""type"":""MultiPoint"",""coordinates"":[]}"
00000000000000000abc,965626378,9244303,31140,H1,019,00450340,350,A,18019,+38.4762174,-085.7111221,06,,G4020,Clark,Clark County,18,75538.76862745099,"{""type"":""MultiPoint"",""coordinates"":[]}"
00000000000000000abd,1330542464,7441979,31140,H1,175,00451665,350,A,18175,+38.6006126,-086.1047512,06,,G4020,Washington,Washington County,18,185237.24705882353,"{""type"":""MultiPoint"",""coordinates"":[]}"
00000000000000000abf,493126045,6089001,31140,H1,143,00450386,350,A,18143,+38.6794309,-085.7518981,06,,G4020,Scott,Scott County,18,55091.384313725495,"{""type"":""MultiPoint"",""coordinates"":[]}"
00000000000000000ac4,934033344,5844616,31500,H1,077,00450363,350,A,18077,+38.7836039,-085.4400900,06,,G4020,Jefferson,Jefferson County,18,51828.447058823534,"{""type"":""MultiPoint"",""coordinates"":[]}"
00000000000000000326,1040508998,6732251,39980,H1,177,00450336,458,A,18177,+39.8630908,-085.0067351,06,,G4020,Wayne,Wayne County,18,329447.6509803921,"{""type"":""MultiPoint"",""coordinates"":[]}"
00000000000000000ac8,556901540,366408,18220,H1,041,00450349,458,A,18041,+39.6396552,-085.1850315,06,,G4020,Fayette,Fayette County,18,183250.4588235293,"{""type"":""MultiPoint"",""coordinates"":[]}"
00000000000000000300,1185912669,9070408,43780,H1,141,00452855,515,A,18141,+41.6176989,-086.2881592,06,,G4020,St. Joseph,St. Joseph County,18,257727.48235294118,"{""type"":""MultiPoint"",""coordinates"":[]}"
00000000000000000302,1148993902,15834723,38500,H1,099,00450372,515,A,18099,+41.3250032,-086.2690363,06,,G4020,Marshall,Marshall County,18,395716.19607843144,"{""type"":""MultiPoint"",""coordinates"":[]}"
00000000000000000331,1199614702,12423390,21140,H1,039,00450348,515,A,18039,+41.6006928,-085.8639864,06,,G4020,Elkhart,Elkhart County,18,236510.38823529414,"{""type"":""MultiPoint"",""coordinates"":[]}"
0000000000000000023c,1077714767,35334208,15460,H1,057,00465217,,A,19057,+40.9153393,-091.1869253,06,,G4020,Des Moines,Des Moines County,19,345605.1843137257,"{""type"":""MultiPoint"",""coordinates"":[]}"
0000000000000000023d,1340377291,55290807,22800,H1,111,00465244,,A,19111,+40.6475875,-091.4771574,06,,G4020,Lee,Lee County,19,349484.137254902,"{""type"":""MultiPoint"",""coordinates"":[]}"
0000000000000000024b,1575488093,21138791,20220,H1,061,00465219,,A,19061,+42.4634808,-090.8787708,06,,G4020,Dubuque,Dubuque County,19,214310.42352941178,"{""type"":""MultiPoint"",""coordinates"":[]}"
00000000000000000256,1465369216,17862718,47940,H1,013,00465196,,A,19013,+42.4715414,-092.3080334,06,,G4020,Black Hawk,Black Hawk County,19,542513.7803921569,"{""type"":""MultiPoint"",""coordinates"":[]}"
0000000000000000025b,1118460312,10829143,36900,H1,179,00465278,,A,19179,+41.0312631,-092.4094822,06,,G4020,Wapello,Wapello County,19,273488.73725490196,"{""type"":""MultiPoint"",""coordinates"":[]}"
0000000000000000025c,1127979901,3523325,21840,H1,101,00465239,,A,19101,+41.0063841,-091.9674402,06,,G4020,Jefferson,Jefferson County,19,330630.1176470589,"{""type"":""MultiPoint"",""coordinates"":[]}"
0000000000000000025d,1300661856,6904096,36900,H1,051,00465214,,A,19051,+40.7480892,-092.4103453,06,,G4020,Davis,Davis County,19,214228.98823529412,"{""type"":""MultiPoint"",""coordinates"":[]}"
0000000000000000027e,1853443705,7277624,22700,H1,187,00465282,,A,19187,+42.4335786,-094.1758309,06,,G4020,Webster,Webster County,19,904250.7215686244,"{""type"":""MultiPoint"",""coordinates"":[]}"
00000000000000000283,1482776070,1803080,32260,H1,127,00465252,,A,19127,+42.0416910,-092.9814523,06,,G4020,Marshall,Marshall County,19,717855.6470588243,"{""type"":""MultiPoint"",""coordinates"":[]}"
00000000000000000285,1299797785,94406,47940,H1,075,00465226,,A,19075,+42.4033232,-092.7902613,06,,G4020,Grundy,Grundy County,19,740238.4274509802,"{""type"":""MultiPoint"",""coordinates"":[]}"
00000000000000000287,1127885472,10166563,47940,H1,017,00465198,,A,19017,+42.7808946,-092.3273559,06,,G4020,Bremer,Bremer County,19,425375.65098039224,"{""type"":""MultiPoint"",""coordinates"":[]}"
0000000000000000028a,1471881731,17668265,32380,H1,033,00465206,,A,19033,+43.0749751,-093.2509646,06,,G4020,Cerro Gordo,Cerro Gordo County,19,660457.8470588234,"{""type"":""MultiPoint"",""coordinates"":[]}"
00000000000000000290,1036314927,4709127,32380,H1,195,00465286,,A,19195,+43.3734910,-093.2485332,06,,G4020,Worth,Worth County,19,530382.0588235297,"{""type"":""MultiPoint"",""coordinates"":[]}"
000000000000000008d5,985764405,60490791,44020,H1,059,00465218,,A,19059,+43.3896107,-095.1960572,06,,G4020,Dickinson,Dickinson County,19,462793.3411764706,"{""type"":""MultiPoint"",""coordinates"":[]}"
000000000000000008d6,1469139466,13866649,43980,H1,041,00465625,,A,19041,+43.0812244,-095.1498753,06,,G4020,Clay,Clay County,19,733164.5490196078,"{""type"":""MultiPoint"",""coordinates"":[]}"
000000000000000008d8,1488989045,13791664,44740,H1,021,00465200,,A,19021,+42.7415219,-095.1414324,06,,G4020,Buena Vista,Buena Vista County,19,826725.7647058826,"{""type"":""MultiPoint"",""coordinates"":[]}"
000000000000000008fa,1474835092,2145349,16140,H1,027,00465203,,A,19027,+42.0394920,-094.8676471,06,,G4020,Carroll,Carroll County,19,714564.3176470589,"{""type"":""MultiPoint"",""coordinates"":[]}"
0000000000000000024d,1490851949,3581462,16300,H1,105,00465241,168,A,19105,+42.1251175,-091.1169141,06,,G4020,Jones,Jones County,19,430919.61960784305,"{""type"":""MultiPoint"",""coordinates"":[]}"
00000000000000000250,1590340032,23610661,26980,H1,103,00465240,168,A,19103,+41.6688774,-091.5889245,06,,G4020,Johnson,Johnson County,19,517445.45882352954,"{""type"":""MultiPoint"",""coordinates"":[]}"
00000000000000000251,1473322654,5353677,26980,H1,183,00465280,168,A,19183,+41.3294012,-091.7250523,06,,G4020,Washington,Washington County,19,514383.34509803925,"{""type"":""MultiPoint"",""coordinates"":[]}"
00000000000000000253,1855117318,5760770,16300,H1,011,00465195,168,A,19011,+42.0925474,-092.0576300,06,,G4020,Benton,Benton County,19,898018.8196078431,"{""type"":""MultiPoint"",""coordinates"":[]}"
00000000000000000254,1856758893,19699801,16300,H1,113,00465245,168,A,19113,+42.0779506,-091.5976735,06,,G4020,Linn,Linn County,19,593010.9019607843,"{""type"":""MultiPoint"",""coordinates"":[]}"
00000000000000000244,1186445450,26214593,19340,H1,163,00465270,209,A,19163,+41.6420791,-090.6222889,06,,G4020,Scott,Scott County,19,397960.031372549,"{""type"":""MultiPoint"",""coordinates"":[]}"
00000000000000000245,1799830899,39514681,17540,H1,045,00465211,209,A,19045,+41.8980732,-090.5342431,06,,G4020,Clinton,Clinton County,19,658681.8862745098,"{""type"":""MultiPoint"",""coordinates"":[]}"
0000000000000000024f,1132977193,30262373,34700,H1,139,00465258,209,A,19139,+41.4837760,-091.1186992,06,,G4020,Muscatine,Muscatine County,19,421494.674509804,"{""type"":""MultiPoint"",""coordinates"":[]}"
0000000000000000026b,1475852609,9117672,19780,H1,181,00465279,218,A,19181,+41.3368623,-093.5642216,06,,G4020,Warren,Warren County,19,359510.38823529414,"{""type"":""MultiPoint"",""coordinates"":[]}"
00000000000000000278,1452999203,2983840,19780,H1,121,00465249,218,A,19121,+41.3306216,-094.0151842,06,,G4020,Madison,Madison County,19,417240.9137254901,"{""type"":""MultiPoint"",""coordinates"":[]}"
00000000000000000279,1523954917,8537451,19780,H1,049,00465213,218,A,19049,+41.6853206,-094.0407065,06,,G4020,Dallas,Dallas County,19,591767.4352941178,"{""type"":""MultiPoint"",""coordinates"":[]}"
0000000000000000027a,1485836340,46230836,19780,H1,153,00465265,218,A,19153,+41.6848158,-093.5689710,06,,G4020,Polk,Polk County,19,405470.2705882351,"{""type"":""MultiPoint"",""coordinates"":[]}"
0000000000000000027b,1529698836,6355533,19780,H1,077,00465227,218,A,19077,+41.6835728,-094.5012723,06,,G4020,Guthrie,Guthrie County,19,561592.6705882354,"{""type"":""MultiPoint"",""coordinates"":[]}"
0000000000000000027f,1480363619,5358112,14340,H1,015,00465197,218,A,19015,+42.0386010,-093.9383625,06,,G4020,Boone,Boone County,19,623819.3882352944,"{""type"":""MultiPoint"",""coordinates"":[]}"
00000000000000000281,1483235262,2509634,11180,H1,169,00465273,218,A,19169,+42.0375379,-093.4660934,06,,G4020,Story,Story County,19,641588.7333333334,"{""type"":""MultiPoint"",""coordinates"":[]}"
00000000000000000284,1891773617,6565650,35500,H1,099,00465238,218,A,19099,+41.6855513,-093.0541468,06,,G4020,Jasper,Jasper County,19,835703.3803921571,"{""type"":""MultiPoint"",""coordinates"":[]}"
000000000000000008f8,1804808356,12417698,36540,H1,085,00465231,420,A,19085,+41.6885844,-095.8271491,06,,G4020,Harrison,Harrison County,19,740672.28627451,"{""type"":""MultiPoint"",""coordinates"":[]}"
000000000000000008fd,2461943637,22221148,36540,H1,155,00465266,420,A,19155,+41.3401835,-095.5449053,06,,G4020,Pottawattamie,Pottawattamie County,19,1134774.980392155,"{""type"":""MultiPoint"",""coordinates"":[]}"
00000000000000000900,1132950323,8306492,36540,H1,129,00465253,420,A,19129,+41.0337028,-095.6191010,06,,G4020,Mills,Mills County,19,535478.1843137256,"{""type"":""MultiPoint"",""coordinates"":[]}"
0000000000000000025a,1478527855,6564804,36820,H1,123,00465250,423,A,19123,+41.3307969,-092.6363663,06,,G4020,Mahaska,Mahaska County,19,554576.9607843136,"{""type"":""MultiPoint"",""coordinates"":[]}"
00000000000000000269,1436124183,41487001,37800,H1,125,00465251,423,A,19125,+41.3314552,-093.0938490,06,,G4020,Marion,Marion County,19,393437.8117647057,"{""type"":""MultiPoint"",""coordinates"":[]}"
000000000000000008db,2260790978,12793693,43580,H1,193,00465285,512,A,19193,+42.3932198,-096.0532956,06,,G4020,Woodbury,Woodbury County,19,998352.4000000001,"{""type"":""MultiPoint"",""coordinates"":[]}"
000000000000000008dc,2234715192,2176851,43580,H1,149,00465263,512,A,19149,+42.7375854,-096.2158638,06,,G4020,Plymouth,Plymouth County,19,1155213.882352942,"{""type"":""MultiPoint"",""coordinates"":[]}"
00000000000000000516,1655865961,2777350,30580,H1,175,00485050,,A,20175,+37.1806229,-100.8549323,06,,G4020,Seward,Seward County,20,118348.53725490195,"{""type"":""MultiPoint"",""coordinates"":[]}"
0000000000000000051f,2254696689,1133601,23780,H1,093,00485011,,A,20093,+37.9944614,-101.3081363,06,,G4020,Kearny,Kearny County,20,8397.0,"{""type"":""MultiPoint"",""coordinates"":[]}"
00000000000000000522,3372066552,1794398,23780,H1,055,00485326,,A,20055,+38.0498075,-100.7399674,06,,G4020,Finney,Finney County,20,59109.53725490196,"{""type"":""MultiPoint"",""coordinates"":[]}"
0000000000000000093a,2330762263,1197085,25700,H1,051,00484995,,A,20051,+38.9145957,-099.3173291,06,,G4020,Ellis,Ellis County,20,4689.235294117647,"{""type"":""MultiPoint"",""coordinates"":[]}"
00000000000000000943,1866689484,1561331,41460,H1,143,00485035,,A,20143,+39.1379632,-097.6548025,06,,G4020,Ottawa,Ottawa County,20,327955.3960784314,"{""type"":""MultiPoint"",""coordinates"":[]}"
00000000000000000945,2319076869,13555398,24460,H1,009,00484974,,A,20009,+38.4812394,-098.7678374,06,,G4020,Barton,Barton County,20,220123.79607843136,"{""type"":""MultiPoint"",""coordinates"":[]}"
00000000000000000946,1865381415,2809966,41460,H1,169,00485047,,A,20169,+38.7863268,-097.6501534,06,,G4020,Saline,Saline County,20,270344.8,"{""type"":""MultiPoint"",""coordinates"":[]}"
00000000000000000947,2326520576,6030190,32700,H1,113,00485021,,A,20113,+38.3958120,-097.6474893,06,,G4020,McPherson,McPherson County,20,509460.31764705887,"{""type"":""MultiPoint"",""coordinates"":[]}"
0000000000000000094d,3251332269,43417478,26740,H1,155,00485041,,A,20155,+37.9481849,-098.0783463,06,,G4020,Reno,Reno County,20,502320.64313725504,"{""type"":""MultiPoint"",""coordinates"":[]}"
00000000000000000958,2844508243,2097359,19980,H1,057,00484997,,A,20057,+37.6884159,-099.8847484,06,,G4020,Ford,Ford County,20,66776.95294117648,"{""type"":""MultiPoint"",""coordinates"":[]}"
00000000000000000997,1666728645,20601461,17700,H1,125,00485027,,A,20125,+37.1895369,-095.7424028,06,,G4020,Montgomery,Montgomery County,20,157780.6980392157,"{""type"":""MultiPoint"",""coordinates"":[]}"
00000000000000000998,1671305472,20261427,37660,H1,099,00485014,,A,20099,+37.1914676,-095.2974732,06,,G4020,Labette,Labette County,20,242596.4588235293,"{""type"":""MultiPoint"",""coordinates"":[]}"
0000000000000000099b,1527463438,13609426,38260,H1,037,00484988,,A,20037,+37.5058198,-094.8538971,06,,G4020,Crawford,Crawford County,20,248098.23137254905,"{""type"":""MultiPoint"",""coordinates"":[]}"
000000000000000009a6,1827283236,37107138,45820,H1,139,00485033,,A,20139,+38.6484085,-095.7075964,06,,G4020,Osage,Osage County,20,193428.54901960783,"{""type"":""MultiPoint"",""coordinates"":[]}"
000000000000000009a8,2194958186,20561715,21380,H1,111,00485020,,A,20111,+38.4554978,-096.1615888,06,,G4020,Lyon,Lyon County,20,165625.22352941177,"{""type"":""MultiPoint"",""coordinates"":[]}"
000000000000000009af,2057225109,13781477,45820,H1,197,00485059,,A,20197,+38.9551537,-096.2012619,06,,G4020,Wabaunsee,Wabaunsee County,20,130504.29411764706,"{""type"":""MultiPoint"",""coordinates"":[]}"
000000000000000009b5,1699600369,4666514,45820,H1,085,00485007,,A,20085,+39.4111453,-095.7944850,06,,G4020,Jackson,Jackson County,20,198766.64705882347,"{""type"":""MultiPoint"",""coordinates"":[]}"
000000000000000009b6,1408921302,30405376,45820,H1,177,00485051,,A,20177,+39.0418053,-095.7556640,06,,G4020,Shawnee,Shawnee County,20,168227.96470588236,"{""type"":""MultiPoint"",""coordinates"":[]}"
000000000000000009b7,1379361374,62426286,45820,H1,087,00485008,,A,20087,+39.2396440,-095.3753140,06,,G4020,Jefferson,Jefferson County,20,224411.0941176471,"{""type"":""MultiPoint"",""coordinates"":[]}"
0000000000000000090d,1018914915,12614908,41140,H1,043,00484991,312,A,20043,+39.7885021,-095.1472253,06,,G4020,Doniphan,Doniphan County,20,385700.537254902,"{""type"":""MultiPoint"",""coordinates"":[]}"
000000000000000009a4,1480858186,13918274,36840,H1,059,00484998,312,A,20059,+38.5580187,-095.2789618,06,,G4020,Franklin,Franklin County,20,190909.20392156864,"{""type"":""MultiPoint"",""coordinates"":[]}"
000000000000000009b8,1180703878,48598501,29940,H1,045,00484992,312,A,20045,+38.8964154,-095.2909464,06,,G4020,Douglas,Douglas County,20,141373.05490196077,"{""type"":""MultiPoint"",""coordinates"":[]}"
000000000000000009ba,1116729915,6857773,11860,H1,005,00484972,312,A,20005,+39.5325441,-095.3133975,06,,G4020,Atchison,Atchison County,20,329898.8627450982,"{""type"":""MultiPoint"",""coordinates"":[]}"
000000000000000009b0,996162685,51451918,27920,H1,061,00484999,358,A,20061,+39.0021560,-096.7680375,06,,G4020,Geary,Geary County,20,74327.91372549019,"{""type"":""MultiPoint"",""coordinates"":[]}"
000000000000000009b1,1579325910,31529484,31740,H1,161,00485044,358,A,20161,+39.2912114,-096.7274889,06,,G4020,Riley,Riley County,20,151092.44313725492,"{""type"":""MultiPoint"",""coordinates"":[]}"
000000000000000009b4,2178231531,54102536,31740,H1,149,00485038,358,A,20149,+39.3821868,-096.3371126,06,,G4020,Pottawatomie,Pottawatomie County,20,193203.0196078432,"{""type"":""MultiPoint"",""coordinates"":[]}"
0000000000000000094e,2583548945,30061835,48620,H1,173,00485049,556,A,20173,+37.6810450,-097.4610535,06,,G4020,Sedgwick,Sedgwick County,20,433036.5176470588,"{""type"":""MultiPoint"",""coordinates"":[]}"
0000000000000000094f,2236099556,8536500,48620,H1,095,00485012,556,A,20095,+37.5529509,-098.1445285,06,,G4020,Kingman,Kingman County,20,143129.58431372553,"{""type"":""MultiPoint"",""coordinates"":[]}"
00000000000000000952,3060391075,8627526,48620,H1,191,00481812,556,A,20191,+37.2366617,-097.4933519,06,,G4020,Sumner,Sumner County,20,496190.52549019613,"{""type"":""MultiPoint"",""coordinates"":[]}"
00000000000000000975,2915656996,17314108,11680,H1,035,00484987,556,A,20035,+37.2345068,-096.8372468,06,,G4020,Cowley,Cowley County,20,216093.168627451,"{""type"":""MultiPoint"",""coordinates"":[]}"
000000000000000009ab,3703338016,43150085,48620,H1,015,00484977,556,A,20015,+37.7736487,-096.8388402,06,,G4020,Butler,Butler County,20,354101.1607843137,"{""type"":""MultiPoint"",""coordinates"":[]}"
000000000000000009ac,1397961197,2503283,48620,H1,079,00485005,556,A,20079,+38.0501436,-097.4367065,06,,G4020,Harvey,Harvey County,20,414231.9137254904,"{""type"":""MultiPoint"",""coordinates"":[]}"
00000000000000000135,467271034,6460537,19220,H1,021,00516857,,A,21021,+37.6181043,-084.8683523,06,,G4020,Boyle,Boyle County,21,20183.399999999998,"{""type"":""MultiPoint"",""coordinates"":[]}"
00000000000000000137,861773600,9315415,19220,H1,137,00516915,,A,21137,+37.4571737,-084.6583354,06,,G4020,Lincoln,Lincoln County,21,38763.231372549024,"{""type"":""MultiPoint"",""coordinates"":[]}"
00000000000000000139,1705274602,48546594,43700,H1,199,00516946,,A,21199,+37.1083118,-084.5799857,06,,G4020,Pulaski,Pulaski County,21,35099.53725490195,"{""type"":""MultiPoint"",""coordinates"":[]}"
0000000000000000013b,1123945992,25218354,30940,H1,125,00516909,,A,21125,+37.1132678,-084.1193950,06,,G4020,Laurel,Laurel County,21,568.4862745098039,"{""type"":""MultiPoint"",""coordinates"":[]}"
00000000000000000718,997205946,66492726,34660,H1,035,00516864,,A,21035,+36.6209783,-088.2740857,06,,G4020,Calloway,Calloway County,21,170126.12941176473,"{""type"":""MultiPoint"",""coordinates"":[]}"
0000000000000000071a,1143307645,103330290,17300,H1,221,00516957,,A,21221,+36.8076808,-087.8586515,06,,G4020,Trigg,Trigg County,21,111162.3450980392,"{""type"":""MultiPoint"",""coordinates"":[]}"
00000000000000000a3b,929806778,5480741,33180,H1,013,00516853,,A,21013,+36.7226801,-083.6810456,06,,G4020,Bell,Bell County,21,57.91372549019608,"{""type"":""MultiPoint"",""coordinates"":[]}"
00000000000000000a3c,1000508839,3753811,30940,H1,121,00516907,,A,21121,+36.8874755,-083.8556297,06,,G4020,Knox,Knox County,21,503.0,"{""type"":""MultiPoint"",""coordinates"":[]}"
00000000000000000a48,1133976324,18875138,30940,H1,235,00516964,,A,21235,+36.7580237,-084.1446485,06,,G4020,Whitley,Whitley County,21,381.0,"{""type"":""MultiPoint"",""coordinates"":[]}"
00000000000000000a98,1858332179,16928286,17300,H1,047,00516870,,A,21047,+36.8920592,-087.4929864,06,,G4020,Christian,Christian County,21,392773.49411764706,"{""type"":""MultiPoint"",""coordinates"":[]}"
00000000000000000a99,1209734539,31906703,16420,H1,177,00516935,,A,21177,+37.2138159,-087.1340919,06,,G4020,Muhlenberg,Muhlenberg County,21,61661.70196078431,"{""type"":""MultiPoint"",""coordinates"":[]}"
00000000000000000a9a,1403763241,32165560,31580,H1,107,00516900,,A,21107,+37.3110702,-087.5421956,06,,G4020,Hopkins,Hopkins County,21,167467.19607843136,"{""type"":""MultiPoint"",""coordinates"":[]}"
00000000000000000aaf,689809404,27162478,15820,H1,217,00516955,,A,21217,+37.3661840,-085.3278364,06,,G4020,Taylor,Taylor County,21,39996.72156862746,"{""type"":""MultiPoint"",""coordinates"":[]}"
00000000000000000ae6,486020462,29093100,36980,H1,091,00516892,,A,21091,+37.8433252,-086.7927612,06,,G4020,Hancock,Hancock County,21,38365.0705882353,"{""type"":""MultiPoint"",""coordinates"":[]}"
00000000000000000ae8,1187163562,47158144,36980,H1,059,00516876,,A,21059,+37.7316710,-087.0871390,06,,G4020,Daviess,Daviess County,21,319666.631372549,"{""type"":""MultiPoint"",""coordinates"":[]}"
00000000000000000ae9,653906323,9735021,36980,H1,149,00516927,,A,21149,+37.5267075,-087.2655972,06,,G4020,McLean,McLean County,21,216425.69019607842,"{""type"":""MultiPoint"",""coordinates"":[]}"
00000000000000000aea,1130483401,76387049,21780,H1,101,00516897,,A,21101,+37.7925421,-087.5725767,06,,G4020,Henderson,Henderson County,21,314860.8941176471,"{""type"":""MultiPoint"",""coordinates"":[]}"
00000000000000000a9b,1103562551,13947933,14540,H1,031,00516862,150,A,21031,+37.2070133,-086.6824707,06,,G4020,Butler,Butler County,21,74830.7450980392,"{""type"":""MultiPoint"",""coordinates"":[]}"
00000000000000000a9d,1402743750,15441365,14540,H1,227,00516960,150,A,21227,+36.9956340,-086.4235786,06,,G4020,Warren,Warren County,21,141833.0156862745,"{""type"":""MultiPoint"",""coordinates"":[]}"
00000000000000000a9f,891830441,19492342,14540,H1,003,00516848,150,A,21003,+36.7507703,-086.1924580,06,,G4020,Allen,Allen County,21,25935.14509803921,"{""type"":""MultiPoint"",""coordinates"":[]}"
00000000000000000aa0,784468319,13258106,14540,H1,061,00516877,150,A,21061,+37.2275136,-086.2180153,06,,G4020,Edmonson,Edmonson County,21,15246.929411764708,"{""type"":""MultiPoint"",""coordinates"":[]}"
00000000000000000aa1,1262733192,32258856,23980,H1,009,00516851,150,A,21009,+36.9636713,-085.9251618,06,,G4020,Barren,Barren County,21,90621.43137254902,"{""type"":""MultiPoint"",""coordinates"":[]}"
00000000000000000aa3,750178423,3999881,23980,H1,169,00516931,150,A,21169,+36.9925150,-085.6335984,06,,G4020,Metcalfe,Metcalfe County,21,19368.047058823526,"{""type"":""MultiPoint"",""coordinates"":[]}"
0000000000000000014a,892125673,25894139,26580,H1,089,00516891,170,A,21089,+38.5635616,-082.9338199,06,,G4020,Greenup,Greenup County,21,2807.247058823529,"{""type"":""MultiPoint"",""coordinates"":[]}"
0000000000000000015d,414053937,5581241,26580,H1,019,00516856,170,A,21019,+38.3600037,-082.6814063,06,,G4020,Boyd,Boyd County,21,339.0,"{""type"":""MultiPoint"",""coordinates"":[]}"
0000000000000000011c,621927922,16277777,32500,H1,161,00516924,178,A,21161,+38.5941366,-083.8281251,06,,G4020,Mason,Mason County,21,26579.929411764708,"{""type"":""MultiPoint"",""coordinates"":[]}"
0000000000000000012b,538073031,11025563,23180,H1,073,00516883,336,A,21073,+38.2349190,-084.8687863,06,,G4020,Franklin,Franklin County,21,7113.156862745098,"{""type"":""MultiPoint"",""coordinates"":[]}"
0000000000000000012c,729781723,9487300,30460,H1,209,00516951,336,A,21209,+38.2898822,-084.5793761,06,,G4020,Scott,Scott County,21,6048.35294117647,"{""type"":""MultiPoint"",""coordinates"":[]}"
0000000000000000012d,750370999,4849018,30460,H1,017,00516855,336,A,21017,+38.2025623,-084.2098602,06,,G4020,Bourbon,Bourbon County,21,18866.356862745095,"{""type"":""MultiPoint"",""coordinates"":[]}"
0000000000000000012e,734642357,4922241,30460,H6,067,00516880,336,C,21067,+38.0406759,-084.4582738,06,,G4020,Fayette,Fayette County,21,10954.960784313724,"{""type"":""MultiPoint"",""coordinates"":[]}"
0000000000000000012f,653878894,6972358,30460,H1,049,00516871,336,A,21049,+37.9701332,-084.1449740,06,,G4020,Clark,Clark County,21,10605.623529411765,"{""type"":""MultiPoint"",""coordinates"":[]}"
00000000000000000130,1132603931,15426522,40080,H1,151,00516919,336,A,21151,+37.7235917,-084.2769976,06,,G4020,Madison,Madison County,21,3015.0,"{""type"":""MultiPoint"",""coordinates"":[]}"
00000000000000000131,445793092,6166287,30460,H1,113,00516903,336,A,21113,+37.8732908,-084.5839603,06,,G4020,Jessamine,Jessamine County,21,4458.576470588235,"{""type"":""MultiPoint"",""coordinates"":[]}"
00000000000000000132,489064244,8307143,30460,H1,239,00516966,336,A,21239,+38.0431027,-084.7488633,06,,G4020,Woodford,Woodford County,21,8810.96862745098,"{""type"":""MultiPoint"",""coordinates"":[]}"
00000000000000000134,522745702,6311537,23180,H1,005,00516849,336,A,21005,+38.0053963,-084.9864171,06,,G4020,Anderson,Anderson County,21,2050.149019607843,"{""type"":""MultiPoint"",""coordinates"":[]}"
0000000000000000013a,819848737,4016362,40080,H1,203,00516948,336,A,21203,+37.3610502,-084.3143684,06,,G4020,Rockcastle,Rockcastle County,21,9908.058823529413,"{""type"":""MultiPoint"",""coordinates"":[]}"
00000000000000000143,527282799,6085060,34460,H1,165,00516929,336,A,21165,+37.9506654,-083.5975146,06,,G4020,Menifee,Menifee County,21,1492.8549019607842,"{""type"":""MultiPoint"",""coordinates"":[]}"
00000000000000000144,722081570,13486212,34460,H1,011,00516852,336,A,21011,+38.1522485,-083.7376405,06,,G4020,Bath,Bath County,21,6672.050980392157,"{""type"":""MultiPoint"",""coordinates"":[]}"
00000000000000000146,511177442,3859635,34460,H1,173,00516933,336,A,21173,+38.0381379,-083.9123375,06,,G4020,Montgomery,Montgomery County,21,4833.274509803921,"{""type"":""MultiPoint"",""coordinates"":[]}"
0000000000000000012a,741450761,12552369,31140,H1,103,00516898,350,A,21103,+38.4515849,-085.1198896,06,,G4020,Henry,Henry County,21,20954.250980392157,"{""type"":""MultiPoint"",""coordinates"":[]}"
00000000000000000ab2,1081354528,16997332,12680,H1,179,00516936,350,A,21179,+37.8031876,-085.4659548,06,,G4020,Nelson,Nelson County,21,89156.07843137256,"{""type"":""MultiPoint"",""coordinates"":[]}"
00000000000000000ab3,769289863,8391940,31140,H1,029,00516861,350,A,21029,+37.9699280,-085.7026414,06,,G4020,Bullitt,Bullitt County,21,10344.77254901961,"{""type"":""MultiPoint"",""coordinates"":[]}"
00000000000000000ab4,677366038,5418290,21060,H1,123,00516908,350,A,21123,+37.5444624,-085.6968413,06,,G4020,Larue,Larue County,21,91277.66274509803,"{""type"":""MultiPoint"",""coordinates"":[]}"
00000000000000000ab5,1614335113,17702152,21060,H1,093,00516893,350,A,21093,+37.6958356,-085.9631827,06,,G4020,Hardin,Hardin County,21,146688.45098039217,"{""type"":""MultiPoint"",""coordinates"":[]}"
00000000000000000ab8,791044349,49413697,21060,H1,163,00516928,350,A,21163,+37.9674757,-086.2008628,06,,G4020,Meade,Meade County,21,70392.40784313725,"{""type"":""MultiPoint"",""coordinates"":[]}"
00000000000000000ab9,985427632,44565599,31140,H6,111,00516902,350,C,21111,+38.1895321,-085.6576243,06,,G4020,Jefferson,Jefferson County,21,4452.117647058823,"{""type"":""MultiPoint"",""coordinates"":[]}"
00000000000000000ac0,484931825,23831365,31140,H1,185,00516939,350,A,21185,+38.4001274,-085.4561516,06,,G4020,Oldham,Oldham County,21,11886.419607843138,"{""type"":""MultiPoint"",""coordinates"":[]}"
00000000000000000ac1,392766219,11833390,31140,H1,223,00516958,350,A,21223,+38.6200405,-085.3512077,06,,G4020,Trimble,Trimble County,21,10745.007843137255,"{""type"":""MultiPoint"",""coordinates"":[]}"
00000000000000000ac2,983256960,15627991,31140,H1,211,00516952,350,A,21211,+38.2390283,-085.2282658,06,,G4020,Shelby,Shelby County,21,94000.72549019608,"{""type"":""MultiPoint"",""coordinates"":[]}"
00000000000000000ac3,483493837,12896776,31140,H1,215,00516954,350,A,21215,+38.0249029,-085.3167648,06,,G4020,Spencer,Spencer County,21,18647.529411764706,"{""type"":""MultiPoint"",""coordinates"":[]}"
0000000000000000070e,533358346,64084949,46460,H1,075,00516884,362,A,21075,+36.5525115,-089.1876586,06,,G4020,Fulton,Fulton County,21,115069.18823529413,"{""type"":""MultiPoint"",""coordinates"":[]}"
00000000000000000713,1429026032,13047565,32460,H1,083,00516888,424,A,21083,+36.7233435,-088.6498974,06,,G4020,Graves,Graves County,21,344898.4862745099,"{""type"":""MultiPoint"",""coordinates"":[]}"
00000000000000000715,644250936,50306572,37140,H1,145,00516925,424,A,21145,+37.0536832,-088.7123663,06,,G4020,McCracken,McCracken County,21,85216.44313725492,"{""type"":""MultiPoint"",""coordinates"":[]}"
00000000000000000716,638843942,70008724,37140,H1,007,00516850,424,A,21007,+37.0513234,-089.0103673,06,,G4020,Ballard,Ballard County,21,170835.36470588233,"{""type"":""MultiPoint"",""coordinates"":[]}"
00000000000000000af3,810999158,75641317,37140,H1,139,00516916,424,A,21139,+37.2095174,-088.3634261,06,,G4020,Livingston,Livingston County,21,88032.90196078431,"{""type"":""MultiPoint"",""coordinates"":[]}"
0000000000000000002a,3243341073,121033890,35060,H1,069,00558108,,A,22069,+31.7325509,-093.0826114,15,,G4020,Natchitoches,Natchitoches Parish,22,54202.72156862745,"{""type"":""MultiPoint"",""coordinates"":[]}"
0000000000000000002c,2269878444,47049426,43340,H1,031,00558521,,A,22031,+32.0592476,-093.7407968,15,,G4020,De Soto,De Soto Parish,22,1789.1254901960783,"{""type"":""MultiPoint"",""coordinates"":[]}"
0000000000000000002e,2275355490,150398853,43340,H1,017,00558458,,A,22017,+32.5771951,-093.8824228,15,,G4020,Caddo,Caddo Parish,22,42520.59607843137,"{""type"":""MultiPoint"",""coordinates"":[]}"
0000000000000000002f,2176181488,70514387,43340,H1,015,00558453,,A,22015,+32.6958514,-093.6161317,15,,G4020,Bossier,Bossier Parish,22,9116.050980392158,"{""type"":""MultiPoint"",""coordinates"":[]}"
00000000000000000030,1536282651,56145063,43340,H1,119,00559567,,A,22119,+32.7321522,-093.3398245,15,,G4020,Webster,Webster Parish,22,674.8156862745099,"{""type"":""MultiPoint"",""coordinates"":[]}"
000000000000000006bf,2766953347,1037594367,26380,H1,057,00558065,,A,22057,+29.4919925,-090.3948490,15,,G4020,Lafourche,Lafourche Parish,22,26451.65882352941,"{""type"":""MultiPoint"",""coordinates"":[]}"
000000000000000006c0,3190255110,2202157453,26380,H6,109,00559517,,A,22109,+29.3341299,-090.8436739,15,,G4020,Terrebonne,Terrebonne Parish,22,2464.3254901960786,"{""type"":""MultiPoint"",""coordinates"":[]}"
000000000000000006c9,751029431,33194722,12940,H1,005,00558403,,A,22005,+30.2064437,-090.9125023,15,,G4020,Ascension,Ascension Parish,22,10536.443137254906,"{""type"":""MultiPoint"",""coordinates"":[]}"
000000000000000006cb,1602243611,88655982,12940,H1,047,00558582,,A,22047,+30.2706285,-091.3658481,15,,G4020,Iberville,Iberville Parish,22,64251.08235294118,"{""type"":""MultiPoint"",""coordinates"":[]}"
000000000000000006d2,498293891,29602238,12940,H1,121,00559570,,A,22121,+30.4640516,-091.3098080,15,,G4020,West Baton Rouge,West Baton Rouge Parish,22,19033.411764705885,"{""type"":""MultiPoint"",""coordinates"":[]}"
000000000000000006d3,1443519879,86418272,12940,H1,077,00559449,,A,22077,+30.7083190,-091.6046207,15,,G4020,Pointe Coupee,Pointe Coupee Parish,22,120953.67843137255,"{""type"":""MultiPoint"",""coordinates"":[]}"
000000000000000006d4,1179346044,38556769,12940,H6,033,00558530,,B,22033,+30.5439297,-091.0931310,15,,G4020,East Baton Rouge,East Baton Rouge Parish,22,2419.564705882353,"{""type"":""MultiPoint"",""coordinates"":[]}"
000000000000000006d5,1044342243,58999603,12940,H1,125,00559584,,A,22125,+30.8727010,-091.4210081,15,,G4020,West Feliciana,West Feliciana Parish,22,14595.403921568628,"{""type"":""MultiPoint"",""coordinates"":[]}"
000000000000000006d6,1174307241,6151756,12940,H1,037,00558542,,A,22037,+30.8397837,-091.0434338,15,,G4020,East Feliciana,East Feliciana Parish,22,2312.619607843137,"{""type"":""MultiPoint"",""coordinates"":[]}"
000000000000000006db,3413632352,113043381,10780,H1,079,00559460,,A,22079,+31.1932037,-092.5359531,15,,G4020,Rapides,Rapides Parish,22,65501.25098039216,"{""type"":""MultiPoint"",""coordinates"":[]}"
000000000000000006dd,1665429795,56013947,10780,H1,043,00558567,,A,22043,+31.5977873,-092.5617156,15,,G4020,Grant,Grant Parish,22,8612.0,"{""type"":""MultiPoint"",""coordinates"":[]}"
000000000000000006de,1805172274,130329995,35020,H1,029,00558515,,A,22029,+31.4698055,-091.6263140,15,,G4020,Concordia,Concordia Parish,22,127811.84705882354,"{""type"":""MultiPoint"",""coordinates"":[]}"
000000000000000006e5,1057772583,2796210,12940,H1,091,01629457,,A,22091,+30.8225386,-090.7083074,15,,G4020,St. Helena,St. Helena Parish,22,196.66666666666666,"{""type"":""MultiPoint"",""coordinates"":[]}"
000000000000000006e6,1678750673,112119167,12940,H1,063,00558083,,A,22063,+30.4404194,-090.7274738,15,,G4020,Livingston,Livingston Parish,22,285.0,"{""type"":""MultiPoint"",""coordinates"":[]}"
00000000000000000063,3439275960,35153783,22860,H1,115,00559548,217,A,22115,+31.1105625,-093.1815202,15,,G4020,Vernon,Vernon Parish,22,525.9568627450981,"{""type"":""MultiPoint"",""coordinates"":[]}"
00000000000000000064,2997502171,21999001,19760,H1,011,00558436,217,A,22011,+30.6450184,-093.3402526,15,,G4020,Beauregard,Beauregard Parish,22,4660.788235294118,"{""type"":""MultiPoint"",""coordinates"":[]}"
000000000000000006cc,1910535372,204161447,29180,H1,099,01629486,318,A,22099,+30.1214329,-091.6114814,15,,G4020,St. Martin,St. Martin Parish,22,41240.34117647059,"{""type"":""MultiPoint"",""coordinates"":[]}"
000000000000000006cd,1438845622,1460445312,34020,H1,101,01629492,318,A,22101,+29.6293488,-091.4638037,15,,G4020,St. Mary,St. Mary Parish,22,37118.098039215685,"{""type"":""MultiPoint"",""coordinates"":[]}"
000000000000000006ce,1486941064,1182115493,29180,H1,045,00558576,318,A,22045,+29.6060126,-091.8427057,15,,G4020,Iberia,Iberia Parish,22,43074.07843137252,"{""type"":""MultiPoint"",""coordinates"":[]}"
000000000000000006cf,3038599776,955342197,29180,H1,113,00559538,318,A,22113,+29.7897222,-092.2915678,15,,G4020,Vermilion,Vermilion Parish,22,31454.839215686276,"{""type"":""MultiPoint"",""coordinates"":[]}"
000000000000000006d0,1696777754,6021519,29180,H1,001,00558389,318,A,22001,+30.2914970,-092.4110366,15,,G4020,Acadia,Acadia Parish,22,81752.15686274509,"{""type"":""MultiPoint"",""coordinates"":[]}"
000000000000000006d1,696045240,1204114,29180,H6,055,00558059,318,B,22055,+30.2065065,-092.0641700,15,,G4020,Lafayette,Lafayette Parish,22,18824.317647058826,"{""type"":""MultiPoint"",""coordinates"":[]}"
000000000000000006d7,2392904508,39047412,36660,H1,097,01629479,318,A,22097,+30.5834409,-091.9892745,15,,G4020,St. Landry,St. Landry Parish,22,109854.08235294119,"{""type"":""MultiPoint"",""coordinates"":[]}"
00000000000000000062,2756538200,77608623,29340,H1,019,00558468,324,A,22019,+30.2295588,-093.3580154,15,,G4020,Calcasieu,Calcasieu Parish,22,21869.329411764706,"{""type"":""MultiPoint"",""coordinates"":[]}"
00000000000000000066,1687025362,18718206,27660,H1,053,00558039,324,A,22053,+30.2695293,-092.8162205,15,,G4020,Jefferson Davis,Jefferson Davis Parish,22,38026.419607843134,"{""type"":""MultiPoint"",""coordinates"":[]}"
00000000000000000067,3327836871,1688122644,29340,H1,023,00558488,324,A,22023,+29.8718120,-093.1649478,15,,G4020,Cameron,Cameron Parish,22,3319.7647058823527,"{""type"":""MultiPoint"",""coordinates"":[]}"
0000000000000000001f,2271359848,73624039,33740,H1,111,00559528,384,A,22111,+32.8293486,-092.3756501,15,,G4020,Union,Union Parish,22,157.0,"{""type"":""MultiPoint"",""coordinates"":[]}"
00000000000000000020,1221806136,1897709,40820,H1,061,00558077,384,A,22061,+32.6018231,-092.6623026,15,,G4020,Lincoln,Lincoln Parish,22,18.0,"{""type"":""MultiPoint"",""coordinates"":[]}"
00000000000000000021,1580943091,55283099,33740,H1,073,00558114,384,A,22073,+32.4776643,-092.1548478,15,,G4020,Ouachita,Ouachita Parish,22,46364.19607843137,"{""type"":""MultiPoint"",""coordinates"":[]}"
00000000000000000023,2058870205,28878805,12820,H1,067,00558097,384,A,22067,+32.8200082,-091.8003988,15,,G4020,Morehouse,Morehouse Parish,22,330975.0941176471,"{""type"":""MultiPoint"",""coordinates"":[]}"
000000000000000006c1,765682137,897184724,35380,H1,051,00558027,406,A,22051,+29.5033000,-090.0362310,15,,G4020,Jefferson,Jefferson Parish,22,50.0,"{""type"":""MultiPoint"",""coordinates"":[]}"
000000000000000006c2,719296011,308712052,35380,H1,089,01629449,406,A,22089,+29.9057222,-090.3578553,15,,G4020,St. Charles,St. Charles Parish,22,1192.8,"{""type"":""MultiPoint"",""coordinates"":[]}"
000000000000000006c3,2021056000,4628015820,35380,H1,075,00558125,406,A,22075,+29.4023370,-089.2984889,15,,G4020,Plaquemines,Plaquemines Parish,22,91.0,"{""type"":""MultiPoint"",""coordinates"":[]}"
000000000000000006c4,438799508,467299606,35380,H6,071,00558113,406,C,22071,+30.0534195,-089.9345018,15,,G4020,Orleans,Orleans Parish,22,16.0,"{""type"":""MultiPoint"",""coordinates"":[]}"
000000000000000006c5,977743048,4604211012,35380,H1,087,01629542,406,A,22087,+29.9181102,-089.2634941,15,,G4020,St. Bernard,St. Bernard Parish,22,3.0,"{""type"":""MultiPoint"",""coordinates"":[]}"
000000000000000006c6,2190305863,647228592,35380,H1,103,01629503,406,A,22103,+30.4100224,-089.9519622,15,,G4020,St. Tammany,St. Tammany Parish,22,90.0,"{""type"":""MultiPoint"",""coordinates"":[]}"
000000000000000006c7,555050557,506474565,35380,H1,095,01629472,406,A,22095,+30.1473067,-090.4856737,15,,G4020,St. John the Baptist,St. John the Baptist Parish,22,6152.2588235294115,"{""type"":""MultiPoint"",""coordinates"":[]}"
000000000000000006c8,625582188,42168610,35380,H1,093,01629464,406,A,22093,+30.0247772,-090.7939562,15,,G4020,St. James,St. James Parish,22,24270.019607843133,"{""type"":""MultiPoint"",""coordinates"":[]}"
000000000000000006e7,1734071719,16460917,14220,H1,117,00559557,406,A,22117,+30.8521435,-090.0462534,15,,G4020,Washington,Washington Parish,22,7577.007843137255,"{""type"":""MultiPoint"",""coordinates"":[]}"
000000000000000006e8,2049488094,136678798,25220,H1,105,00559500,406,A,22105,+30.6215802,-090.4066329,15,,G4020,Tangipahoa,Tangipahoa Parish,22,1339.713725490196,"{""type"":""MultiPoint"",""coordinates"":[]}"
00000000000000000371,8798667306,414015520,12620,H1,019,00581295,,A,23019,+45.4092789,-068.6665979,06,,G4020,Penobscot,Penobscot County,23,24.0,"{""type"":""MultiPoint"",""coordinates"":[]}"
00000000000000000379,2246806176,216724439,12300,H1,011,00581291,,A,23011,+44.4170119,-069.7657639,06,,G4020,Kennebec,Kennebec County,23,0.0,"{""type"":""MultiPoint"",""coordinates"":[]}"
00000000000000000375,657803473,300569614,38860,H1,023,00581297,438,A,23023,+43.9166447,-069.8443260,06,,G4020,Sagadahoc,Sagadahoc County,23,0.0,"{""type"":""MultiPoint"",""coordinates"":[]}"
00000000000000000376,2566108149,722427909,38860,H1,031,00581301,438,A,23031,+43.4260188,-070.6684248,06,,G4020,York,York County,23,0.0,"{""type"":""MultiPoint"",""coordinates"":[]}"
00000000000000000377,2164390945,988820985,38860,H1,005,00581288,438,A,23005,+43.8083479,-070.3303753,06,,G4020,Cumberland,Cumberland County,23,0.0,"{""type"":""MultiPoint"",""coordinates"":[]}"
0000000000000000037f,1211937419,75599699,30340,H1,001,00581286,438,A,23001,+44.1676811,-070.2074347,06,,G4020,Androscoggin,Androscoggin County,23,0.0,"{""type"":""MultiPoint"",""coordinates"":[]}"
00000000000000000101,1549199574,22938608,25880,H1,059,01622972,,A,26059,+41.8644753,-084.6424093,06,,G4020,Hillsdale,Hillsdale County,26,382402.705882353,"{""type"":""MultiPoint"",""coordinates"":[]}"
0000000000000000032e,1311513992,34440013,17740,H1,023,01622954,,A,26023,+41.9184551,-085.0668852,06,,G4020,Branch,Branch County,26,397518.0784313724,"{""type"":""MultiPoint"",""coordinates"":[]}"
00000000000000000340,1282237606,1935672193,31220,H1,105,01622995,,A,26105,+43.9966363,-086.7508138,06,,G4020,Mason,Mason County,26,28953.360784313725,"{""type"":""MultiPoint"",""coordinates"":[]}"
00000000000000000342,828029228,1398237386,45900,H1,019,01622952,,A,26019,+44.6486213,-086.4943166,06,,G4020,Benzie,Benzie County,26,33.0,"{""type"":""MultiPoint"",""coordinates"":[]}"
00000000000000000343,1463348860,27098944,15620,H1,165,01623023,,A,26165,+44.3313751,-085.5700462,06,,G4020,Wexford,Wexford County,26,1905.6235294117646,"{""type"":""MultiPoint"",""coordinates"":[]}"
00000000000000000346,1462638198,23575303,15620,H1,113,01622999,,A,26113,+44.3254240,-085.0854708,06,,G4020,Missaukee,Missaukee County,26,318.0,"{""type"":""MultiPoint"",""coordinates"":[]}"
00000000000000000348,1450060290,28061562,45900,H1,079,01622982,,A,26079,+44.6788808,-085.0889915,06,,G4020,Kalkaska,Kalkaska County,26,12.0,"{""type"":""MultiPoint"",""coordinates"":[]}"
00000000000000000357,1817308326,56538564,27100,H1,075,01622980,,A,26075,+42.2484738,-084.4208679,06,,G4020,Jackson,Jackson County,26,260520.94901960774,"{""type"":""MultiPoint"",""coordinates"":[]}"
0000000000000000039c,1481125303,2908714548,10980,H1,007,01622946,,A,26007,+44.8949540,-083.4265739,06,,G4020,Alpena,Alpena County,26,37262.776470588244,"{""type"":""MultiPoint"",""coordinates"":[]}"
0000000000000000039e,4036315424,2952479423,42300,H1,033,01622959,,A,26033,+46.3218192,-084.5206297,06,,G4020,Chippewa,Chippewa County,26,136.0,"{""type"":""MultiPoint"",""coordinates"":[]}"
000000000000000003a8,1398883253,14053673397,26340,H1,083,01622984,,A,26083,+47.6819737,-088.1487965,06,,G4020,Keweenaw,Keweenaw County,26,0.0,"{""type"":""MultiPoint"",""coordinates"":[]}"
000000000000000003ab,1202643276,354756753,45900,H1,055,01622970,,A,26055,+44.7186875,-085.5538484,06,,G4020,Grand Traverse,Grand Traverse County,26,4038.372549019608,"{""type"":""MultiPoint"",""coordinates"":[]}"
000000000000000003ac,899207290,5659134006,45900,H1,089,01622987,,A,26089,+45.1461816,-086.0515740,06,,G4020,Leelanau,Leelanau County,26,435.0,"{""type"":""MultiPoint"",""coordinates"":[]}"
000000000000000003ad,3033119057,2124391646,21540,H1,041,01622963,,A,26041,+45.8052288,-086.9019375,06,,G4020,Delta,Delta County,26,2806.0,"{""type"":""MultiPoint"",""coordinates"":[]}"
000000000000000003af,2704030473,761792643,31940,H1,109,01622997,,A,26109,+45.5382374,-087.4929489,06,,G4020,Menominee,Menominee County,26,7473.0,"{""type"":""MultiPoint"",""coordinates"":[]}"
000000000000000003b1,4683963838,4185358819,32100,H1,103,01622994,,A,26103,+46.6565964,-087.5840278,06,,G4020,Marquette,Marquette County,26,262.0,"{""type"":""MultiPoint"",""coordinates"":[]}"
000000000000000003b3,2613513997,1275354815,26340,H1,061,01622973,,A,26061,+46.9984310,-088.6519079,06,,G4020,Houghton,Houghton County,26,0.0,"{""type"":""MultiPoint"",""coordinates"":[]}"
000000000000000003b5,1972018818,40533053,27020,H1,043,01622964,,A,26043,+46.0128231,-087.8661191,06,,G4020,Dickinson,Dickinson County,26,486.0,"{""type"":""MultiPoint"",""coordinates"":[]}"
000000000000000000fa,1423002774,338237702,33780,H1,115,01623000,220,A,26115,+41.9160970,-083.4871059,06,,G4020,Monroe,Monroe County,26,372091.96078431373,"{""type"":""MultiPoint"",""coordinates"":[]}"
00000000000000000100,1941350734,30688197,10300,H1,091,01622988,220,A,26091,+41.8961086,-084.0743496,06,,G4020,Lenawee,Lenawee County,26,574807.4352941178,"{""type"":""MultiPoint"",""coordinates"":[]}"
00000000000000000359,1463696909,52499169,19820,H1,093,01622989,220,A,26093,+42.6025316,-083.9117183,06,47664,G4020,Livingston,Livingston County,26,114326.15686274509,"{""type"":""MultiPoint"",""coordinates"":[]}"
0000000000000000035a,1828428383,42628874,11460,H1,161,01623021,220,A,26161,+42.2523272,-083.8446336,06,,G4020,Washtenaw,Washtenaw County,26,242382.78039215686,"{""type"":""MultiPoint"",""coordinates"":[]}"
0000000000000000035b,2246702102,103171713,19820,H1,125,01623005,220,A,26125,+42.6604518,-083.3842103,06,47664,G4020,Oakland,Oakland County,26,18343.803921568633,"{""type"":""MultiPoint"",""coordinates"":[]}"
0000000000000000035c,1649729500,32693085,22420,H1,049,01622967,220,A,26049,+43.0210768,-083.7063718,06,,G4020,Genesee,Genesee County,26,179171.90588235296,"{""type"":""MultiPoint"",""coordinates"":[]}"
0000000000000000035d,1668449552,48310219,19820,H1,087,01622986,220,A,26087,+43.0886327,-083.2243247,06,47664,G4020,Lapeer,Lapeer County,26,223204.65098039218,"{""type"":""MultiPoint"",""coordinates"":[]}"
0000000000000000035f,1867861159,298681155,19820,H1,147,01625033,220,A,26147,+42.9288035,-082.6689135,06,47664,G4020,St. Clair,St. Clair County,26,239375.49411764706,"{""type"":""MultiPoint"",""coordinates"":[]}"
00000000000000000360,1585112017,157118555,19820,H1,163,01623022,220,A,26163,+42.2846636,-083.2619533,06,19804,G4020,Wayne,Wayne County,26,22506.37647058824,"{""type"":""MultiPoint"",""coordinates"":[]}"
00000000000000000361,1240902197,237590352,19820,H1,099,01622992,220,A,26099,+42.6714669,-082.9108693,06,47664,G4020,Macomb,Macomb County,26,85732.85882352942,"{""type"":""MultiPoint"",""coordinates"":[]}"
000000000000000002fe,2137349551,2610845118,26090,H1,005,01622945,266,A,26005,+42.5957875,-086.6347446,06,,G4020,Allegan,Allegan County,26,270030.71764705883,"{""type"":""MultiPoint"",""coordinates"":[]}"
00000000000000000334,1432507987,62021607,24340,H1,015,01622950,266,A,26015,+42.5828109,-085.3145503,06,,G4020,Barry,Barry County,26,171384.01960784313,"{""type"":""MultiPoint"",""coordinates"":[]}"
00000000000000000337,2195453261,62871179,24340,H1,081,01622983,266,A,26081,+43.0324971,-085.5474460,06,,G4020,Kent,Kent County,26,145958.61176470589,"{""type"":""MultiPoint"",""coordinates"":[]}"
00000000000000000338,1479671935,22641047,26960,H1,067,01622976,266,A,26067,+42.9446503,-085.0737660,06,,G4020,Ionia,Ionia County,26,350719.2156862745,"{""type"":""MultiPoint"",""coordinates"":[]}"
00000000000000000339,1826967219,39965455,24340,H1,117,01623001,266,A,26117,+43.3127822,-085.1494679,06,,G4020,Montcalm,Montcalm County,26,161003.8588235294,"{""type"":""MultiPoint"",""coordinates"":[]}"
0000000000000000033a,1437626842,41759537,13660,H1,107,01622996,266,A,26107,+43.6352949,-085.3327509,06,,G4020,Mecosta,Mecosta County,26,46046.89019607843,"{""type"":""MultiPoint"",""coordinates"":[]}"
0000000000000000033d,1459662264,2765669102,24340,H1,139,01623012,266,A,26139,+42.9424607,-086.6549462,06,,G4020,Ottawa,Ottawa County,26,162670.66274509803,"{""type"":""MultiPoint"",""coordinates"":[]}"
0000000000000000033e,1295054825,2486391724,34740,H1,121,01623003,266,A,26121,+43.2892579,-086.7518920,06,,G4020,Muskegon,Muskegon County,26,56824.231372549024,"{""type"":""MultiPoint"",""coordinates"":[]}"
000000000000000002fd,1574150150,1248671273,28020,H1,159,01623020,310,A,26159,+42.2821497,-086.3060762,06,,G4020,Van Buren,Van Buren County,26,166531.2862745098,"{""type"":""MultiPoint"",""coordinates"":[]}"
00000000000000000330,1296553523,52912989,44780,H1,149,01625034,310,A,26149,+41.9114878,-085.5228703,06,,G4020,St. Joseph,St. Joseph County,26,288297.9843137255,"{""type"":""MultiPoint"",""coordinates"":[]}"
00000000000000000333,1456081718,46881014,28020,H1,077,01622981,310,A,26077,+42.2462657,-085.5328544,06,,G4020,Kalamazoo,Kalamazoo County,26,159385.78039215688,"{""type"":""MultiPoint"",""coordinates"":[]}"
00000000000000000335,1829249870,31275675,12980,H1,025,01622955,310,A,26025,+42.2429896,-085.0123853,06,,G4020,Calhoun,Calhoun County,26,389738.3333333334,"{""type"":""MultiPoint"",""coordinates"":[]}"
00000000000000000336,1489703574,11020019,29620,H1,045,01622965,330,A,26045,+42.5896144,-084.8465237,06,,G4020,Eaton,Eaton County,26,364568.0784313726,"{""type"":""MultiPoint"",""coordinates"":[]}"
00000000000000000355,1466991661,21105919,29620,H1,037,01622961,330,A,26037,+42.9504550,-084.5916949,06,,G4020,Clinton,Clinton County,26,380291.58431372547,"{""type"":""MultiPoint"",""coordinates"":[]}"
00000000000000000356,1374710887,26336215,37020,H1,155,01623018,330,A,26155,+42.9515446,-084.1463518,06,,G4020,Shiawassee,Shiawassee County,26,374414.02352941176,"{""type"":""MultiPoint"",""coordinates"":[]}"
00000000000000000358,1440346359,11891440,29620,H1,065,01622975,330,A,26065,+42.6035338,-084.3738107,06,,G4020,Ingham,Ingham County,26,329216.8666666667,"{""type"":""MultiPoint"",""coordinates"":[]}"
0000000000000000033b,1483226454,12959626,34380,H1,073,01622979,394,A,26073,+43.6452331,-084.8394245,06,,G4020,Isabella,Isabella County,26,215421.79999999996,"{""type"":""MultiPoint"",""coordinates"":[]}"
00000000000000000353,1472309904,8154670,10940,H1,057,01622971,394,A,26057,+43.2923259,-084.6046900,06,,G4020,Gratiot,Gratiot County,26,467812.22352941177,"{""type"":""MultiPoint"",""coordinates"":[]}"
0000000000000000034f,1145557693,487990590,13020,H1,017,01622951,474,A,26017,+43.6997112,-083.9787007,06,,G4020,Bay,Bay County,26,262273.09803921566,"{""type"":""MultiPoint"",""coordinates"":[]}"
00000000000000000352,1337099821,30589808,33220,H1,111,01622998,474,A,26111,+43.6482031,-084.3794144,06,,G4020,Midland,Midland County,26,119156.02745098039,"{""type"":""MultiPoint"",""coordinates"":[]}"
00000000000000000354,2073181589,40159719,40980,H1,145,01623015,474,A,26145,+43.3282667,-084.0554100,06,,G4020,Saginaw,Saginaw County,26,508157.68235294113,"{""type"":""MultiPoint"",""coordinates"":[]}"
000000000000000002fc,1470467019,2625526479,35660,H1,021,01622953,515,A,26021,+41.7926389,-086.7418216,06,,G4020,Berrien,Berrien County,26,239112.79607843136,"{""type"":""MultiPoint"",""coordinates"":[]}"
00000000000000000332,1269354633,47180822,43780,H1,027,01622956,515,A,26027,+41.9169658,-086.0002567,06,,G4020,Cass,Cass County,26,246491.53333333333,"{""type"":""MultiPoint"",""coordinates"":[]}"
0000000000000000028f,1831347093,39714579,10660,H1,047,00659469,,A,27047,+43.6742019,-093.3502887,06,,G4020,Freeborn,Freeborn County,27,890733.4392156865,"{""type"":""MultiPoint"",""coordinates"":[]}"
0000000000000000029a,1844947506,44649915,21860,H1,091,00659490,,A,27091,+43.6771181,-094.5372525,06,,G4020,Martin,Martin County,27,942833.5137254903,"{""type"":""MultiPoint"",""coordinates"":[]}"
000000000000000002a4,1112775704,6976791,36940,H1,147,00659518,,A,27147,+44.0152607,-093.2204527,06,,G4020,Steele,Steele County,27,498385.54901960795,"{""type"":""MultiPoint"",""coordinates"":[]}"
000000000000000002ae,1621568469,40121648,49100,H1,169,00659529,,A,27169,+43.9822682,-091.7767076,06,,G4020,Winona,Winona County,27,178026.0274509803,"{""type"":""MultiPoint"",""coordinates"":[]}"
000000000000000002b0,1429784548,43496132,29100,H1,055,00659473,,A,27055,+43.6669899,-091.5015556,06,,G4020,Houston,Houston County,27,130221.74509803922,"{""type"":""MultiPoint"",""coordinates"":[]}"
000000000000000003d0,16181092598,1584976829,20260,H1,137,00662850,,A,27137,+47.5786350,-092.5145700,06,,G4020,St. Louis,St. Louis County,27,1650.0,"{""type"":""MultiPoint"",""coordinates"":[]}"
000000000000000003e0,2230821122,36133709,20260,H1,017,00659454,,A,27017,+46.6038184,-092.6710435,06,,G4020,Carlton,Carlton County,27,3850.964705882353,"{""type"":""MultiPoint"",""coordinates"":[]}"
000000000000000003e1,6908157284,675007069,24330,H1,061,00659476,,A,27061,+47.4908166,-093.6111022,06,,G4020,Itasca,Itasca County,27,10385.0,"{""type"":""MultiPoint"",""coordinates"":[]}"
000000000000000003e3,5235579845,1016649115,14660,H1,021,00659456,,A,27021,+46.9517447,-094.3337048,06,,G4020,Cass,Cass County,27,12680.729411764705,"{""type"":""MultiPoint"",""coordinates"":[]}"
000000000000000003e4,2585784334,409678832,14660,H1,035,00659463,,A,27035,+46.4916528,-094.0707182,06,,G4020,Crow Wing,Crow Wing County,27,24882.450980392157,"{""type"":""MultiPoint"",""coordinates"":[]}"
000000000000000003f5,2064978239,168506888,48820,H1,067,00659479,,A,27067,+45.1527137,-095.0049812,06,,G4020,Kandiyohi,Kandiyohi County,27,674631.1176470589,"{""type"":""MultiPoint"",""coordinates"":[]}"
000000000000000003f8,1649943521,214860990,10820,H1,041,00659466,,A,27041,+45.9368293,-095.4621560,06,,G4020,Douglas,Douglas County,27,408027.3529411765,"{""type"":""MultiPoint"",""coordinates"":[]}"
000000000000000003fa,5107557096,653980190,22260,H1,111,00659501,,A,27111,+46.4057250,-095.7145779,06,,G4020,Otter Tail,Otter Tail County,27,939050.3725490198,"{""type"":""MultiPoint"",""coordinates"":[]}"
000000000000000003ff,5105067507,69169913,24220,H1,119,00659505,,A,27119,+47.7742536,-096.4000265,06,,G4020,Polk,Polk County,27,1959278.4392156862,"{""type"":""MultiPoint"",""coordinates"":[]}"
00000000000000000400,6487127468,1426314757,13420,H1,007,00659449,,A,27007,+47.8795077,-095.0050500,06,,G4020,Beltrami,Beltrami County,27,139576.17647058822,"{""type"":""MultiPoint"",""coordinates"":[]}"
000000000000000008ca,1850712587,18397339,32140,H1,083,00659487,,A,27083,+44.4091953,-095.8472678,06,,G4020,Lyon,Lyon County,27,945800.8862745098,"{""type"":""MultiPoint"",""coordinates"":[]}"
000000000000000008d0,1852113586,19287319,49380,H1,105,00659498,,A,27105,+43.6776863,-095.7631323,06,,G4020,Nobles,Nobles County,27,994028.694117647,"{""type"":""MultiPoint"",""coordinates"":[]}"
0000000000000000041a,2707308702,18991336,22020,H1,027,00659459,244,A,27027,+46.8983772,-096.4949007,06,,G4020,Clay,Clay County,27,1114998.4156862746,"{""type"":""MultiPoint"",""coordinates"":[]}"
0000000000000000041c,1945038539,482554,47420,H1,167,00659528,244,A,27167,+46.3623354,-096.4766570,06,,G4020,Wilkin,Wilkin County,27,967597.5725490197,"{""type"":""MultiPoint"",""coordinates"":[]}"
0000000000000000029c,1936862561,46052484,31860,H1,013,00659452,359,A,27013,+44.0337104,-094.0640122,06,,G4020,Blue Earth,Blue Earth County,27,977583.3098039216,"{""type"":""MultiPoint"",""coordinates"":[]}"
0000000000000000029e,1161920930,47467519,31860,H1,103,00659497,359,A,27103,+44.3588195,-094.2456850,06,,G4020,Nicollet,Nicollet County,27,520327.1882352942,"{""type"":""MultiPoint"",""coordinates"":[]}"
000000000000000008ce,1582659428,18584892,35580,H1,015,00659453,359,A,27015,+44.2465415,-094.7336472,06,,G4020,Brown,Brown County,27,788829.7960784314,"{""type"":""MultiPoint"",""coordinates"":[]}"
000000000000000002a3,1284229903,52055569,22060,H1,131,00659511,378,A,27131,+44.3509427,-093.2985032,06,,G4020,Rice,Rice County,27,416672.67058823537,"{""type"":""MultiPoint"",""coordinates"":[]}"
000000000000000002a5,1960231259,61007240,39860,H1,049,00659470,378,A,27049,+44.4061779,-092.7160003,06,,G4020,Goodhue,Goodhue County,27,599968.6784313725,"{""type"":""MultiPoint"",""coordinates"":[]}"
000000000000000003f0,1057483337,12286995,41060,H1,009,00659450,378,A,27009,+45.7012249,-094.0014397,06,,G4020,Benton,Benton County,27,203572.70588235298,"{""type"":""MultiPoint"",""coordinates"":[]}"
000000000000000003f1,3477908142,122093887,41060,H1,145,00659517,378,A,27145,+45.5552345,-094.6104822,06,,G4020,Stearns,Stearns County,27,675177.168627451,"{""type"":""MultiPoint"",""coordinates"":[]}"
000000000000000003f3,1272931184,36379308,26780,H1,085,00659491,378,A,27085,+44.8216571,-094.2723231,06,,G4020,McLeod,McLeod County,27,586685.3647058822,"{""type"":""MultiPoint"",""coordinates"":[]}"
0000000000000000028e,1842332256,617229,12380,H1,099,00659495,462,A,27099,+43.6662486,-092.7595136,06,,G4020,Mower,Mower County,27,949940.9960784316,"{""type"":""MultiPoint"",""coordinates"":[]}"
000000000000000002a6,1137724826,800245,40340,H1,039,00659465,462,A,27039,+44.0207056,-092.8693529,06,,G4020,Dodge,Dodge County,27,565815.9764705882,"{""type"":""MultiPoint"",""coordinates"":[]}"
000000000000000002a7,1693067589,3019334,40340,H1,109,00659500,462,A,27109,+44.0034295,-092.4067216,06,,G4020,Olmsted,Olmsted County,27,436741.811764706,"{""type"":""MultiPoint"",""coordinates"":[]}"
000000000000000002a8,1354359322,68954602,40340,H1,157,00659523,462,A,27157,+44.2896930,-092.2333405,06,,G4020,Wabasha,Wabasha County,27,238412.97647058827,"{""type"":""MultiPoint"",""coordinates"":[]}"
000000000000000002b1,2230733404,2068919,40340,H1,045,00659468,462,A,27045,+43.6791869,-092.0939369,06,,G4020,Fillmore,Fillmore County,27,556992.1686274505,"{""type"":""MultiPoint"",""coordinates"":[]}"
00000000000000000003,1627140837,16426880,24900,H1,015,00695732,,A,28015,+33.4407948,-089.9188870,06,,G4020,Carroll,Carroll County,28,36292.70196078432,"{""type"":""MultiPoint"",""coordinates"":[]}"
00000000000000000004,1536793533,33720363,24900,H1,083,00695765,,A,28083,+33.5497896,-090.2949343,06,,G4020,Leflore,Leflore County,28,298523.1019607843,"{""type"":""MultiPoint"",""coordinates"":[]}"
00000000000000000007,1093252414,70698246,24980,H1,043,00695746,,A,28043,+33.7700310,-089.8027405,06,,G4020,Grenada,Grenada County,28,23635.321568627456,"{""type"":""MultiPoint"",""coordinates"":[]}"
0000000000000000000a,1431035290,79322563,17260,H1,027,00695738,,A,28027,+34.2286699,-090.6031650,06,,G4020,Coahoma,Coahoma County,28,128405.33333333336,"{""type"":""MultiPoint"",""coordinates"":[]}"
000000000000000006df,1197464268,65273640,35020,H1,001,00695726,,A,28001,+31.4862176,-091.3517814,06,,G4020,Adams,Adams County,28,9792.701960784314,"{""type"":""MultiPoint"",""coordinates"":[]}"
000000000000000006e3,1890950868,3877823,32620,H1,005,00695727,,A,28005,+31.2039333,-090.7955421,06,,G4020,Amite,Amite County,28,374.443137254902,"{""type"":""MultiPoint"",""coordinates"":[]}"
000000000000000006eb,1059350502,4341105,32620,H1,113,00711758,,A,28113,+31.1775158,-090.3977277,06,,G4020,Pike,Pike County,28,899.635294117647,"{""type"":""MultiPoint"",""coordinates"":[]}"
000000000000000006f9,1877069905,94495553,24740,H1,151,00695796,,A,28151,+33.2731740,-090.9444459,06,,G4020,Washington,Washington County,28,294147.24705882353,"{""type"":""MultiPoint"",""coordinates"":[]}"
0000000000000000072a,1036100568,3417891,18420,H1,003,00711755,,A,28003,+34.8865689,-088.5811091,06,,G4020,Alcorn,Alcorn County,28,24298.513725490197,"{""type"":""MultiPoint"",""coordinates"":[]}"
0000000000000000072c,1165367719,8349354,46180,H1,081,00695764,,A,28081,+34.2923703,-088.6824388,06,,G4020,Lee,Lee County,28,14924.423529411764,"{""type"":""MultiPoint"",""coordinates"":[]}"
00000000000000000730,1636141755,123052156,37060,H1,071,00695759,,A,28071,+34.3492982,-089.4859026,06,,G4020,Lafayette,Lafayette County,28,4995.105882352941,"{""type"":""MultiPoint"",""coordinates"":[]}"
00000000000000000735,1289142874,8496511,46180,H1,115,00695803,,A,28115,+34.2270808,-089.0372387,06,,G4020,Pontotoc,Pontotoc County,28,11194.01568627451,"{""type"":""MultiPoint"",""coordinates"":[]}"
0000000000000000073b,1186750731,9649656,44260,H1,105,00695775,,A,28105,+33.4223134,-088.8761514,06,,G4020,Oktibbeha,Oktibbeha County,28,3199.6117647058823,"{""type"":""MultiPoint"",""coordinates"":[]}"
00000000000000000744,1799558905,12676802,29860,H1,067,00695757,,A,28067,+31.6166011,-089.1685317,06,,G4020,Jones,Jones County,28,1500.0,"{""type"":""MultiPoint"",""coordinates"":[]}"
00000000000000000745,1751451429,3181592,29860,H1,061,00695754,,A,28061,+32.0169894,-089.1194302,06,,G4020,Jasper,Jasper County,28,119.0,"{""type"":""MultiPoint"",""coordinates"":[]}"
00000000000000000748,1791177222,5069761,32940,H1,023,00695736,,A,28023,+32.0453738,-088.6879756,06,,G4020,Clarke,Clarke County,28,3236.58431372549,"{""type"":""MultiPoint"",""coordinates"":[]}"
00000000000000000749,1822451131,29787695,32940,H1,075,00695761,,A,28075,+32.4039981,-088.6604487,06,,G4020,Lauderdale,Lauderdale County,28,206.0,"{""type"":""MultiPoint"",""coordinates"":[]}"
0000000000000000074a,1984403113,2182350,32940,H1,069,00695758,,A,28069,+32.7501361,-088.6256306,06,,G4020,Kemper,Kemper County,28,1516.5019607843137,"{""type"":""MultiPoint"",""coordinates"":[]}"
0000000000000000075c,1379925842,19832711,46180,H1,057,00695752,,A,28057,+34.2810747,-088.3631269,06,,G4020,Itawamba,Itawamba County,28,8604.082352941177,"{""type"":""MultiPoint"",""coordinates"":[]}"
000000000000000007a2,1871915875,830485604,25060,H1,059,00695753,,A,28059,+30.4560045,-088.6251005,06,,G4020,Jackson,Jackson County,28,3728.2313725490194,"{""type"":""MultiPoint"",""coordinates"":[]}"
000000000000000007a6,1486713864,1063618187,25060,H1,047,00695747,,A,28047,+30.4165357,-089.0833762,06,,G4020,Harrison,Harrison County,28,88.0,"{""type"":""MultiPoint"",""coordinates"":[]}"
000000000000000007a7,1227560683,204096133,25060,H1,045,00711756,,A,28045,+30.3916415,-089.4827905,06,,G4020,Hancock,Hancock County,28,333.0,"{""type"":""MultiPoint"",""coordinates"":[]}"
000000000000000007aa,1676259638,7754345,25620,H1,111,00695778,,A,28111,+31.1693073,-088.9887554,06,,G4020,Perry,Perry County,28,1730.0,"{""type"":""MultiPoint"",""coordinates"":[]}"
000000000000000007ab,1207042799,10872920,25620,H1,035,00695742,,A,28035,+31.1885802,-089.2594467,06,,G4020,Forrest,Forrest County,28,2946.0,"{""type"":""MultiPoint"",""coordinates"":[]}"
000000000000000007ac,1287499610,8599890,25620,H1,073,00695760,,A,28073,+31.1975865,-089.5063691,06,,G4020,Lamar,Lamar County,28,1279.235294117647,"{""type"":""MultiPoint"",""coordinates"":[]}"
00000000000000000005,1807187009,23747315,26940,H1,133,00695787,185,A,28133,+33.6055289,-090.5950901,06,,G4020,Sunflower,Sunflower County,28,257814.1725490196,"{""type"":""MultiPoint"",""coordinates"":[]}"
0000000000000000000d,2270314789,75742137,17380,H1,011,00695730,185,A,28011,+33.7991391,-090.8841199,06,,G4020,Bolivar,Bolivar County,28,313252.0039215686,"{""type"":""MultiPoint"",""coordinates"":[]}"
00000000000000000737,1062066012,15393112,48500,H1,025,00695737,200,A,28025,+33.6617328,-088.7833259,06,,G4020,Clay,Clay County,28,13890.556862745096,"{""type"":""MultiPoint"",""coordinates"":[]}"
00000000000000000759,1309077219,28560499,18060,H1,087,00695767,200,A,28087,+33.4714237,-088.4397227,06,,G4020,Lowndes,Lowndes County,28,49126.29019607843,"{""type"":""MultiPoint"",""coordinates"":[]}"
00000000000000000002,1850058790,71143948,27140,H1,089,00695768,298,A,28089,+32.6343703,-090.0341603,06,,G4020,Madison,Madison County,28,50203.18823529412,"{""type"":""MultiPoint"",""coordinates"":[]}"
000000000000000006e4,1518055421,5309826,15020,H1,085,00695766,298,A,28085,+31.5352155,-090.4535663,06,,G4020,Lincoln,Lincoln County,28,2060.7490196078434,"{""type"":""MultiPoint"",""coordinates"":[]}"
000000000000000006ed,1525930832,3378529,27140,H1,127,00695784,298,A,28127,+31.9025047,-089.9177086,06,,G4020,Simpson,Simpson County,28,1901.9058823529413,"{""type"":""MultiPoint"",""coordinates"":[]}"
000000000000000006ee,2013048567,5754986,27140,H1,029,00695739,298,A,28029,+31.8669151,-090.4487578,06,,G4020,Copiah,Copiah County,28,3478.4235294117643,"{""type"":""MultiPoint"",""coordinates"":[]}"
000000000000000006ef,2008322209,79429951,27140,H1,121,00695781,298,A,28121,+32.2671233,-089.9460630,06,,G4020,Rankin,Rankin County,28,5721.729411764706,"{""type"":""MultiPoint"",""coordinates"":[]}"
000000000000000006f0,2252677558,19496562,27140,H1,049,00695748,298,A,28049,+32.2677879,-090.4660171,06,,G4020,Hinds,Hinds County,28,39905.27843137254,"{""type"":""MultiPoint"",""coordinates"":[]}"
000000000000000006f1,1262400025,35711133,46980,H1,021,00695735,298,A,28021,+31.9728096,-090.9154239,06,,G4020,Claiborne,Claiborne County,28,14368.145098039215,"{""type"":""MultiPoint"",""coordinates"":[]}"
000000000000000006f3,1524245417,77800995,46980,H1,149,00695795,298,A,28149,+32.3560946,-090.8523838,06,,G4020,Warren,Warren County,28,23081.278431372557,"{""type"":""MultiPoint"",""coordinates"":[]}"
000000000000000006f5,2388379826,31357664,27140,H1,163,00695802,298,A,28163,+32.7656747,-090.3879282,06,,G4020,Yazoo,Yazoo County,28,191354.3843137255,"{""type"":""MultiPoint"",""coordinates"":[]}"
0000000000000000000b,1177602384,67538891,32820,H1,143,00695792,368,A,28143,+34.6522011,-090.3717697,06,,G4020,Tunica,Tunica County,28,113027.47450980393,"{""type"":""MultiPoint"",""coordinates"":[]}"
000000000000000001fc,1233556699,53624068,32820,H1,033,00695741,368,A,28033,+34.8742660,-089.9932400,06,,G4020,DeSoto,DeSoto County,28,37747.65098039216,"{""type"":""MultiPoint"",""coordinates"":[]}"
000000000000000001fd,1048330688,16092732,32820,H1,137,00695789,368,A,28137,+34.6495527,-089.9431054,06,,G4020,Tate,Tate County,28,34358.47450980392,"{""type"":""MultiPoint"",""coordinates"":[]}"
0000000000000000072e,1053131399,5279183,32820,H1,009,00695729,368,A,28009,+34.8105184,-089.2002848,06,,G4020,Benton,Benton County,28,13416.643137254898,"{""type"":""MultiPoint"",""coordinates"":[]}"
0000000000000000072f,1828989833,9195190,32820,H1,093,00695770,368,A,28093,+34.7661897,-089.5042310,06,,G4020,Marshall,Marshall County,28,21132.909803921568,"{""type"":""MultiPoint"",""coordinates"":[]}"
000000000000000007a9,2100183723,20778648,38100,H1,109,00695777,406,A,28109,+30.7747929,-089.5869043,06,,G4020,Pearl River,Pearl River County,28,1171.0,"{""type"":""MultiPoint"",""coordinates"":[]}"
000000000000000001e6,2401562305,2913502,48460,H1,091,00758500,,A,29091,+36.7743685,-091.8873677,06,,G4020,Howell,Howell County,29,1329.0,"{""type"":""MultiPoint"",""coordinates"":[]}"
00000000000000000200,1401369327,15831055,28380,H1,069,00758489,,A,29069,+36.1530246,-090.0622538,06,,G4020,Dunklin,Dunklin County,29,240669.8901960784,"{""type"":""MultiPoint"",""coordinates"":[]}"
00000000000000000203,1799185021,11195137,38740,H1,023,00758466,,A,29023,+36.7151802,-090.4031300,06,,G4020,Butler,Butler County,29,405294.7098039215,"{""type"":""MultiPoint"",""coordinates"":[]}"
0000000000000000021a,1739898251,6587832,40620,H1,161,00758535,,A,29161,+37.8663263,-091.7903492,06,,G4020,Phelps,Phelps County,29,1800.3176470588235,"{""type"":""MultiPoint"",""coordinates"":[]}"
0000000000000000021b,1416985287,11341981,22780,H1,169,00758539,,A,29169,+37.8248346,-092.2070224,06,,G4020,Pulaski,Pulaski County,29,2503.235294117647,"{""type"":""MultiPoint"",""coordinates"":[]}"
0000000000000000021d,1571017654,17751408,27620,H1,151,00758530,,A,29151,+38.4642535,-091.8595036,06,,G4020,Osage,Osage County,29,37946.61960784314,"{""type"":""MultiPoint"",""coordinates"":[]}"
0000000000000000021e,2161546514,33099292,27620,H1,027,00758468,,A,29027,+38.8355470,-091.9234458,06,,G4020,Callaway,Callaway County,29,175968.99607843137,"{""type"":""MultiPoint"",""coordinates"":[]}"
00000000000000000260,1307147388,18473317,22800,H1,045,00758477,,A,29045,+40.4072747,-091.7294720,06,,G4020,Clark,Clark County,29,315895.49019607843,"{""type"":""MultiPoint"",""coordinates"":[]}"
00000000000000000262,795916406,2216011,28860,H1,197,00758551,,A,29197,+40.4693611,-092.5190156,06,,G4020,Schuyler,Schuyler County,29,67409.48627450982,"{""type"":""MultiPoint"",""coordinates"":[]}"
00000000000000000263,1469362053,5468507,28860,H1,001,00765805,,A,29001,+40.1906655,-092.6035922,06,,G4020,Adair,Adair County,29,116787.41568627453,"{""type"":""MultiPoint"",""coordinates"":[]}"
00000000000000000909,2271326596,2361588,32340,H1,147,00758528,,A,29147,+40.3611359,-094.8831457,06,,G4020,Nodaway,Nodaway County,29,736624.8196078432,"{""type"":""MultiPoint"",""coordinates"":[]}"
000000000000000009cb,1956716996,29587339,32180,H1,195,00758550,,A,29195,+39.1358403,-093.2041639,06,,G4020,Saline,Saline County,29,708929.2862745099,"{""type"":""MultiPoint"",""coordinates"":[]}"
000000000000000009d3,1074911081,9960533,27620,H1,135,00758522,,A,29135,+38.6330371,-092.5836417,06,,G4020,Moniteau,Moniteau County,29,80947.81960784315,"{""type"":""MultiPoint"",""coordinates"":[]}"
000000000000000009d5,1766949639,10503983,42740,H1,159,00758534,,A,29159,+38.7273667,-093.2852073,06,,G4020,Pettis,Pettis County,29,350845.65882352943,"{""type"":""MultiPoint"",""coordinates"":[]}"
000000000000000009da,1014013381,19259438,27620,H1,051,00758480,,A,29051,+38.5032331,-092.2800271,06,,G4020,Cole,Cole County,29,20014.329411764706,"{""type"":""MultiPoint"",""coordinates"":[]}"
000000000000000009de,1980627554,8515352,30060,H1,105,00758507,,A,29105,+37.6596879,-092.5948405,06,,G4020,Laclede,Laclede County,29,2896.7568627450983,"{""type"":""MultiPoint"",""coordinates"":[]}"
000000000000000009ed,1397247188,520251,22220,H1,119,00758518,,A,29119,+36.6302180,-094.3439556,06,,G4020,McDonald,McDonald County,29,4128.384313725491,"{""type"":""MultiPoint"",""coordinates"":[]}"
00000000000000000209,1600366924,8527783,16020,H1,017,00758463,164,A,29017,+37.3183458,-090.0246043,06,,G4020,Bollinger,Bollinger County,29,55519.18039215688,"{""type"":""MultiPoint"",""coordinates"":[]}"
00000000000000000705,1498398267,20174864,16020,H1,031,00758470,164,A,29031,+37.3841408,-089.6856575,06,,G4020,Cape Girardeau,Cape Girardeau County,29,165934.86666666667,"{""type"":""MultiPoint"",""coordinates"":[]}"
00000000000000000706,1087765673,15199711,43460,H1,201,00758553,164,A,29201,+37.0477927,-089.5680975,06,,G4020,Scott,Scott County,29,318876.54901960783,"{""type"":""MultiPoint"",""coordinates"":[]}"
00000000000000000223,1792880227,11880946,33020,H1,007,00758458,190,A,29007,+39.2144798,-091.8434148,06,,G4020,Audrain,Audrain County,29,612465.0274509804,"{""type"":""MultiPoint"",""coordinates"":[]}"
000000000000000009cf,1250217889,13254193,33620,H1,175,00758542,190,A,29175,+39.4392486,-092.4929595,06,,G4020,Randolph,Randolph County,29,134454.73725490196,"{""type"":""MultiPoint"",""coordinates"":[]}"
000000000000000009d2,1775580802,14222231,17860,H1,019,00758464,190,A,29019,+38.9898614,-092.3102022,06,,G4020,Boone,Boone County,29,133395.89019607843,"{""type"":""MultiPoint"",""coordinates"":[]}"
000000000000000009e6,1653653979,7233655,27900,H1,097,00758503,309,A,29097,+37.2051967,-094.3372594,06,,G4020,Jasper,Jasper County,29,178757.94509803926,"{""type"":""MultiPoint"",""coordinates"":[]}"
000000000000000009ec,1618104260,4717267,27900,H1,145,00758527,309,A,29145,+36.9083639,-094.3350211,06,,G4020,Newton,Newton County,29,28094.901960784315,"{""type"":""MultiPoint"",""coordinates"":[]}"
0000000000000000090c,1120696556,9649938,41140,H1,003,00758456,312,A,29003,+39.9888628,-094.8035511,06,,G4020,Andrew,Andrew County,29,324785.63137254905,"{""type"":""MultiPoint"",""coordinates"":[]}"
000000000000000009bc,1056782089,17172309,41140,H1,021,00758465,312,A,29021,+39.6603695,-094.8081728,06,,G4020,Buchanan,Buchanan County,29,257907.69411764713,"{""type"":""MultiPoint"",""coordinates"":[]}"
000000000000000009be,1091311254,11561078,41140,H1,063,00758486,312,A,29063,+39.8946645,-094.4071901,06,,G4020,DeKalb,DeKalb County,29,216929.137254902,"{""type"":""MultiPoint"",""coordinates"":[]}"
000000000000000009c6,2147833553,10122996,47660,H1,101,00758505,312,A,29101,+38.7415280,-093.8118634,06,,G4020,Johnson,Johnson County,29,240611.16862745097,"{""type"":""MultiPoint"",""coordinates"":[]}"
00000000000000000227,1131627484,19114157,25300,H1,127,00758517,448,A,29127,+39.8075383,-091.6353791,06,,G4020,Marion,Marion County,29,293906.6274509805,"{""type"":""MultiPoint"",""coordinates"":[]}"
00000000000000000228,1308052630,14901559,39500,H1,111,00758510,448,A,29111,+40.0845592,-091.7288031,06,,G4020,Lewis,Lewis County,29,334506.3843137256,"{""type"":""MultiPoint"",""coordinates"":[]}"
00000000000000000229,1216727530,36396585,25300,H1,173,00758541,448,A,29173,+39.5534554,-091.5247867,06,,G4020,Ralls,Ralls County,29,279807.14117647056,"{""type"":""MultiPoint"",""coordinates"":[]}"
0000000000000000020d,1170437420,7160607,22100,H1,187,00758548,476,A,29187,+37.8107068,-090.4738684,06,,G4020,St. Francois,St. Francois County,29,5597.682352941177,"{""type"":""MultiPoint"",""coordinates"":[]}"
000000000000000001e0,1638012282,49727410,14700,H1,213,00758559,520,A,29213,+36.6498267,-093.0428188,06,,G4020,Taney,Taney County,29,156.0,"{""type"":""MultiPoint"",""coordinates"":[]}"
000000000000000001e2,1201848048,121059168,14700,H1,209,00758557,520,A,29209,+36.7510040,-093.4737009,06,,G4020,Stone,Stone County,29,103.0,"{""type"":""MultiPoint"",""coordinates"":[]}"
000000000000000001e3,1457243589,3012641,44180,H1,043,00758476,520,A,29043,+36.9697388,-093.1876139,06,,G4020,Christian,Christian County,29,2299.752941176471,"{""type"":""MultiPoint"",""coordinates"":[]}"
000000000000000009dd,1400578411,5388338,44180,H1,059,00758484,520,A,29059,+37.6835832,-093.0338115,06,,G4020,Dallas,Dallas County,29,3497.0,"{""type"":""MultiPoint"",""coordinates"":[]}"
000000000000000009df,1534730291,3110547,44180,H1,225,00758565,520,A,29225,+37.2808043,-092.8760795,06,,G4020,Webster,Webster County,29,2635.0117647058823,"{""type"":""MultiPoint"",""coordinates"":[]}"
000000000000000009e1,1749069385,6631776,44180,H1,077,00758493,520,A,29077,+37.2581957,-093.3406409,06,,G4020,Greene,Greene County,29,7476.639215686274,"{""type"":""MultiPoint"",""coordinates"":[]}"
000000000000000009e2,1646005965,17838300,44180,H1,167,00758538,520,A,29167,+37.6167611,-093.4008166,06,,G4020,Polk,Polk County,29,14150.807843137256,"{""type"":""MultiPoint"",""coordinates"":[]}"
000000000000000005a3,6820731017,39864561,13740,H1,111,01719558,,A,30111,+45.9369867,-108.2766564,06,,G4020,Yellowstone,Yellowstone County,30,5054.0,"{""type"":""MultiPoint"",""coordinates"":[]}"
000000000000000005aa,6988276640,34358092,24500,H1,013,01719622,,A,30013,+47.3164427,-111.3505710,06,,G4020,Cascade,Cascade County,30,8.0,"{""type"":""MultiPoint"",""coordinates"":[]}"
000000000000000005ad,8957583813,101077021,25740,H1,049,00793926,,A,30049,+47.1220341,-112.3829244,06,,G4020,Lewis and Clark,Lewis and Clark County,30,0.0,"{""type"":""MultiPoint"",""coordinates"":[]}"
000000000000000005af,4291244804,6624498,25740,H1,043,01720045,,A,30043,+46.1242463,-112.0594239,06,,G4020,Jefferson,Jefferson County,30,37.0,"{""type"":""MultiPoint"",""coordinates"":[]}"
000000000000000005b3,6746211520,75237113,14580,H1,031,01720053,,A,30031,+45.5180536,-111.1639214,06,,G4020,Gallatin,Gallatin County,30,2654.0,"{""type"":""MultiPoint"",""coordinates"":[]}"
000000000000000005b6,3041740414,2621792,13740,H1,037,01723078,,A,30037,+46.3806243,-109.1745855,06,,G4020,Golden Valley,Golden Valley County,30,355.0,"{""type"":""MultiPoint"",""coordinates"":[]}"
000000000000000005b7,5304259855,34681612,13740,H1,009,01720111,,A,30009,+45.2244745,-109.0285509,06,,G4020,Carbon,Carbon County,30,845.0,"{""type"":""MultiPoint"",""coordinates"":[]}"
000000000000000005d5,1859564311,1522160,15580,H6,093,01719575,,C,30093,+45.8959590,-112.6602218,06,,G4020,Silver Bow,Silver Bow County,30,0.0,"{""type"":""MultiPoint"",""coordinates"":[]}"
000000000000000005d7,6715977352,64471601,33540,H1,063,01719596,,A,30063,+47.0272626,-113.8926807,06,,G4020,Missoula,Missoula County,30,0.0,"{""type"":""MultiPoint"",""coordinates"":[]}"
000000000000000005d8,13175875606,437083869,28060,H1,029,01719611,,A,30029,+48.3145749,-114.0545326,06,,G4020,Flathead,Flathead County,30,0.0,"{""type"":""MultiPoint"",""coordinates"":[]}"
0000000000000000058c,5352538105,1872668,42420,H1,165,00835904,,A,31165,+42.4706119,-103.7321114,06,,G4020,Sioux,Sioux County,31,2.0,"{""type"":""MultiPoint"",""coordinates"":[]}"
0000000000000000058f,1915039163,15437668,42420,H1,157,00835900,,A,31157,+41.8503306,-103.7015494,06,,G4020,Scotts Bluff,Scotts Bluff County,31,558.0,"{""type"":""MultiPoint"",""coordinates"":[]}"
00000000000000000590,1932676832,397069,42420,H1,007,00835826,,A,31007,+41.5397495,-103.7262626,06,,G4020,Banner,Banner County,31,26.0,"{""type"":""MultiPoint"",""coordinates"":[]}"
00000000000000000897,6640892375,28630225,35820,H1,111,00835877,,A,31111,+41.0503221,-100.7444808,06,,G4020,Lincoln,Lincoln County,31,322111.4392156863,"{""type"":""MultiPoint"",""coordinates"":[]}"
00000000000000000898,1478003936,1203586,35820,H1,113,00835878,,A,31113,+41.5421555,-100.4436647,06,,G4020,Logan,Logan County,31,50486.36862745098,"{""type"":""MultiPoint"",""coordinates"":[]}"
00000000000000000899,2224733583,2680669,35820,H1,117,00835881,,A,31117,+41.6484137,-101.1208507,06,,G4020,McPherson,McPherson County,31,2886.823529411765,"{""type"":""MultiPoint"",""coordinates"":[]}"
000000000000000008b8,1484707285,3481943,35740,H1,139,00835891,,A,31139,+42.2714129,-097.6109917,06,,G4020,Pierce,Pierce County,31,627900.674509804,"{""type"":""MultiPoint"",""coordinates"":[]}"
000000000000000008e6,1483396631,7013731,35740,H1,119,00835880,,A,31119,+41.9099293,-097.6068564,06,,G4020,Madison,Madison County,31,679370.7686274521,"{""type"":""MultiPoint"",""coordinates"":[]}"
000000000000000008e7,1108381539,7908771,35740,H1,167,00835905,,A,31167,+41.9050454,-097.1771094,06,,G4020,Stanton,Stanton County,31,433549.38431372534,"{""type"":""MultiPoint"",""coordinates"":[]}"
000000000000000008e9,1745758247,27319783,18100,H1,141,00835892,,A,31141,+41.5768655,-097.5134673,06,,G4020,Platte,Platte County,31,763508.8196078433,"{""type"":""MultiPoint"",""coordinates"":[]}"
000000000000000008ec,1258350313,28301129,24260,H1,121,00835882,,A,31121,+41.1698005,-098.0310505,06,,G4020,Merrick,Merrick County,31,354813.12941176473,"{""type"":""MultiPoint"",""coordinates"":[]}"
00000000000000000922,1458869092,2481410,25580,H1,001,00835823,,A,31001,+40.5206322,-098.5000441,06,,G4020,Adams,Adams County,31,516864.6784313731,"{""type"":""MultiPoint"",""coordinates"":[]}"
00000000000000000923,1337063630,274634,28260,H1,099,00835871,,A,31099,+40.5091198,-098.9476019,06,,G4020,Kearney,Kearney County,31,528293.5294117648,"{""type"":""MultiPoint"",""coordinates"":[]}"
00000000000000000925,2507357646,18914605,28260,H1,019,00835831,,A,31019,+40.8552260,-099.0749833,06,,G4020,Buffalo,Buffalo County,31,532196.717647059,"{""type"":""MultiPoint"",""coordinates"":[]}"
00000000000000000926,1414817883,15229247,24260,H1,079,00835861,,A,31079,+40.8660265,-098.5026645,06,,G4020,Hall,Hall County,31,247700.13333333327,"{""type"":""MultiPoint"",""coordinates"":[]}"
00000000000000000927,1403528266,7341100,24260,H1,081,00835862,,A,31081,+40.8728173,-098.0223294,06,,G4020,Hamilton,Hamilton County,31,498065.94509803934,"{""type"":""MultiPoint"",""coordinates"":[]}"
00000000000000000928,1474578442,16199404,24260,H1,093,00835868,,A,31093,+41.2168513,-098.5133417,06,,G4020,Howard,Howard County,31,254992.4,"{""type"":""MultiPoint"",""coordinates"":[]}"
00000000000000000930,2623947385,16371626,30420,H1,047,00835845,,A,31047,+40.8673784,-099.8151537,06,,G4020,Dawson,Dawson County,31,441756.2431372549,"{""type"":""MultiPoint"",""coordinates"":[]}"
00000000000000000933,1186616240,11831826,30420,H1,073,00835858,,A,31073,+40.5090947,-099.8232058,06,,G4020,Gosper,Gosper County,31,217437.84705882357,"{""type"":""MultiPoint"",""coordinates"":[]}"
000000000000000008ef,1479990669,11547536,30700,H1,159,00835901,339,A,31159,+40.8719439,-097.1403830,06,,G4020,Seward,Seward County,31,632922.5921568626,"{""type"":""MultiPoint"",""coordinates"":[]}"
00000000000000000912,2205277881,22010737,13100,H1,067,00835855,339,A,31067,+40.2552337,-096.6834528,06,,G4020,Gage,Gage County,31,962415.1333333337,"{""type"":""MultiPoint"",""coordinates"":[]}"
00000000000000000916,2169240199,22877180,30700,H1,109,00835876,339,A,31109,+40.7835474,-096.6886584,06,,G4020,Lancaster,Lancaster County,31,757832.4588235295,"{""type"":""MultiPoint"",""coordinates"":[]}"
000000000000000008f0,1369377419,36983845,23340,H1,053,00835848,420,A,31053,+41.5770082,-096.6458526,06,,G4020,Dodge,Dodge County,31,699939.9254901962,"{""type"":""MultiPoint"",""coordinates"":[]}"
000000000000000008f1,1943097564,24827641,36540,H1,155,00835899,420,A,31155,+41.2231522,-096.6409225,06,,G4020,Saunders,Saunders County,31,950007.5607843137,"{""type"":""MultiPoint"",""coordinates"":[]}"
000000000000000008f2,850767845,28136519,36540,H1,055,00835849,420,A,31055,+41.2970908,-096.1540664,06,,G4020,Douglas,Douglas County,31,150970.3215686275,"{""type"":""MultiPoint"",""coordinates"":[]}"
000000000000000008f3,1009985949,8387724,36540,H1,177,00835910,420,A,31177,+41.5339726,-096.2245771,06,,G4020,Washington,Washington County,31,459664.62352941174,"{""type"":""MultiPoint"",""coordinates"":[]}"
00000000000000000901,619060039,22021686,36540,H1,153,00835898,420,A,31153,+41.1150635,-096.1091254,06,,G4020,Sarpy,Sarpy County,31,174100.3568627451,"{""type"":""MultiPoint"",""coordinates"":[]}"
00000000000000000902,1443783556,21868234,36540,H1,025,00835834,420,A,31025,+40.9098778,-096.1406086,06,,G4020,Cass,Cass County,31,694618.062745098,"{""type"":""MultiPoint"",""coordinates"":[]}"
000000000000000008dd,684416193,8199775,43580,H1,043,00835843,512,A,31043,+42.3916449,-096.5613555,06,,G4020,Dakota,Dakota County,31,328181.41568627453,"{""type"":""MultiPoint"",""coordinates"":[]}"
000000000000000008df,1233434227,17271581,43580,H1,051,00835847,512,A,31051,+42.4852801,-096.8558616,06,,G4020,Dixon,Dixon County,31,520077.19999999995,"{""type"":""MultiPoint"",""coordinates"":[]}"
0000000000000000063a,44468067628,85736268,21220,H1,007,00857664,,A,32007,+41.1411327,-115.3514239,06,,G4020,Elko,Elko County,32,0.0,"{""type"":""MultiPoint"",""coordinates"":[]}"
0000000000000000063b,24969533278,44196979,49080,H1,013,00863310,,A,32013,+41.4079136,-118.1275915,06,,G4020,Humboldt,Humboldt County,32,0.0,"{""type"":""MultiPoint"",""coordinates"":[]}"
00000000000000000695,12770128151,242405502,21980,H1,001,00858638,,A,32001,+39.5377100,-118.2641654,06,,G4020,Churchill,Churchill County,32,0.0,"{""type"":""MultiPoint"",""coordinates"":[]}"
000000000000000006a0,10814958249,11082875,21220,H1,011,00858640,,A,32011,+39.9777878,-116.2722082,06,,G4020,Eureka,Eureka County,32,0.0,"{""type"":""MultiPoint"",""coordinates"":[]}"
0000000000000000069f,47090938927,43207981,37220,H1,023,00863599,332,A,32023,+37.9658636,-116.4590107,06,,G4020,Nye,Nye County,32,0.0,"{""type"":""MultiPoint"",""coordinates"":[]}"
000000000000000006b3,20439281442,438376844,29820,H1,003,00863600,332,A,32003,+36.2142575,-115.0138120,06,,G4020,Clark,Clark County,32,0.0,"{""type"":""MultiPoint"",""coordinates"":[]}"
0000000000000000063c,16323099199,621146345,39900,H1,031,00858608,456,A,32031,+40.7340150,-119.6622724,06,,G4020,Washoe,Washoe County,32,0.0,"{""type"":""MultiPoint"",""coordinates"":[]}"
00000000000000000693,1838170211,72317570,23820,H1,005,00858643,456,A,32005,+38.9051292,-119.6090191,06,,G4020,Douglas,Douglas County,32,0.0,"{""type"":""MultiPoint"",""coordinates"":[]}"
00000000000000000694,5183173279,59602530,22280,H1,019,00858645,456,A,32019,+39.0222125,-119.1974246,06,,G4020,Lyon,Lyon County,32,0.0,"{""type"":""MultiPoint"",""coordinates"":[]}"
00000000000000000697,680962190,1871089,39900,H1,029,00858642,456,A,32029,+39.4383853,-119.5246462,06,,G4020,Storey,Storey County,32,0.0,"{""type"":""MultiPoint"",""coordinates"":[]}"
00000000000000000698,374669606,32587484,16180,C7,510,00863219,456,F,32510,+39.1530600,-119.7473792,00,,G4020,Carson City,Carson City,32,0.0,"{""type"":""MultiPoint"",""coordinates"":[]}"
0000000000000000037e,4647904949,92563569,13620,H1,007,00873177,,A,33007,+44.6525477,-071.2894309,06,,G4020,Coos,Coos County,33,2.0,"{""type"":""MultiPoint"",""coordinates"":[]}"
00000000000000000383,4425216149,106497705,17200,H1,009,00873178,,A,33009,+43.9264394,-071.8424220,06,,G4020,Grafton,Grafton County,33,3.0,"{""type"":""MultiPoint"",""coordinates"":[]}"
00000000000000000380,951728790,39171519,14460,H1,017,00873182,148,A,33017,+43.2932725,-071.0355891,06,40484,G4020,Strafford,Strafford County,33,0.0,"{""type"":""MultiPoint"",""coordinates"":[]}"
00000000000000000382,1040130770,177190123,29060,H1,001,00873174,148,A,33001,+43.5191091,-071.4253661,06,,G4020,Belknap,Belknap County,33,0.0,"{""type"":""MultiPoint"",""coordinates"":[]}"
00000000000000000384,2415829018,57547411,18180,H1,013,00873180,148,A,33013,+43.2995786,-071.6800412,06,,G4020,Merrimack,Merrimack County,33,7.0,"{""type"":""MultiPoint"",""coordinates"":[]}"
000000000000000004c6,10259419034,15354482,43500,H1,017,00915980,,A,35017,+32.7320870,-108.3815043,06,,G4020,Grant,Grant County,35,105.10588235294118,"{""type"":""MultiPoint"",""coordinates"":[]}"
000000000000000004c7,7679944726,433660,19700,H1,029,00933057,,A,35029,+32.1845231,-107.7471911,06,,G4020,Luna,Luna County,35,11029.894117647058,"{""type"":""MultiPoint"",""coordinates"":[]}"
000000000000000004cb,12512530131,554701,40760,H1,027,00929116,,A,35027,+33.7409407,-105.4490834,06,,G4020,Lincoln,Lincoln County,35,0.0,"{""type"":""MultiPoint"",""coordinates"":[]}"
000000000000000004cc,17126441843,36956504,10460,H1,035,00929104,,A,35035,+32.5887764,-105.7810785,06,,G4020,Otero,Otero County,35,0.0,"{""type"":""MultiPoint"",""coordinates"":[]}"
000000000000000004cd,15708886721,25500073,40740,H1,005,01702364,,A,35005,+33.3616045,-104.4698374,06,,G4020,Chaves,Chaves County,35,9364.250980392157,"{""type"":""MultiPoint"",""coordinates"":[]}"
000000000000000004ce,10816737062,56443962,16100,H1,015,00936829,,A,35015,+32.4578347,-104.3064338,06,,G4020,Eddy,Eddy County,35,21416.749019607843,"{""type"":""MultiPoint"",""coordinates"":[]}"
000000000000000004d0,11373742011,8469170,26020,H1,025,01702365,,A,35025,+32.7956865,-103.4132707,06,,G4020,Lea,Lea County,35,37127.09803921568,"{""type"":""MultiPoint"",""coordinates"":[]}"
00000000000000000547,5704119092,3383126,45340,H1,055,00933056,,A,35055,+36.5765287,-105.6379865,06,,G4020,Taos,Taos County,35,0.0,"{""type"":""MultiPoint"",""coordinates"":[]}"
00000000000000000555,14116799068,14078537,23700,H1,031,00929107,,A,35031,+35.5838784,-108.2532659,06,,G4020,McKinley,McKinley County,35,0.0,"{""type"":""MultiPoint"",""coordinates"":[]}"
00000000000000000562,14279020830,65437427,22140,H1,045,00936844,,A,35045,+36.5116245,-108.3245778,06,,G4020,San Juan,San Juan County,35,0.0,"{""type"":""MultiPoint"",""coordinates"":[]}"
00000000000000000546,15179716420,91476941,21580,H1,039,01702368,106,A,35039,+36.5096687,-106.6939829,06,,G4020,Rio Arriba,Rio Arriba County,35,2.0,"{""type"":""MultiPoint"",""coordinates"":[]}"
00000000000000000548,9606259427,13714612,10740,H1,043,00929113,106,A,35043,+35.6850910,-106.8831189,06,,G4020,Sandoval,Sandoval County,35,5.0,"{""type"":""MultiPoint"",""coordinates"":[]}"
00000000000000000549,282784643,229865,31060,H1,028,01702366,106,A,35028,+35.8700469,-106.3079679,06,,G4020,Los Alamos,Los Alamos County,35,0.0,"{""type"":""MultiPoint"",""coordinates"":[]}"
0000000000000000054a,4941598720,3647895,42140,H1,049,00933322,106,A,35049,+35.5143241,-105.9657706,06,,G4020,Santa Fe,Santa Fe County,35,0.0,"{""type"":""MultiPoint"",""coordinates"":[]}"
0000000000000000054b,3007078788,16475147,10740,H1,001,01702363,106,A,35001,+35.0540019,-106.6690645,06,,G4020,Bernalillo,Bernalillo County,35,0.0,"{""type"":""MultiPoint"",""coordinates"":[]}"
0000000000000000054c,2760177312,5437201,10740,H1,061,00933052,106,A,35061,+34.7168404,-106.8065821,06,,G4020,Valencia,Valencia County,35,48.0,"{""type"":""MultiPoint"",""coordinates"":[]}"
0000000000000000054d,8664076488,2301139,10740,H1,057,00929112,106,A,35057,+34.5549786,-105.8905582,06,,G4020,Torrance,Torrance County,35,0.0,"{""type"":""MultiPoint"",""coordinates"":[]}"
0000000000000000054e,12230072105,51380262,29780,H1,047,00929114,106,A,35047,+35.4768585,-104.8035189,06,,G4020,San Miguel,San Miguel County,35,0.0,"{""type"":""MultiPoint"",""coordinates"":[]}"
00000000000000000554,11758240097,5819742,24380,H1,006,00933051,106,A,35006,+34.9320500,-108.0003740,06,,G4020,Cibola,Cibola County,35,0.0,"{""type"":""MultiPoint"",""coordinates"":[]}"
000000000000000004cf,6335223796,18698694,38780,H1,041,01702369,188,A,35041,+34.0214569,-103.4827248,06,,G4020,Roosevelt,Roosevelt County,35,8661.066666666666,"{""type"":""MultiPoint"",""coordinates"":[]}"
00000000000000000505,3640111191,8177604,17580,H1,009,00933053,188,A,35009,+34.5729841,-103.3460546,06,,G4020,Curry,Curry County,35,11530.796078431373,"{""type"":""MultiPoint"",""coordinates"":[]}"
000000000000000004c8,9863101539,17658237,29740,H1,013,00929109,238,A,35013,+32.3509119,-106.8321821,06,,G4020,Doña Ana,Doña Ana County,35,20611.93725490196,"{""type"":""MultiPoint"",""coordinates"":[]}"
00000000000000000363,2745973927,1139481429,27460,H1,013,00974105,,A,36013,+42.3042159,-079.4075949,06,,G4020,Chautauqua,Chautauqua County,36,25316.870588235295,"{""type"":""MultiPoint"",""coordinates"":[]}"
00000000000000000393,2687767000,206615475,38460,H1,019,00974108,,A,36019,+44.7527120,-073.7056429,06,,G4020,Clinton,Clinton County,36,2225.0,"{""type"":""MultiPoint"",""coordinates"":[]}"
00000000000000000395,4219632482,176707575,31660,H1,033,00974115,,A,36033,+44.5943758,-074.3106700,06,,G4020,Franklin,Franklin County,36,3861.0,"{""type"":""MultiPoint"",""coordinates"":[]}"
00000000000000000397,6939259168,367916370,36300,H1,089,00977309,,A,36089,+44.4881125,-075.0743110,06,,G4020,St. Lawrence,St. Lawrence County,36,17130.203921568627,"{""type"":""MultiPoint"",""coordinates"":[]}"
00000000000000000398,3655805548,120422420,46540,H1,043,00974120,,A,36043,+43.5710090,-074.8410968,06,,G4020,Herkimer,Herkimer County,36,9273.33725490196,"{""type"":""MultiPoint"",""coordinates"":[]}"
0000000000000000039a,3285912844,1524622410,48060,H1,045,00974121,,A,36045,+43.9963890,-076.0529678,06,,G4020,Jefferson,Jefferson County,36,41625.30588235294,"{""type"":""MultiPoint"",""coordinates"":[]}"
0000000000000000038d,2152713679,38126891,24020,H1,115,00974155,104,A,36115,+43.3123766,-073.4394282,06,,G4020,Washington,Washington County,36,2565.247058823529,"{""type"":""MultiPoint"",""coordinates"":[]}"
0000000000000000038f,2246154434,166682935,24020,H1,113,00974154,104,A,36113,+43.5551053,-073.8381388,06,,G4020,Warren,Warren County,36,16.0,"{""type"":""MultiPoint"",""coordinates"":[]}"
000000000000000001b2,809160508,2332416,14380,H1,189,01008594,,A,37189,+36.2353724,-081.7099229,06,,G4020,Watauga,Watauga County,37,59.0,"{""type"":""MultiPoint"",""coordinates"":[]}"
000000000000000001bb,1954249751,6862434,35900,H1,193,01008595,,A,37193,+36.2088833,-081.1660949,06,,G4020,Wilkes,Wilkes County,37,8105.513725490196,"{""type"":""MultiPoint"",""coordinates"":[]}"
000000000000000001cf,1806961889,20736340,38240,H1,125,01008573,,A,37125,+35.3082717,-079.4927248,06,,G4020,Moore,Moore County,37,20886.647058823528,"{""type"":""MultiPoint"",""coordinates"":[]}"
000000000000000009fe,1227593689,15572168,40460,H1,153,01008581,,A,37153,+35.0046360,-079.7556946,06,,G4020,Richmond,Richmond County,37,15958.01960784314,"{""type"":""MultiPoint"",""coordinates"":[]}"
00000000000000000a16,1464352460,4681970,22580,H1,161,01008584,,A,37161,+35.4027469,-081.9195825,06,,G4020,Rutherford,Rutherford County,37,10268.780392156861,"{""type"":""MultiPoint"",""coordinates"":[]}"
00000000000000000a29,1271376787,9779083,19000,H1,099,01008566,,A,37099,+35.2799287,-083.1224776,06,,G4020,Jackson,Jackson County,37,1308.0588235294117,"{""type"":""MultiPoint"",""coordinates"":[]}"
00000000000000000a18,1700039448,8947760,11700,H1,021,01008538,120,A,37021,+35.6093714,-082.5304259,06,,G4020,Buncombe,Buncombe County,37,774.0,"{""type"":""MultiPoint"",""coordinates"":[]}"
00000000000000000a2a,980254343,5135255,14820,H1,175,01008589,120,A,37175,+35.2100794,-082.8166530,06,,G4020,Transylvania,Transylvania County,37,877.0,"{""type"":""MultiPoint"",""coordinates"":[]}"
00000000000000000a2b,1433738456,2414518,11700,H1,087,01008561,120,A,37087,+35.5570986,-082.9728229,06,,G4020,Haywood,Haywood County,37,1128.0,"{""type"":""MultiPoint"",""coordinates"":[]}"
00000000000000000a30,1164497710,4840762,11700,H1,115,01025834,120,A,37115,+35.8640782,-082.7127314,06,,G4020,Madison,Madison County,37,110.0,"{""type"":""MultiPoint"",""coordinates"":[]}"
00000000000000000a31,966233193,5556427,11700,H1,089,01008562,120,A,37089,+35.3364146,-082.4797406,06,,G4020,Henderson,Henderson County,37,7670.0,"{""type"":""MultiPoint"",""coordinates"":[]}"
000000000000000001be,1487157305,61851441,16740,H1,097,01008565,172,A,37097,+35.8063554,-080.8745395,06,,G4020,Iredell,Iredell County,37,76765.62745098039,"{""type"":""MultiPoint"",""coordinates"":[]}"
000000000000000001d1,1324722117,32235596,16740,H1,159,01008583,172,A,37159,+35.6413294,-080.5217216,06,,G4020,Rowan,Rowan County,37,55338.909803921575,"{""type"":""MultiPoint"",""coordinates"":[]}"
000000000000000009f8,935603281,7006691,16740,H1,025,01008540,172,A,37025,+35.3883690,-080.5526938,06,,G4020,Cabarrus,Cabarrus County,37,23342.38039215686,"{""type"":""MultiPoint"",""coordinates"":[]}"
000000000000000009f9,1356116196,56318899,16740,H1,119,01008570,172,A,37119,+35.2468623,-080.8338317,06,,G4020,Mecklenburg,Mecklenburg County,37,6940.10980392157,"{""type"":""MultiPoint"",""coordinates"":[]}"
000000000000000009fa,1023370455,25242751,10620,H1,167,01025844,172,A,37167,+35.3104492,-080.2543742,06,,G4020,Stanly,Stanly County,37,60566.55294117647,"{""type"":""MultiPoint"",""coordinates"":[]}"
000000000000000009fb,1636095292,20333224,16740,H1,179,01008590,172,A,37179,+34.9918171,-080.5304354,06,,G4020,Union,Union County,37,192281.80000000002,"{""type"":""MultiPoint"",""coordinates"":[]}"
00000000000000000a12,921966686,21053460,16740,H1,071,01008554,172,A,37071,+35.2933443,-081.1772556,06,,G4020,Gaston,Gaston County,37,5263.117647058825,"{""type"":""MultiPoint"",""coordinates"":[]}"
00000000000000000a13,766277674,23376228,16740,H1,109,01008569,172,A,37109,+35.4884913,-081.2268916,06,,G4020,Lincoln,Lincoln County,37,17761.72549019608,"{""type"":""MultiPoint"",""coordinates"":[]}"
00000000000000000a14,1202005999,10201815,43140,H1,045,01008547,172,A,37045,+35.3346302,-081.5571145,06,,G4020,Cleveland,Cleveland County,37,58100.733333333315,"{""type"":""MultiPoint"",""coordinates"":[]}"
000000000000000009ff,1010379488,3981832,22180,H1,093,01008563,246,A,37093,+35.0172328,-079.2419635,06,,G4020,Hoke,Hoke County,37,51209.870588235295,"{""type"":""MultiPoint"",""coordinates"":[]}"
00000000000000000a00,825964638,3821988,29900,H1,165,01008585,246,A,37165,+34.8400226,-079.4773366,06,,G4020,Scotland,Scotland County,37,39304.72941176471,"{""type"":""MultiPoint"",""coordinates"":[]}"
00000000000000000a04,2455335994,5105265,31300,H1,155,01026130,246,A,37155,+34.6392096,-079.1008811,06,,G4020,Robeson,Robeson County,37,295954.00000000006,"{""type"":""MultiPoint"",""coordinates"":[]}"
000000000000000001bf,867487240,7241442,49180,H1,197,01008597,268,A,37197,+36.1587653,-080.6651641,06,,G4020,Yadkin,Yadkin County,37,68267.43921568627,"{""type"":""MultiPoint"",""coordinates"":[]}"
000000000000000001c0,1382444499,10278972,34340,H1,171,01008587,268,A,37171,+36.4154160,-080.6864631,06,,G4020,Surry,Surry County,37,49422.15294117647,"{""type"":""MultiPoint"",""coordinates"":[]}"
000000000000000001c4,1162923861,17595454,49180,H1,169,01008586,268,A,37169,+36.3935056,-080.2661995,06,,G4020,Stokes,Stokes County,37,10257.866666666663,"{""type"":""MultiPoint"",""coordinates"":[]}"
000000000000000001c5,1056112599,11821654,49180,H1,067,01008552,268,A,37067,+36.1324661,-080.2569608,06,,G4020,Forsyth,Forsyth County,37,12324.345098039217,"{""type"":""MultiPoint"",""coordinates"":[]}"
000000000000000001c6,1464974378,18468477,24660,H1,157,01008582,268,A,37157,+36.3818062,-079.7827539,06,,G4020,Rockingham,Rockingham County,37,19963.835294117645,"{""type"":""MultiPoint"",""coordinates"":[]}"
000000000000000001ca,1672533675,30735336,24660,H1,081,01008558,268,A,37081,+36.0790650,-079.7886652,06,,G4020,Guilford,Guilford County,37,33040.65882352942,"{""type"":""MultiPoint"",""coordinates"":[]}"
000000000000000001cb,1096654283,28025249,15500,H1,001,01008531,268,A,37001,+36.0439535,-079.4005733,06,,G4020,Alamance,Alamance County,37,20825.992156862747,"{""type"":""MultiPoint"",""coordinates"":[]}"
000000000000000001cc,1432696232,37467777,49180,H1,057,01008548,268,A,37057,+35.7951312,-080.2071070,06,,G4020,Davidson,Davidson County,37,33538.78039215687,"{""type"":""MultiPoint"",""coordinates"":[]}"
000000000000000001cd,2026174234,19822770,24660,H1,151,01008580,268,A,37151,+35.7099148,-079.8062153,06,,G4020,Randolph,Randolph County,37,38862.807843137256,"{""type"":""MultiPoint"",""coordinates"":[]}"
000000000000000009f7,682967799,7399100,49180,H1,059,01008549,268,A,37059,+35.9293554,-080.5425524,06,,G4020,Davie,Davie County,37,33871.83921568627,"{""type"":""MultiPoint"",""coordinates"":[]}"
000000000000000001b6,1311170301,20699633,25860,H1,023,01008539,280,A,37023,+35.7461820,-081.7061795,06,,G4020,Burke,Burke County,37,3818.5764705882357,"{""type"":""MultiPoint"",""coordinates"":[]}"
000000000000000001b9,1139475862,13977177,32000,H1,111,01025836,280,A,37111,+35.6822317,-082.0480292,06,,G4020,McDowell,McDowell County,37,1741.7058823529412,"{""type"":""MultiPoint"",""coordinates"":[]}"
000000000000000001ba,1222192510,7038401,25860,H1,027,01008541,280,A,37027,+35.9579149,-081.5300023,06,,G4020,Caldwell,Caldwell County,37,3587.521568627451,"{""type"":""MultiPoint"",""coordinates"":[]}"
000000000000000001bc,673358173,9445981,25860,H1,003,01008532,280,A,37003,+35.9209506,-081.1774668,06,,G4020,Alexander,Alexander County,37,12050.56862745098,"{""type"":""MultiPoint"",""coordinates"":[]}"
000000000000000001bd,1039548607,37947138,25860,H1,035,01008543,280,A,37035,+35.6618826,-081.2149057,06,,G4020,Catawba,Catawba County,37,30598.749019607843,"{""type"":""MultiPoint"",""coordinates"":[]}"
000000000000000001ce,1765012096,71263127,20500,H1,037,01008544,450,A,37037,+35.7049939,-079.2514542,06,,G4020,Chatham,Chatham County,37,11918.145098039218,"{""type"":""MultiPoint"",""coordinates"":[]}"
0000000000000000040c,3720196458,8098167,24220,H1,035,01034218,,A,38035,+47.9260026,-097.4508510,06,,G4020,Grand Forks,Grand Forks County,38,1383530.396078431,"{""type"":""MultiPoint"",""coordinates"":[]}"
00000000000000000413,5754255233,197312589,27420,H1,093,01034224,,A,38093,+46.9722235,-098.9561228,06,,G4020,Stutsman,Stutsman County,38,1638687.1725490196,"{""type"":""MultiPoint"",""coordinates"":[]}"
00000000000000000443,2833690971,88449900,13900,H1,085,01034208,,A,38085,+46.1106181,-101.0612840,06,,G4020,Sioux,Sioux County,38,25795.698039215684,"{""type"":""MultiPoint"",""coordinates"":[]}"
00000000000000000445,4988993798,49687649,13900,H1,059,01034207,,A,38059,+46.7108188,-101.2982647,06,,G4020,Morton,Morton County,38,171831.67843137257,"{""type"":""MultiPoint"",""coordinates"":[]}"
00000000000000000447,4228524424,92333146,13900,H1,015,01035614,,A,38015,+46.9718426,-100.4620005,06,,G4020,Burleigh,Burleigh County,38,417721.862745098,"{""type"":""MultiPoint"",""coordinates"":[]}"
00000000000000000448,1871296131,22476243,13900,H1,065,01034205,,A,38065,+47.1180789,-101.3314198,06,,G4020,Oliver,Oliver County,38,118050.87843137255,"{""type"":""MultiPoint"",""coordinates"":[]}"
0000000000000000044c,5214106034,110774753,33500,H1,101,01034231,,A,38101,+48.2166858,-101.5405369,06,,G4020,Ward,Ward County,38,1164598.2392156862,"{""type"":""MultiPoint"",""coordinates"":[]}"
0000000000000000044e,4853564330,97373493,33500,H1,049,01035305,,A,38049,+48.2338417,-100.6332668,06,,G4020,McHenry,McHenry County,38,778479.0313725489,"{""type"":""MultiPoint"",""coordinates"":[]}"
00000000000000000453,2271556744,40648334,33500,H1,075,01034229,,A,38075,+48.7127815,-101.6581522,06,,G4020,Renville,Renville County,38,747042.3450980394,"{""type"":""MultiPoint"",""coordinates"":[]}"
0000000000000000045b,5381129895,182522303,48780,H1,105,01035306,,A,38105,+48.3557649,-103.5013332,06,,G4020,Williams,Williams County,38,61318.35294117647,"{""type"":""MultiPoint"",""coordinates"":[]}"
00000000000000000469,3457000580,14109029,19860,H1,089,01035618,,A,38089,+46.8170312,-102.6620262,06,,G4020,Stark,Stark County,38,12189.070588235294,"{""type"":""MultiPoint"",""coordinates"":[]}"
00000000000000000415,4571152345,7732475,22020,H1,017,01034226,244,A,38017,+46.9270033,-097.2523747,06,,G4020,Cass,Cass County,38,2402953.490196078,"{""type"":""MultiPoint"",""coordinates"":[]}"
0000000000000000041b,3718649862,25035912,47420,H1,077,01035302,244,A,38077,+46.2652192,-096.9379599,06,,G4020,Richland,Richland County,38,1783197.1960784316,"{""type"":""MultiPoint"",""coordinates"":[]}"
000000000000000000d6,1378212725,23682244,48540,H1,013,01065575,,A,39013,+40.0176819,-080.9677268,06,,G4020,Belmont,Belmont County,39,820.0,"{""type"":""MultiPoint"",""coordinates"":[]}"
000000000000000000de,1460530890,9243185,18740,H1,031,01074028,,A,39031,+40.2967096,-081.9301092,06,,G4020,Coshocton,Coshocton County,39,75420.1294117647,"{""type"":""MultiPoint"",""coordinates"":[]}"
000000000000000000f7,1057906596,23958604,23380,H1,143,01074084,,A,39143,+41.3552905,-083.1427350,06,,G4020,Sandusky,Sandusky County,39,384577.9882352941,"{""type"":""MultiPoint"",""coordinates"":[]}"
000000000000000000fe,1065649893,7073999,19580,H1,039,01074032,,A,39039,+41.3216789,-084.4864334,06,,G4020,Defiance,Defiance County,39,321188.32941176475,"{""type"":""MultiPoint"",""coordinates"":[]}"
00000000000000000160,1208307869,12085303,38580,H1,053,01074039,,A,39053,+38.8170456,-082.3017463,06,,G4020,Gallia,Gallia County,39,10381.643137254901,"{""type"":""MultiPoint"",""coordinates"":[]}"
00000000000000000164,1088581966,3184785,27160,H1,079,01074052,,A,39079,+39.0134773,-082.6141420,06,,G4020,Jackson,Jackson County,39,12447.662745098041,"{""type"":""MultiPoint"",""coordinates"":[]}"
00000000000000000169,1304383720,12463892,11900,H1,009,01074018,,A,39009,+39.3326037,-082.0458439,06,,G4020,Athens,Athens County,39,7051.419607843138,"{""type"":""MultiPoint"",""coordinates"":[]}"
0000000000000000036a,1437257217,4885102,49300,H1,169,01074096,,A,39169,+40.8296612,-081.8871942,06,,G4020,Wayne,Wayne County,39,238154.90980392153,"{""type"":""MultiPoint"",""coordinates"":[]}"
0000000000000000015e,1174224656,10110032,26580,H1,087,01074056,170,A,39087,+38.6038659,-082.5171856,06,,G4020,Lawrence,Lawrence County,39,3979.3058823529414,"{""type"":""MultiPoint"",""coordinates"":[]}"
00000000000000000165,1580451539,15363856,39020,H1,145,01074085,170,A,39145,+38.8148886,-082.9986750,06,,G4020,Scioto,Scioto County,39,36815.27058823531,"{""type"":""MultiPoint"",""coordinates"":[]}"
00000000000000000115,1058487159,9351754,48940,H1,027,01074026,178,A,39027,+39.4290042,-083.7950485,06,,G4020,Clinton,Clinton County,39,337239.07843137253,"{""type"":""MultiPoint"",""coordinates"":[]}"
000000000000000000da,1469659271,10390938,35420,H1,157,01074090,184,A,39157,+40.4474477,-081.4711573,06,,G4020,Tuscarawas,Tuscarawas County,39,63023.27843137254,"{""type"":""MultiPoint"",""coordinates"":[]}"
000000000000000000dc,1022030958,11192655,15940,H1,019,01074022,184,A,39019,+40.5798841,-081.0907870,06,,G4020,Carroll,Carroll County,39,29193.482352941173,"{""type"":""MultiPoint"",""coordinates"":[]}"
000000000000000000f4,1272965337,8615925,35940,H1,077,01074051,184,A,39077,+41.1450798,-082.5946410,06,,G4020,Huron,Huron County,39,368395.07058823534,"{""type"":""MultiPoint"",""coordinates"":[]}"
000000000000000000f6,651628988,969654879,41780,H1,043,01074034,184,A,39043,+41.5540061,-082.5258973,06,,G4020,Erie,Erie County,39,167112.9882352941,"{""type"":""MultiPoint"",""coordinates"":[]}"
00000000000000000364,1818008351,1724849868,11780,H1,007,01074017,184,A,39007,+41.9066369,-080.7455916,06,,G4020,Ashtabula,Ashtabula County,39,126832.20000000001,"{""type"":""MultiPoint"",""coordinates"":[]}"
00000000000000000365,593799763,1942309063,17460,H1,085,01074055,184,A,39085,+41.9241163,-081.3926429,06,,G4020,Lake,Lake County,39,2312.0392156862745,"{""type"":""MultiPoint"",""coordinates"":[]}"
00000000000000000366,1184014460,2041889938,17460,H1,035,01074030,184,A,39035,+41.7603920,-081.7242168,06,,G4020,Cuyahoga,Cuyahoga County,39,653.4117647058824,"{""type"":""MultiPoint"",""coordinates"":[]}"
00000000000000000367,1272000372,1119442372,17460,H1,093,01074059,184,A,39093,+41.4388045,-082.1797220,06,,G4020,Lorain,Lorain County,39,127232.66274509803,"{""type"":""MultiPoint"",""coordinates"":[]}"
00000000000000000368,1091406446,4198457,17460,H1,103,01074064,184,A,39103,+41.1161743,-081.8997641,06,,G4020,Medina,Medina County,39,91477.60392156866,"{""type"":""MultiPoint"",""coordinates"":[]}"
0000000000000000036b,1069244605,18896599,10420,H1,153,01074088,184,A,39153,+41.1218513,-081.5349361,06,,G4020,Summit,Summit County,39,5669.84705882353,"{""type"":""MultiPoint"",""coordinates"":[]}"
0000000000000000036c,1036429792,21045380,17460,H1,055,01074040,184,A,39055,+41.4993217,-081.1735054,06,,G4020,Geauga,Geauga County,39,18234.549019607843,"{""type"":""MultiPoint"",""coordinates"":[]}"
0000000000000000036d,1262374971,43121843,10420,H1,133,01074079,184,A,39133,+41.1688366,-081.1970420,06,,G4020,Portage,Portage County,39,67806.65882352942,"{""type"":""MultiPoint"",""coordinates"":[]}"
0000000000000000036e,1490089723,13610824,15940,H1,151,01065576,184,A,39151,+40.8141314,-081.3656673,06,,G4020,Stark,Stark County,39,127944.24705882356,"{""type"":""MultiPoint"",""coordinates"":[]}"
000000000000000000d9,1352631187,15666075,15740,H1,059,01074042,198,A,39059,+40.0566648,-081.4978750,06,,G4020,Guernsey,Guernsey County,39,10950.360784313725,"{""type"":""MultiPoint"",""coordinates"":[]}"
000000000000000000df,1361054324,10718576,34540,H1,083,01074054,198,A,39083,+40.4036198,-082.4223929,06,,G4020,Knox,Knox County,39,281694.6431372549,"{""type"":""MultiPoint"",""coordinates"":[]}"
000000000000000000e0,1767343170,12918986,18140,H1,089,01074057,198,A,39089,+40.0936093,-082.4812506,06,,G4020,Licking,Licking County,39,263258.6039215686,"{""type"":""MultiPoint"",""coordinates"":[]}"
000000000000000000e1,1721328761,20656658,49780,H1,119,01074072,198,A,39119,+39.9660457,-081.9435064,06,,G4020,Muskingum,Muskingum County,39,63955.435294117655,"{""type"":""MultiPoint"",""coordinates"":[]}"
000000000000000000e3,1056682425,11653682,18140,H1,127,01074076,198,A,39127,+39.7431874,-082.2379525,06,,G4020,Perry,Perry County,39,85718.21176470588,"{""type"":""MultiPoint"",""coordinates"":[]}"
000000000000000000e4,1306415680,10752450,18140,H1,045,01074035,198,A,39045,+39.7526204,-082.6273294,06,,G4020,Fairfield,Fairfield County,39,323212.5490196079,"{""type"":""MultiPoint"",""coordinates"":[]}"
000000000000000000e5,1051881046,2819351,18140,H1,117,01074071,198,A,39117,+40.5252659,-082.7977288,06,,G4020,Morrow,Morrow County,39,275370.90588235296,"{""type"":""MultiPoint"",""coordinates"":[]}"
000000000000000000e6,1147867059,36610531,18140,H1,041,01074033,198,A,39041,+40.2789411,-083.0074622,06,,G4020,Delaware,Delaware County,39,234219.0313725491,"{""type"":""MultiPoint"",""coordinates"":[]}"
000000000000000000e7,1378855894,29122804,18140,H1,049,01074037,198,A,39049,+39.9695753,-083.0068645,06,,G4020,Franklin,Franklin County,39,93425.08627450981,"{""type"":""MultiPoint"",""coordinates"":[]}"
000000000000000000e8,1298053079,13912322,18140,H1,129,01074077,198,A,39129,+39.6489470,-083.0528267,06,,G4020,Pickaway,Pickaway County,39,503329.7019607844,"{""type"":""MultiPoint"",""coordinates"":[]}"
000000000000000000e9,1118207229,13286144,18140,H1,159,01074091,198,A,39159,+40.2959008,-083.3670416,06,,G4020,Union,Union County,39,334481.32941176486,"{""type"":""MultiPoint"",""coordinates"":[]}"
000000000000000000ea,1206646148,1919019,18140,H1,097,01074061,198,A,39097,+39.8966074,-083.4008847,06,,G4020,Madison,Madison County,39,514624.6901960782,"{""type"":""MultiPoint"",""coordinates"":[]}"
000000000000000000ed,1187336848,21598324,13340,H1,091,01074058,198,A,39091,+40.3875532,-083.7663430,06,,G4020,Logan,Logan County,39,380489.7254901961,"{""type"":""MultiPoint"",""coordinates"":[]}"
000000000000000000ee,1045726876,908577,32020,H1,101,01074063,198,A,39101,+40.5880337,-083.1688034,06,,G4020,Marion,Marion County,39,387139.63137254905,"{""type"":""MultiPoint"",""coordinates"":[]}"
00000000000000000116,1052470875,1693045,47920,H1,047,01074036,198,A,39047,+39.5552741,-083.4619526,06,,G4020,Fayette,Fayette County,39,465262.6901960786,"{""type"":""MultiPoint"",""coordinates"":[]}"
00000000000000000167,1784987272,9938174,17060,H1,141,01074083,198,A,39141,+39.3238179,-083.0595805,06,,G4020,Ross,Ross County,39,266856.549019608,"{""type"":""MultiPoint"",""coordinates"":[]}"
00000000000000000168,1091232272,5959003,18140,H1,073,01074049,198,A,39073,+39.4903424,-082.4834473,06,,G4020,Hocking,Hocking County,39,12461.588235294115,"{""type"":""MultiPoint"",""coordinates"":[]}"
000000000000000000eb,1029469371,13070242,44220,H1,023,01074024,212,A,39023,+39.9170315,-083.7836760,06,,G4020,Clark,Clark County,39,327290.29019607854,"{""type"":""MultiPoint"",""coordinates"":[]}"
000000000000000000ec,1109623490,3639845,46500,H1,021,01074023,212,A,39021,+40.1327594,-083.7675425,06,,G4020,Champaign,Champaign County,39,461365.6156862746,"{""type"":""MultiPoint"",""coordinates"":[]}"
00000000000000000108,1055876814,7808224,43380,H1,149,01074087,212,A,39149,+40.3366802,-084.2041425,06,,G4020,Shelby,Shelby County,39,396542.6392156863,"{""type"":""MultiPoint"",""coordinates"":[]}"
00000000000000000109,1053028422,7967436,19380,H1,109,01074067,212,A,39109,+40.0533257,-084.2284135,06,,G4020,Miami,Miami County,39,386450.9294117647,"{""type"":""MultiPoint"",""coordinates"":[]}"
0000000000000000010a,1071562447,6534702,19380,H1,057,01074041,212,A,39057,+39.6874785,-083.8948943,06,,G4020,Greene,Greene County,39,296232.4666666666,"{""type"":""MultiPoint"",""coordinates"":[]}"
0000000000000000010b,1195426527,7203231,19380,H1,113,01074069,212,A,39113,+39.7537357,-084.2905915,06,,G4020,Montgomery,Montgomery County,39,186460.34509803922,"{""type"":""MultiPoint"",""coordinates"":[]}"
0000000000000000010c,1549120893,4245786,24820,H1,037,01074031,212,A,39037,+40.1315416,-084.6212483,06,,G4020,Darke,Darke County,39,672179.0352941178,"{""type"":""MultiPoint"",""coordinates"":[]}"
000000000000000000f2,1376210233,5959837,22300,H1,063,01074044,248,A,39063,+41.0004711,-083.6660335,06,,G4020,Hancock,Hancock County,39,551495.0078431375,"{""type"":""MultiPoint"",""coordinates"":[]}"
000000000000000000f3,1427146050,4582482,45660,H1,147,01074086,248,A,39147,+41.1199923,-083.1275469,06,,G4020,Seneca,Seneca County,39,561570.5999999994,"{""type"":""MultiPoint"",""coordinates"":[]}"
00000000000000000104,1059698927,3281853,46780,H1,161,01074092,338,A,39161,+40.8555203,-084.5857751,06,,G4020,Van Wert,Van Wert County,39,488407.3137254892,"{""type"":""MultiPoint"",""coordinates"":[]}"
00000000000000000105,1197738405,28425902,16380,H1,107,01074066,338,A,39107,+40.5353325,-084.6320588,06,,G4020,Mercer,Mercer County,39,485383.0039215687,"{""type"":""MultiPoint"",""coordinates"":[]}"
00000000000000000106,1039599278,1345186,47540,H1,011,01074019,338,A,39011,+40.5613090,-084.2240177,06,,G4020,Auglaize,Auglaize County,39,394635.3176470589,"{""type"":""MultiPoint"",""coordinates"":[]}"
00000000000000000107,1042470095,11266164,30620,H1,003,01074015,338,A,39003,+40.7716274,-084.1061032,06,,G4020,Allen,Allen County,39,389018.67450980394,"{""type"":""MultiPoint"",""coordinates"":[]}"
000000000000000000ef,1040619676,2359515,15340,H1,033,01074029,360,A,39033,+40.8485244,-082.9247827,06,,G4020,Crawford,Crawford County,39,450278.13725490303,"{""type"":""MultiPoint"",""coordinates"":[]}"
000000000000000000f5,1282720855,12470884,31900,H1,139,01074082,360,A,39139,+40.7741590,-082.5427812,06,,G4020,Richland,Richland County,39,258160.61176470586,"{""type"":""MultiPoint"",""coordinates"":[]}"
00000000000000000369,1095444135,9962880,11740,H1,005,01074016,360,A,39005,+40.8432730,-082.2701271,06,,G4020,Ashland,Ashland County,39,183842.7843137255,"{""type"":""MultiPoint"",""coordinates"":[]}"
0000000000000000016a,1636799191,20784924,31930,H1,167,01074095,425,A,39167,+39.4506837,-081.4906531,06,,G4020,Washington,Washington County,39,20215.792156862746,"{""type"":""MultiPoint"",""coordinates"":[]}"
000000000000000000c6,1057248944,7120754,48260,H1,081,01074053,430,A,39081,+40.3993836,-080.7635272,06,,G4020,Jefferson,Jefferson County,39,3547.698039215686,"{""type"":""MultiPoint"",""coordinates"":[]}"
000000000000000000f8,660275593,855032692,38840,H1,123,01074074,534,A,39123,+41.5454953,-083.0126127,06,,G4020,Ottawa,Ottawa County,39,126825.29803921568,"{""type"":""MultiPoint"",""coordinates"":[]}"
000000000000000000f9,882812509,660504435,45780,H1,095,01074060,534,A,39095,+41.6823213,-083.4689033,06,,G4020,Lucas,Lucas County,39,100331.3254901961,"{""type"":""MultiPoint"",""coordinates"":[]}"
000000000000000000fb,1598508434,8545552,45780,H1,173,01074098,534,A,39173,+41.3601834,-083.6226821,06,,G4020,Wood,Wood County,39,578035.9137254902,"{""type"":""MultiPoint"",""coordinates"":[]}"
000000000000000000ff,1050089558,4621138,45780,H1,051,01074038,534,A,39051,+41.5972639,-084.1242667,06,,G4020,Fulton,Fulton County,39,438445.36862745107,"{""type"":""MultiPoint"",""coordinates"":[]}"
000000000000000000b8,1601379251,47321072,49660,H1,155,01074089,566,A,39155,+41.3059114,-080.7687013,06,,G4020,Trumbull,Trumbull County,39,102602.31764705885,"{""type"":""MultiPoint"",""coordinates"":[]}"
000000000000000000b9,1065799604,35434368,49660,H1,099,01074062,566,A,39099,+41.0108798,-080.7703956,06,,G4020,Mahoning,Mahoning County,39,62144.59999999999,"{""type"":""MultiPoint"",""coordinates"":[]}"
000000000000000000ba,1377697739,7237745,41400,H1,029,01074027,566,A,39029,+40.7700730,-080.7784550,06,,G4020,Columbiana,Columbiana County,39,108041.4431372549,"{""type"":""MultiPoint"",""coordinates"":[]}"
000000000000000000ae,2129427858,30013356,11620,H1,019,01101797,,A,40019,+34.2518484,-097.2879273,06,,G4020,Carter,Carter County,40,95.0,"{""type"":""MultiPoint"",""coordinates"":[]}"
0000000000000000047d,1638566730,24095321,30020,H1,033,01101804,,A,40033,+34.2906760,-098.3734379,06,,G4020,Cotton,Cotton County,40,18744.38431372549,"{""type"":""MultiPoint"",""coordinates"":[]}"
00000000000000000510,5286926132,19215617,25100,H1,139,01101857,,A,40139,+36.7463169,-101.4838549,06,,G4020,Texas,Texas County,40,62768.850980392155,"{""type"":""MultiPoint"",""coordinates"":[]}"
0000000000000000095b,3217798450,9693376,49260,H1,153,01101864,,A,40153,+36.4256189,-099.2736609,06,,G4020,Woodward,Woodward County,40,221.0,"{""type"":""MultiPoint"",""coordinates"":[]}"
0000000000000000095e,2561032754,34321688,48220,H1,039,01101807,,A,40039,+35.6456012,-098.9973857,06,,G4020,Custer,Custer County,40,29884.09411764706,"{""type"":""MultiPoint"",""coordinates"":[]}"
00000000000000000962,2335665265,5527154,21120,H1,009,01101792,,A,40009,+35.2706008,-099.6900574,06,,G4020,Beckham,Beckham County,40,23738.564705882356,"{""type"":""MultiPoint"",""coordinates"":[]}"
00000000000000000966,2078855933,4114419,11060,H1,065,01101820,,A,40065,+34.5939486,-099.4122097,06,,G4020,Jackson,Jackson County,40,24008.380392156865,"{""type"":""MultiPoint"",""coordinates"":[]}"
0000000000000000096b,2769447442,37331078,30020,H1,031,01101803,,A,40031,+34.6626279,-098.4765971,06,,G4020,Comanche,Comanche County,40,16669.219607843137,"{""type"":""MultiPoint"",""coordinates"":[]}"
0000000000000000096c,2253930695,54690951,20340,H1,137,01101856,,A,40137,+34.4813609,-097.8556068,06,,G4020,Stephens,Stephens County,40,2626.5098039215686,"{""type"":""MultiPoint"",""coordinates"":[]}"
00000000000000000970,2741478920,4075930,21420,H1,047,01101811,,A,40047,+36.3782725,-097.7877291,06,,G4020,Garfield,Garfield County,40,167327.36078431373,"{""type"":""MultiPoint"",""coordinates"":[]}"
00000000000000000973,2382077972,65369682,38620,H1,071,01101823,,A,40071,+36.8148851,-097.1438616,06,,G4020,Kay,Kay County,40,211895.5294117648,"{""type"":""MultiPoint"",""coordinates"":[]}"
00000000000000000979,1773393744,31771425,44660,H1,119,01101847,,A,40119,+36.0792254,-096.9752553,06,,G4020,Payne,Payne County,40,9946.329411764706,"{""type"":""MultiPoint"",""coordinates"":[]}"
00000000000000000983,1865885741,12421415,10220,H1,123,01101849,,A,40123,+34.7214447,-096.6919696,06,,G4020,Pontotoc,Pontotoc County,40,380.8078431372549,"{""type"":""MultiPoint"",""coordinates"":[]}"
0000000000000000098b,3381152829,187399167,32540,H1,121,01101848,,A,40121,+34.9255401,-095.7481302,06,,G4020,Pittsburg,Pittsburg County,40,333.0,"{""type"":""MultiPoint"",""coordinates"":[]}"
0000000000000000098d,4116222830,50024113,22900,H1,079,01101827,,A,40079,+34.8973562,-094.6950743,06,,G4020,Le Flore,Le Flore County,40,15515.23137254902,"{""type"":""MultiPoint"",""coordinates"":[]}"
0000000000000000098f,1743779422,105832791,22900,H1,135,01101855,,A,40135,+35.5024345,-094.7507569,06,,G4020,Sequoyah,Sequoyah County,40,25729.074509803922,"{""type"":""MultiPoint"",""coordinates"":[]}"
000000000000000000a3,2342528102,102267145,20460,H1,013,01101794,206,A,40013,+33.9640035,-096.2641365,06,,G4020,Bryan,Bryan County,40,14193.011764705876,"{""type"":""MultiPoint"",""coordinates"":[]}"
000000000000000009ea,1219467500,35708902,33060,H1,115,01101845,309,A,40115,+36.8357635,-094.8026814,06,,G4020,Ottawa,Ottawa County,40,62601.866666666676,"{""type"":""MultiPoint"",""coordinates"":[]}"
0000000000000000096d,2850272903,11403868,36420,H1,051,01101813,416,A,40051,+35.0210581,-097.8868902,06,,G4020,Grady,Grady County,40,22493.913725490194,"{""type"":""MultiPoint"",""coordinates"":[]}"
0000000000000000096e,2322263470,23231531,36420,H1,017,01101796,416,A,40017,+35.5434100,-097.9798435,06,,G4020,Canadian,Canadian County,40,17276.03137254902,"{""type"":""MultiPoint"",""coordinates"":[]}"
0000000000000000097b,2466490648,34606636,36420,H1,081,01101828,416,A,40081,+35.7031175,-096.8813917,06,,G4020,Lincoln,Lincoln County,40,5120.752941176471,"{""type"":""MultiPoint"",""coordinates"":[]}"
0000000000000000097c,1835846192,24730011,36420,H1,109,01101842,416,A,40109,+35.5546109,-097.4094007,06,,G4020,Oklahoma,Oklahoma County,40,10055.945098039216,"{""type"":""MultiPoint"",""coordinates"":[]}"
0000000000000000097d,1926521245,12926653,36420,H1,083,01101829,416,A,40083,+35.9141514,-097.4507644,06,,G4020,Logan,Logan County,40,28708.960784313746,"{""type"":""MultiPoint"",""coordinates"":[]}"
0000000000000000097e,1395516163,49921166,36420,H1,027,01101801,416,A,40027,+35.2063756,-097.3230884,06,,G4020,Cleveland,Cleveland County,40,3306.0,"{""type"":""MultiPoint"",""coordinates"":[]}"
0000000000000000097f,1478114523,24734523,36420,H1,087,01101834,416,A,40087,+35.0164359,-097.4498032,06,,G4020,McClain,McClain County,40,13480.701960784314,"{""type"":""MultiPoint"",""coordinates"":[]}"
00000000000000000980,2040060549,14842439,43060,H1,125,01101850,416,A,40125,+35.2113928,-096.9570070,06,,G4020,Pottawatomie,Pottawatomie County,40,14048.670588235294,"{""type"":""MultiPoint"",""coordinates"":[]}"
00000000000000000976,5818542164,148734982,46140,H1,113,01101844,538,A,40113,+36.6242995,-096.4081120,06,,G4020,Osage,Osage County,40,25102.4,"{""type"":""MultiPoint"",""coordinates"":[]}"
00000000000000000978,1471527632,68888617,46140,H1,117,01101846,538,A,40117,+36.3137038,-096.6966693,06,,G4020,Pawnee,Pawnee County,40,9775.886274509803,"{""type"":""MultiPoint"",""coordinates"":[]}"
0000000000000000097a,2460877094,50957689,46140,H1,037,01101806,538,A,40037,+35.9077324,-096.3797931,06,,G4020,Creek,Creek County,40,2317.541176470588,"{""type"":""MultiPoint"",""coordinates"":[]}"
00000000000000000988,1806123422,12915763,46140,H1,111,01101843,538,A,40111,+35.6468790,-095.9645800,06,,G4020,Okmulgee,Okmulgee County,40,12568.0,"{""type"":""MultiPoint"",""coordinates"":[]}"
00000000000000000989,2099053124,75966890,34780,H1,101,01101838,538,A,40101,+35.6175506,-095.3839106,06,,G4020,Muskogee,Muskogee County,40,28302.090196078432,"{""type"":""MultiPoint"",""coordinates"":[]}"
00000000000000000990,1454425174,75403442,46140,H1,145,01101860,538,A,40145,+35.9634793,-095.5141004,06,,G4020,Wagoner,Wagoner County,40,29982.513725490197,"{""type"":""MultiPoint"",""coordinates"":[]}"
00000000000000000991,1940958254,69624105,45140,H1,021,01101798,538,A,40021,+35.9043668,-094.9967964,06,,G4020,Cherokee,Cherokee County,40,402.0,"{""type"":""MultiPoint"",""coordinates"":[]}"
00000000000000000993,1749945932,92823523,46140,H1,131,01101853,538,A,40131,+36.3777941,-095.6013835,06,,G4020,Rogers,Rogers County,40,8742.317647058824,"{""type"":""MultiPoint"",""coordinates"":[]}"
00000000000000000994,1477021848,43361072,46140,H1,143,01101859,538,A,40143,+36.1203177,-095.9418132,06,,G4020,Tulsa,Tulsa County,40,5483.709803921569,"{""type"":""MultiPoint"",""coordinates"":[]}"
00000000000000000995,1076019753,22829398,12780,H1,147,01101861,538,A,40147,+36.7043803,-095.9061545,06,,G4020,Washington,Washington County,40,6663.0,"{""type"":""MultiPoint"",""coordinates"":[]}"
00000000000000000606,2145196270,661305228,11820,H1,007,01135846,,A,41007,+46.0245092,-123.7050140,06,,G4020,Clatsop,Clatsop County,41,0.0,"{""type"":""MultiPoint"",""coordinates"":[]}"
00000000000000000613,1352203447,29040461,26220,H1,027,01155131,,A,41027,+45.5117753,-121.6559762,06,,G4020,Hood River,Hood River County,41,0.0,"{""type"":""MultiPoint"",""coordinates"":[]}"
00000000000000000614,6167121090,35716361,45520,H1,065,01155136,,A,41065,+45.1645359,-121.1650693,06,,G4020,Wasco,Wasco County,41,0.0,"{""type"":""MultiPoint"",""coordinates"":[]}"
00000000000000000626,8327941916,41647897,25840,H1,059,01156673,,A,41059,+45.5911997,-118.7338795,06,,G4020,Umatilla,Umatilla County,41,2269.0,"{""type"":""MultiPoint"",""coordinates"":[]}"
00000000000000000627,5275597063,4989941,29260,H1,061,01164165,,A,41061,+45.3040809,-117.9991488,06,,G4020,Union,Union County,41,597.0,"{""type"":""MultiPoint"",""coordinates"":[]}"
00000000000000000628,5259049905,44372295,25840,H1,049,01135860,,A,41049,+45.4254956,-119.6023111,06,,G4020,Morrow,Morrow County,41,200.0,"{""type"":""MultiPoint"",""coordinates"":[]}"
0000000000000000063f,15391613774,503712593,28900,H1,035,01155134,,A,41035,+42.6837613,-121.6461682,06,,G4020,Klamath,Klamath County,41,0.0,"{""type"":""MultiPoint"",""coordinates"":[]}"
00000000000000000640,11799215321,437134106,21660,H1,039,01135855,,A,41039,+43.9283286,-122.8976901,06,,G4020,Lane,Lane County,41,0.0,"{""type"":""MultiPoint"",""coordinates"":[]}"
00000000000000000646,2539217125,554661512,35440,H1,041,01135856,,A,41041,+44.6410607,-123.9112121,06,,G4020,Lincoln,Lincoln County,41,0.0,"{""type"":""MultiPoint"",""coordinates"":[]}"
00000000000000000647,13042299244,252000831,40700,H1,019,01135849,,A,41019,+43.2863277,-123.1544760,06,,G4020,Douglas,Douglas County,41,0.0,"{""type"":""MultiPoint"",""coordinates"":[]}"
00000000000000000648,4133580446,544862331,18300,H1,011,01135848,,A,41011,+43.1859095,-124.0941335,06,,G4020,Coos,Coos County,41,0.0,"{""type"":""MultiPoint"",""coordinates"":[]}"
00000000000000000649,4217640656,934462436,15060,H1,015,01155129,,A,41015,+42.4664387,-124.2109292,06,,G4020,Curry,Curry County,41,0.0,"{""type"":""MultiPoint"",""coordinates"":[]}"
0000000000000000063e,7815567168,94755758,13460,H1,017,01155130,140,A,41017,+43.9151181,-121.2255751,06,,G4020,Deschutes,Deschutes County,41,0.0,"{""type"":""MultiPoint"",""coordinates"":[]}"
00000000000000000641,7715294911,21091929,39260,H1,013,01155128,140,A,41013,+44.1630537,-120.3715849,06,,G4020,Crook,Crook County,41,0.0,"{""type"":""MultiPoint"",""coordinates"":[]}"
0000000000000000062d,25608869178,109173277,36620,H1,045,01135858,147,A,41045,+43.1880821,-117.6040452,06,,G4020,Malheur,Malheur County,41,2.0,"{""type"":""MultiPoint"",""coordinates"":[]}"
0000000000000000064a,4244087602,5629247,24420,H1,033,01155133,366,A,41033,+42.3869815,-123.5716261,06,,G4020,Josephine,Josephine County,41,0.0,"{""type"":""MultiPoint"",""coordinates"":[]}"
0000000000000000064b,7208499990,46860048,32780,H1,029,01135853,366,A,41029,+42.4116284,-122.6756846,06,,G4020,Jackson,Jackson County,41,0.0,"{""type"":""MultiPoint"",""coordinates"":[]}"
0000000000000000060b,1704178259,80260317,38900,H1,009,01135847,440,A,41009,+45.9419320,-123.0810790,06,,G4020,Columbia,Columbia County,41,0.0,"{""type"":""MultiPoint"",""coordinates"":[]}"
0000000000000000060c,1116597727,88213123,38900,H1,051,01135861,440,A,41051,+45.5476932,-122.4171728,06,,G4020,Multnomah,Multnomah County,41,0.0,"{""type"":""MultiPoint"",""coordinates"":[]}"
0000000000000000060d,1875835193,6138641,38900,H1,067,01155137,440,A,41067,+45.5535419,-123.0976146,06,,G4020,Washington,Washington County,41,0.0,"{""type"":""MultiPoint"",""coordinates"":[]}"
0000000000000000060f,4845049032,31834351,38900,H1,005,01155127,440,A,41005,+45.1604934,-122.1951274,06,,G4020,Clackamas,Clackamas County,41,0.0,"{""type"":""MultiPoint"",""coordinates"":[]}"
00000000000000000610,1854169175,6491586,38900,H1,071,01135866,440,A,41071,+45.2478274,-123.3163993,06,,G4020,Yamhill,Yamhill County,41,0.0,"{""type"":""MultiPoint"",""coordinates"":[]}"
00000000000000000611,3057605346,26573439,41420,H1,047,01135859,440,A,41047,+44.9008984,-122.5762602,06,,G4020,Marion,Marion County,41,0.0,"{""type"":""MultiPoint"",""coordinates"":[]}"
00000000000000000612,1918983308,8153114,41420,H1,053,01135862,440,A,41053,+44.9003752,-123.3986729,06,,G4020,Polk,Polk County,41,0.0,"{""type"":""MultiPoint"",""coordinates"":[]}"
00000000000000000644,5923493230,50497756,10540,H1,043,01135857,440,A,41043,+44.4888982,-122.5372084,06,,G4020,Linn,Linn County,41,0.0,"{""type"":""MultiPoint"",""coordinates"":[]}"
00000000000000000645,1748712528,7740249,18700,H1,003,01155126,440,A,41003,+44.4938816,-123.4246641,06,,G4020,Benton,Benton County,41,0.0,"{""type"":""MultiPoint"",""coordinates"":[]}"
000000000000000000bc,2289914221,37352304,47620,H1,123,01213691,,A,42123,+41.8436691,-079.3131731,06,,G4020,Warren,Warren County,42,5832.952941176471,"{""type"":""MultiPoint"",""coordinates"":[]}"
000000000000000000bd,1746388722,22148538,36340,H1,121,01213690,,A,42121,+41.4019797,-079.7544181,06,,G4020,Venango,Venango County,42,20777.972549019607,"{""type"":""MultiPoint"",""coordinates"":[]}"
000000000000000000bb,2621846809,65303124,32740,H1,039,01213666,240,A,42039,+41.6878760,-080.1077950,06,,G4020,Crawford,Crawford County,42,141041.1725490196,"{""type"":""MultiPoint"",""coordinates"":[]}"
00000000000000000362,2069952475,1965847815,21500,H1,049,01209178,240,A,42049,+42.1179519,-080.0963858,06,,G4020,Erie,Erie County,42,94010.40784313725,"{""type"":""MultiPoint"",""coordinates"":[]}"
000000000000000000ce,2782597159,17002839,43740,H1,111,01209188,306,A,42111,+39.9812968,-079.0284859,06,,G4020,Somerset,Somerset County,42,52728.560784313726,"{""type"":""MultiPoint"",""coordinates"":[]}"
000000000000000000c1,2042451310,15948098,38300,H1,019,01213661,430,A,42019,+40.9138467,-079.9189776,06,,G4020,Butler,Butler County,42,69060.56470588234,"{""type"":""MultiPoint"",""coordinates"":[]}"
000000000000000000c2,1691718475,27625399,38300,H1,005,01213658,430,A,42005,+40.8123805,-079.4641285,06,,G4020,Armstrong,Armstrong County,42,34661.066666666666,"{""type"":""MultiPoint"",""coordinates"":[]}"
000000000000000000c3,927644463,11783868,35260,H1,073,01213676,430,A,42073,+40.9927352,-080.3344455,06,,G4020,Lawrence,Lawrence County,42,68244.94901960783,"{""type"":""MultiPoint"",""coordinates"":[]}"
000000000000000000c4,1125901161,24165972,38300,H1,007,01214112,430,A,42007,+40.6841401,-080.3507209,06,,G4020,Beaver,Beaver County,42,16186.294117647061,"{""type"":""MultiPoint"",""coordinates"":[]}"
000000000000000000c8,2219590653,10147672,38300,H1,125,01209190,430,A,42125,+40.2000054,-080.2521319,06,,G4020,Washington,Washington County,42,11507.792156862744,"{""type"":""MultiPoint"",""coordinates"":[]}"
000000000000000000c9,1890889706,37411488,38300,H1,003,01213657,430,A,42003,+40.4697574,-079.9804515,06,,G4020,Allegheny,Allegheny County,42,2978.772549019608,"{""type"":""MultiPoint"",""coordinates"":[]}"
000000000000000000ca,2661370994,22050457,38300,H1,129,01209191,430,A,42129,+40.3110682,-079.4666879,06,,G4020,Westmoreland,Westmoreland County,42,56731.858823529416,"{""type"":""MultiPoint"",""coordinates"":[]}"
000000000000000000cb,2142009116,18802621,26860,H1,063,01213673,430,A,42063,+40.6514319,-079.0875451,06,,G4020,Indiana,Indiana County,42,83379.10196078432,"{""type"":""MultiPoint"",""coordinates"":[]}"
000000000000000000cd,2046968026,20644021,38300,H1,051,01209179,430,A,42051,+39.9189072,-079.6401194,06,,G4020,Fayette,Fayette County,42,21935.38431372549,"{""type"":""MultiPoint"",""coordinates"":[]}"
000000000000000000c0,1741978098,25963051,49660,H1,085,01213678,566,A,42085,+41.3000142,-080.2527863,06,,G4020,Mercer,Mercer County,42,138487.7764705882,"{""type"":""MultiPoint"",""coordinates"":[]}"
00000000000000000853,1296025456,16321055,12260,H1,037,01247999,,A,45037,+33.7764976,-081.9682452,06,,G4020,Edgefield,Edgefield County,45,3593.909803921569,"{""type"":""MultiPoint"",""coordinates"":[]}"
00000000000000000854,2774109818,24619610,12260,H1,003,01247979,,A,45003,+33.5500134,-081.6329830,06,,G4020,Aiken,Aiken County,45,26619.325490196075,"{""type"":""MultiPoint"",""coordinates"":[]}"
00000000000000000866,1492521322,899063816,25940,H1,013,01247984,,A,45013,+32.3581474,-080.6893201,06,,G4020,Beaufort,Beaufort County,45,176.0,"{""type"":""MultiPoint"",""coordinates"":[]}"
00000000000000000867,1697265276,114074607,25940,H1,053,01248006,,A,45053,+32.4305900,-081.0216270,06,,G4020,Jasper,Jasper County,45,5444.133333333334,"{""type"":""MultiPoint"",""coordinates"":[]}"
00000000000000000868,2376182162,1141000425,16700,H1,019,01252740,,A,45019,+32.8004582,-079.9424800,06,,G4020,Charleston,Charleston County,45,810.5019607843137,"{""type"":""MultiPoint"",""coordinates"":[]}"
00000000000000000869,2846215444,337537176,16700,H1,015,01247985,,A,45015,+33.2077000,-079.9536554,06,,G4020,Berkeley,Berkeley County,45,14912.482352941177,"{""type"":""MultiPoint"",""coordinates"":[]}"
0000000000000000086c,1484717404,6618223,16700,H1,035,01247998,,A,45035,+33.0821859,-080.4046966,06,,G4020,Dorchester,Dorchester County,45,32162.235294117643,"{""type"":""MultiPoint"",""coordinates"":[]}"
00000000000000000a01,1242378725,14480156,13500,H1,069,01248011,,A,45069,+34.6018053,-079.6779418,06,,G4020,Marlboro,Marlboro County,45,93739.28235294115,"{""type"":""MultiPoint"",""coordinates"":[]}"
00000000000000000a03,1453370733,14647308,22500,H1,031,01247992,,A,45031,+34.3321854,-079.9621155,06,,G4020,Darlington,Darlington County,45,108216.6431372549,"{""type"":""MultiPoint"",""coordinates"":[]}"
00000000000000000a06,2071894715,9743913,22500,H1,041,01248001,,A,45041,+34.0285346,-079.7102329,06,,G4020,Florence,Florence County,45,104186.91764705884,"{""type"":""MultiPoint"",""coordinates"":[]}"
00000000000000000a0b,1722537605,44054049,44940,H1,085,01244717,,A,45085,+33.9162531,-080.3822876,06,,G4020,Sumter,Sumter County,45,120792.13725490199,"{""type"":""MultiPoint"",""coordinates"":[]}"
000000000000000009fc,1422314508,15444741,16740,H1,057,01248008,172,A,45057,+34.6868182,-080.7036885,06,,G4020,Lancaster,Lancaster County,45,4804.082352941177,"{""type"":""MultiPoint"",""coordinates"":[]}"
00000000000000000a0f,1503893313,14261786,16740,H1,023,01247988,172,A,45023,+34.6893450,-081.1612490,06,,G4020,Chester,Chester County,45,2029.3764705882354,"{""type"":""MultiPoint"",""coordinates"":[]}"
00000000000000000a10,1762994167,39140861,16740,H1,091,01248019,172,A,45091,+34.9701875,-081.1831873,06,,G4020,York,York County,45,3406.6235294117646,"{""type"":""MultiPoint"",""coordinates"":[]}"
00000000000000000852,1172690623,23419265,17900,H1,081,01248016,192,A,45081,+34.0052784,-081.7279033,06,,G4020,Saluda,Saluda County,45,3073.0313725490196,"{""type"":""MultiPoint"",""coordinates"":[]}"
00000000000000000855,1810553175,151957605,17900,H1,063,01244251,192,A,45063,+33.8925892,-081.2728309,06,,G4020,Lexington,Lexington County,45,29575.65882352941,"{""type"":""MultiPoint"",""coordinates"":[]}"
00000000000000000856,987179166,29350862,17900,H1,017,01247986,192,A,45017,+33.6747804,-080.7803468,06,,G4020,Calhoun,Calhoun County,45,59961.42745098039,"{""type"":""MultiPoint"",""coordinates"":[]}"
00000000000000000857,2864676304,56530748,36700,H1,075,01248014,192,A,45075,+33.4361350,-080.8029131,06,,G4020,Orangeburg,Orangeburg County,45,140752.33725490194,"{""type"":""MultiPoint"",""coordinates"":[]}"
00000000000000000a09,1881777522,35709176,17900,H1,055,01248007,192,A,45055,+34.3383561,-080.5908847,06,,G4020,Kershaw,Kershaw County,45,13905.847058823529,"{""type"":""MultiPoint"",""coordinates"":[]}"
00000000000000000a0a,1777449360,61135064,17900,H1,039,01248000,192,A,45039,+34.3956685,-081.1270007,06,,G4020,Fairfield,Fairfield County,45,230.0,"{""type"":""MultiPoint"",""coordinates"":[]}"
00000000000000000a0c,1961023568,37825224,17900,H1,079,01249299,192,A,45079,+34.0290952,-080.8980371,06,,G4020,Richland,Richland County,45,24891.007843137257,"{""type"":""MultiPoint"",""coordinates"":[]}"
00000000000000000a0d,1631805482,44657974,35140,H1,071,01248013,192,A,45071,+34.2897302,-081.6000526,06,,G4020,Newberry,Newberry County,45,11472.886274509803,"{""type"":""MultiPoint"",""coordinates"":[]}"
00000000000000000a0e,1331696479,4805061,43900,H1,087,01248017,273,A,45087,+34.6903966,-081.6158961,06,,G4020,Union,Union County,45,197.0,"{""type"":""MultiPoint"",""coordinates"":[]}"
00000000000000000a11,1017058336,11701051,23500,H1,021,01247987,273,A,45021,+35.0497962,-081.6076469,06,,G4020,Cherokee,Cherokee County,45,2661.1411764705877,"{""type"":""MultiPoint"",""coordinates"":[]}"
00000000000000000a15,2092597504,29211230,43900,H1,083,01248592,273,A,45083,+34.9332905,-081.9910605,06,,G4020,Spartanburg,Spartanburg County,45,5433.78431372549,"{""type"":""MultiPoint"",""coordinates"":[]}"
00000000000000000a19,1848789807,25942578,24860,H1,059,01248009,273,A,45059,+34.4836779,-082.0054894,06,,G4020,Laurens,Laurens County,45,2167.850980392157,"{""type"":""MultiPoint"",""coordinates"":[]}"
00000000000000000a1a,2033561297,25132347,24860,H1,045,01245489,273,A,45045,+34.8926452,-082.3720772,06,,G4020,Greenville,Greenville County,45,1421.2117647058824,"{""type"":""MultiPoint"",""coordinates"":[]}"
00000000000000000a1b,1177746763,21226294,24940,H1,047,01248003,273,A,45047,+34.1557959,-082.1278759,06,,G4020,Greenwood,Greenwood County,45,161.07450980392156,"{""type"":""MultiPoint"",""coordinates"":[]}"
00000000000000000a1c,1270343695,53120004,24940,H1,001,01245666,273,A,45001,+34.2138089,-082.4604603,06,,G4020,Abbeville,Abbeville County,45,595.0,"{""type"":""MultiPoint"",""coordinates"":[]}"
00000000000000000a1d,1853025914,108726641,24860,H1,007,01247981,273,A,45007,+34.5212350,-082.6386029,06,,G4020,Anderson,Anderson County,45,6972.882352941177,"{""type"":""MultiPoint"",""coordinates"":[]}"
00000000000000000a1e,1285536069,40610296,24860,H1,077,01248015,273,A,45077,+34.8853801,-082.7233764,06,,G4020,Pickens,Pickens County,45,547.1019607843137,"{""type"":""MultiPoint"",""coordinates"":[]}"
00000000000000000a1f,1622113936,122274812,42860,H1,073,01244832,273,A,45073,+34.7487713,-083.0615427,06,,G4020,Oconee,Oconee County,45,2973.0,"{""type"":""MultiPoint"",""coordinates"":[]}"
0000000000000000086a,2107183538,572535186,23860,H1,043,01248002,396,A,45043,+33.4175309,-079.2963325,06,,G4020,Georgetown,Georgetown County,45,11376.73725490196,"{""type"":""MultiPoint"",""coordinates"":[]}"
0000000000000000042b,1782118025,75327848,47980,H1,029,01265791,,A,46029,+44.9662852,-097.1988375,06,,G4020,Codington,Codington County,46,607678.5882352942,"{""type"":""MultiPoint"",""coordinates"":[]}"
0000000000000000042e,4436728246,46414522,10100,H1,013,01265785,,A,46013,+45.5892542,-098.3521746,06,,G4020,Brown,Brown County,46,1841956.2431372548,"{""type"":""MultiPoint"",""coordinates"":[]}"
00000000000000000436,2916221284,65024829,10100,H1,045,01266972,,A,46045,+45.4116802,-099.2053620,06,,G4020,Edmunds,Edmunds County,46,985827.6823529413,"{""type"":""MultiPoint"",""coordinates"":[]}"
0000000000000000043e,2607654518,164384696,38180,H1,119,01266982,,A,46119,+44.7223250,-100.1313985,06,,G4020,Sully,Sully County,46,213232.074509804,"{""type"":""MultiPoint"",""coordinates"":[]}"
00000000000000000440,1920594000,153254264,38180,H1,065,01265774,,A,46065,+44.3844521,-099.9756842,06,,G4020,Hughes,Hughes County,46,166185.72549019614,"{""type"":""MultiPoint"",""coordinates"":[]}"
00000000000000000441,3741060714,188383669,38180,H1,117,01266998,,A,46117,+44.4155468,-100.7491628,06,,G4020,Stanley,Stanley County,46,30336.827450980392,"{""type"":""MultiPoint"",""coordinates"":[]}"
000000000000000008ba,1127942825,3675453,33580,H1,035,01266980,,A,46035,+43.6804393,-098.1558683,06,,G4020,Davison,Davison County,46,434812.57647058833,"{""type"":""MultiPoint"",""coordinates"":[]}"
000000000000000008bb,1125387593,2248724,33580,H1,061,01266979,,A,46061,+43.6806116,-097.7968454,06,,G4020,Hanson,Hanson County,46,497090.8039215686,"{""type"":""MultiPoint"",""coordinates"":[]}"
000000000000000008c0,3260033444,15817538,26700,H1,005,01266986,,A,46005,+44.4182649,-098.2794224,06,,G4020,Beadle,Beadle County,46,1167763.898039216,"{""type"":""MultiPoint"",""coordinates"":[]}"
000000000000000008c2,2051807236,32967600,15100,H1,011,01265779,,A,46011,+44.3766745,-096.7977971,06,,G4020,Brookings,Brookings County,46,782833.0000000001,"{""type"":""MultiPoint"",""coordinates"":[]}"
000000000000000008c4,1487182082,6898508,43620,H1,087,01265773,,A,46087,+43.6789244,-097.3620356,06,,G4020,McCook,McCook County,46,737596.7529411769,"{""type"":""MultiPoint"",""coordinates"":[]}"
000000000000000008c5,2090540344,17349847,43620,H1,099,01265772,,A,46099,+43.6674723,-096.7957261,06,,G4020,Minnehaha,Minnehaha County,46,885236.5254901961,"{""type"":""MultiPoint"",""coordinates"":[]}"
000000000000000008e3,1495182378,1179308,43620,H1,083,01265769,,A,46083,+43.2794204,-096.7222862,06,,G4020,Lincoln,Lincoln County,46,774840.9019607843,"{""type"":""MultiPoint"",""coordinates"":[]}"
000000000000000008e4,1598174250,1650289,43620,H1,125,01265770,,A,46125,+43.3086698,-097.1501851,06,,G4020,Turner,Turner County,46,805030.3333333337,"{""type"":""MultiPoint"",""coordinates"":[]}"
000000000000000008e5,1349811536,28629259,49460,H1,135,01266975,,A,46135,+43.0066072,-097.3883388,06,,G4020,Yankton,Yankton County,46,479840.7294117646,"{""type"":""MultiPoint"",""coordinates"":[]}"
0000000000000000058a,4032614487,5482590,39660,H1,033,01265788,452,A,46033,+43.6849428,-103.4622500,06,,G4020,Custer,Custer County,46,23.0,"{""type"":""MultiPoint"",""coordinates"":[]}"
00000000000000000873,8989705454,30713795,39660,H1,093,01266991,452,A,46093,+44.6052822,-102.7141689,06,,G4020,Meade,Meade County,46,1396.0,"{""type"":""MultiPoint"",""coordinates"":[]}"
00000000000000000874,7191326571,19944969,39660,H1,103,01266995,452,A,46103,+44.0023492,-102.8238015,06,,G4020,Pennington,Pennington County,46,18949.870588235295,"{""type"":""MultiPoint"",""coordinates"":[]}"
00000000000000000877,2072081400,713642,43940,H1,081,01266996,452,A,46081,+44.3485831,-103.8058171,06,,G4020,Lawrence,Lawrence County,46,32.0,"{""type"":""MultiPoint"",""coordinates"":[]}"
000000000000000008de,1193294714,16562654,43580,H1,127,01265763,512,A,46127,+42.8311064,-096.6508287,06,,G4020,Union,Union County,46,610214.2627450976,"{""type"":""MultiPoint"",""coordinates"":[]}"
000000000000000008e2,1067562649,13071014,46820,H1,027,01265764,512,A,46027,+42.9161495,-096.9804680,06,,G4020,Clay,Clay County,46,542483.4470588234,"{""type"":""MultiPoint"",""coordinates"":[]}"
0000000000000000070a,1326939562,36775687,20540,H1,045,01639741,,A,47045,+36.0528308,-089.4035903,06,,G4020,Dyer,Dyer County,47,161191.7960784314,"{""type"":""MultiPoint"",""coordinates"":[]}"
0000000000000000071c,1455159734,81742881,37540,H1,079,01639755,,A,47079,+36.3252950,-088.3002878,06,,G4020,Henry,Henry County,47,184049.2823529412,"{""type"":""MultiPoint"",""coordinates"":[]}"
00000000000000000a33,1611409748,5099752,24620,H1,059,01639747,,A,47059,+36.1795140,-082.8474854,06,,G4020,Greene,Greene County,47,10274.090196078432,"{""type"":""MultiPoint"",""coordinates"":[]}"
00000000000000000a50,1763849862,9823729,18900,H1,035,01639736,,A,47035,+35.9523984,-084.9947614,06,,G4020,Cumberland,Cumberland County,47,688.0,"{""type"":""MultiPoint"",""coordinates"":[]}"
00000000000000000a73,1120619142,3524889,32660,H1,177,01639796,,A,47177,+35.6782498,-085.7773428,06,,G4020,Warren,Warren County,47,34853.03921568627,"{""type"":""MultiPoint"",""coordinates"":[]}"
00000000000000000a75,1436108600,55079682,46100,H1,051,01639744,,A,47051,+35.1559259,-086.0992032,06,,G4020,Franklin,Franklin County,47,100394.10588235296,"{""type"":""MultiPoint"",""coordinates"":[]}"
00000000000000000a76,1111007254,14482605,46100,H1,031,01639735,,A,47031,+35.4887586,-086.0782188,06,,G4020,Coffee,Coffee County,47,98747.47450980391,"{""type"":""MultiPoint"",""coordinates"":[]}"
00000000000000000a7b,334684869,3093435,46100,H6,127,01648579,,C,47127,+35.2888885,-086.3586840,06,,G4020,Moore,Moore County,47,3168.690196078432,"{""type"":""MultiPoint"",""coordinates"":[]}"
00000000000000000a95,1396434035,12076781,17300,H1,125,01639777,,A,47125,+36.5003535,-087.3808865,06,,G4020,Montgomery,Montgomery County,47,68709.05098039219,"{""type"":""MultiPoint"",""coordinates"":[]}"
00000000000000000aa9,1038860606,3777709,18260,H1,141,01639783,,A,47141,+36.1409404,-085.4961801,06,,G4020,Putnam,Putnam County,47,7008.062745098039,"{""type"":""MultiPoint"",""coordinates"":[]}"
00000000000000000aaa,799368933,28196501,18260,H1,087,01639758,,A,47087,+36.3542410,-085.6740945,06,,G4020,Jackson,Jackson County,47,2115.0470588235294,"{""type"":""MultiPoint"",""coordinates"":[]}"
00000000000000000aab,1122721545,3492728,18260,H1,133,01639780,,A,47133,+36.3448504,-085.2830756,06,,G4020,Overton,Overton County,47,5267.341176470588,"{""type"":""MultiPoint"",""coordinates"":[]}"
00000000000000000a51,816823241,54463143,19420,H1,143,01639784,174,A,47143,+35.6005870,-084.9495522,06,,G4020,Rhea,Rhea County,47,2230.027450980392,"{""type"":""MultiPoint"",""coordinates"":[]}"
00000000000000000a54,1114009036,5340572,11940,H1,107,01639773,174,A,47107,+35.4244708,-084.6199625,06,,G4020,McMinn,McMinn County,47,7959.843137254902,"{""type"":""MultiPoint"",""coordinates"":[]}"
00000000000000000a55,851489150,6959141,17420,H1,011,01639727,174,A,47011,+35.1539144,-084.8594137,06,,G4020,Bradley,Bradley County,47,4276.0,"{""type"":""MultiPoint"",""coordinates"":[]}"
00000000000000000a56,1125699133,19830460,17420,H1,139,01639782,174,A,47139,+35.1094371,-084.5411124,06,,G4020,Polk,Polk County,47,2721.36862745098,"{""type"":""MultiPoint"",""coordinates"":[]}"
00000000000000000a6d,1404935852,86587760,16860,H1,065,01639749,174,A,47065,+35.1607616,-085.1977114,06,,G4020,Hamilton,Hamilton County,47,1432.929411764706,"{""type"":""MultiPoint"",""coordinates"":[]}"
00000000000000000a6e,1290244621,36484742,16860,H1,115,01639770,174,A,47115,+35.1334215,-085.6183990,06,,G4020,Marion,Marion County,47,11152.898039215685,"{""type"":""MultiPoint"",""coordinates"":[]}"
00000000000000000a70,688550867,498314,16860,H1,153,01652643,174,A,47153,+35.3723582,-085.4103223,06,,G4020,Sequatchie,Sequatchie County,47,477.0,"{""type"":""MultiPoint"",""coordinates"":[]}"
0000000000000000070f,687731416,529234,27180,H1,033,01648574,297,A,47033,+35.8187949,-089.1324936,06,,G4020,Crockett,Crockett County,47,76554.4274509804,"{""type"":""MultiPoint"",""coordinates"":[]}"
0000000000000000071f,1442901132,3930429,27180,H1,113,01639769,297,A,47113,+35.6060563,-088.8334238,06,,G4020,Madison,Madison County,47,100890.40392156864,"{""type"":""MultiPoint"",""coordinates"":[]}"
00000000000000000721,740052033,575590,27180,H1,023,01639732,297,A,47023,+35.4202530,-088.6113533,06,,G4020,Chester,Chester County,47,13519.388235294118,"{""type"":""MultiPoint"",""coordinates"":[]}"
00000000000000000732,1380741545,2472509,15140,H1,075,01639753,297,A,47075,+35.5866898,-089.2825359,06,,G4020,Haywood,Haywood County,47,120708.0470588235,"{""type"":""MultiPoint"",""coordinates"":[]}"
000000000000000001b0,1070732771,42201523,28700,H1,163,01639793,304,A,47163,+36.5102131,-082.2993960,06,,G4020,Sullivan,Sullivan County,47,529.0,"{""type"":""MultiPoint"",""coordinates"":[]}"
000000000000000001b3,883688209,16654827,27740,H1,019,01639730,304,A,47019,+36.2847441,-082.1265932,06,,G4020,Carter,Carter County,47,194.24313725490197,"{""type"":""MultiPoint"",""coordinates"":[]}"
00000000000000000a32,482151702,823118,27740,H1,171,01648582,304,A,47171,+36.1001262,-082.4182145,06,,G4020,Unicoi,Unicoi County,47,156.75294117647059,"{""type"":""MultiPoint"",""coordinates"":[]}"
00000000000000000a34,845537370,8635315,27740,H1,179,01639797,304,A,47179,+36.2956649,-082.4950374,06,,G4020,Washington,Washington County,47,2133.9333333333334,"{""type"":""MultiPoint"",""coordinates"":[]}"
00000000000000000a35,1261444603,32543978,28700,H1,073,01639752,304,A,47073,+36.4522106,-082.9313855,06,,G4020,Hawkins,Hawkins County,47,2375.658823529412,"{""type"":""MultiPoint"",""coordinates"":[]}"
00000000000000000a2e,1534562013,13491050,42940,H1,155,01639789,314,A,47155,+35.8018095,-083.5156955,06,,G4020,Sevier,Sevier County,47,1612.0274509803921,"{""type"":""MultiPoint"",""coordinates"":[]}"
00000000000000000a2f,1125399312,22117950,35460,H1,029,01639734,314,A,47029,+35.9161980,-083.1192242,06,,G4020,Cocke,Cocke County,47,7274.137254901961,"{""type"":""MultiPoint"",""coordinates"":[]}"
00000000000000000a3e,726729365,56637201,28940,H1,057,01648575,314,A,47057,+36.2774634,-083.5094926,06,,G4020,Grainger,Grainger County,47,998.7960784313726,"{""type"":""MultiPoint"",""coordinates"":[]}"
00000000000000000a3f,711873312,102176881,34100,H1,089,01639759,314,A,47089,+36.0484787,-083.4409664,06,,G4020,Jefferson,Jefferson County,47,9190.650980392158,"{""type"":""MultiPoint"",""coordinates"":[]}"
00000000000000000a40,417437888,37890940,34100,H1,063,01648576,314,A,47063,+36.2183967,-083.2660711,06,,G4020,Hamblen,Hamblen County,47,7337.635294117647,"{""type"":""MultiPoint"",""coordinates"":[]}"
00000000000000000a41,1447307020,20307851,28940,H1,009,01639726,314,A,47009,+35.6881849,-083.9229731,06,,G4020,Blount,Blount County,47,5643.8901960784315,"{""type"":""MultiPoint"",""coordinates"":[]}"
00000000000000000a42,1316269093,45712672,28940,H1,093,01639761,314,A,47093,+35.9927265,-083.9377209,06,,G4020,Knox,Knox County,47,890.5254901960784,"{""type"":""MultiPoint"",""coordinates"":[]}"
00000000000000000a43,593760992,46923925,28940,H1,105,01639767,314,A,47105,+35.7374500,-084.3162040,06,,G4020,Loudon,Loudon County,47,8472.945098039216,"{""type"":""MultiPoint"",""coordinates"":[]}"
00000000000000000a44,934284686,88700776,28940,H1,145,01639785,314,A,47145,+35.8472486,-084.5239420,06,,G4020,Roane,Roane County,47,889.5333333333333,"{""type"":""MultiPoint"",""coordinates"":[]}"
00000000000000000a45,873292844,19724754,28940,H1,001,01639722,314,A,47001,+36.1167307,-084.1954177,06,,G4020,Anderson,Anderson County,47,243.0,"{""type"":""MultiPoint"",""coordinates"":[]}"
00000000000000000a46,579031092,61051992,28940,H1,173,01648583,314,A,47173,+36.2841401,-083.8360878,06,,G4020,Union,Union County,47,122.0,"{""type"":""MultiPoint"",""coordinates"":[]}"
00000000000000000a47,1243615772,46494677,28940,H1,013,01639728,314,A,47013,+36.4015922,-084.1592495,06,,G4020,Campbell,Campbell County,47,770.8980392156863,"{""type"":""MultiPoint"",""coordinates"":[]}"
00000000000000000a4f,1352439653,823017,28940,H1,129,01639778,314,A,47129,+36.1386970,-084.6392616,06,,G4020,Morgan,Morgan County,47,1121.0,"{""type"":""MultiPoint"",""coordinates"":[]}"
0000000000000000070d,1411163263,27434034,46460,H1,131,01639779,362,A,47131,+36.3581714,-089.1498791,06,,G4020,Obion,Obion County,47,344571.24705882353,"{""type"":""MultiPoint"",""coordinates"":[]}"
00000000000000000711,1503105587,3709396,32280,H1,183,01639799,362,A,47183,+36.3033855,-088.7208026,06,,G4020,Weakley,Weakley County,47,368660.08235294116,"{""type"":""MultiPoint"",""coordinates"":[]}"
000000000000000001fb,1977687718,55517852,32820,H1,157,01639790,368,A,47157,+35.1837942,-089.8953970,06,,G4020,Shelby,Shelby County,47,47660.9137254902,"{""type"":""MultiPoint"",""coordinates"":[]}"
000000000000000001fe,1187267190,38609225,32820,H1,167,01639795,368,A,47167,+35.5002588,-089.7668030,06,,G4020,Tipton,Tipton County,47,134721.3450980392,"{""type"":""MultiPoint"",""coordinates"":[]}"
00000000000000000731,1825375542,3774866,32820,H1,047,01639742,368,A,47047,+35.1969933,-089.4138027,06,,G4020,Fayette,Fayette County,47,85487.45882352945,"{""type"":""MultiPoint"",""coordinates"":[]}"
00000000000000000a7a,1226719728,2980817,43180,H1,003,01639723,400,A,47003,+35.5136604,-086.4582939,06,,G4020,Bedford,Bedford County,47,32299.729411764714,"{""type"":""MultiPoint"",""coordinates"":[]}"
00000000000000000a86,1598356132,2228677,29980,H1,099,01639764,400,A,47099,+35.2204764,-087.3965460,06,,G4020,Lawrence,Lawrence County,47,114219.21568627452,"{""type"":""MultiPoint"",""coordinates"":[]}"
00000000000000000a87,972442312,1801922,30280,H1,117,01639771,400,A,47117,+35.4683433,-086.7658650,06,,G4020,Marshall,Marshall County,47,15346.49411764706,"{""type"":""MultiPoint"",""coordinates"":[]}"
0000000000000000003d,2292153750,98319961,45500,H1,037,01383804,,A,48037,+33.4460621,-094.4223931,06,,G4020,Bowie,Bowie County,48,19770.215686274503,"{""type"":""MultiPoint"",""coordinates"":[]}"
00000000000000000046,1051683607,50727822,34420,H1,449,01384010,,A,48449,+33.2145990,-094.9667825,06,,G4020,Titus,Titus County,48,252.0,"{""type"":""MultiPoint"",""coordinates"":[]}"
00000000000000000053,2451523996,89731152,34860,H1,347,01383959,,A,48347,+31.6205598,-094.6202497,06,,G4020,Nacogdoches,Nacogdoches County,48,9.0,"{""type"":""MultiPoint"",""coordinates"":[]}"
00000000000000000056,2066240089,173339579,31260,H1,005,01383788,,A,48005,+31.2519514,-094.6110558,06,,G4020,Angelina,Angelina County,48,7.0,"{""type"":""MultiPoint"",""coordinates"":[]}"
0000000000000000005c,2306607884,18042331,13140,H1,199,01383885,,A,48199,+30.3296483,-094.3931782,06,,G4020,Hardin,Hardin County,48,288.0,"{""type"":""MultiPoint"",""coordinates"":[]}"
0000000000000000005f,2269631416,612122543,13140,H1,245,01383908,,A,48245,+29.8539997,-094.1493306,06,,G4020,Jefferson,Jefferson County,48,1921.4,"{""type"":""MultiPoint"",""coordinates"":[]}"
00000000000000000060,864488646,118488848,13140,H1,361,01383966,,A,48361,+30.1223229,-093.8940999,06,,G4020,Orange,Orange County,48,177.0,"{""type"":""MultiPoint"",""coordinates"":[]}"
00000000000000000061,2418212546,15672146,13140,H1,351,01383961,,A,48351,+30.7867182,-093.7392500,06,,G4020,Newton,Newton County,48,3.7450980392156863,"{""type"":""MultiPoint"",""coordinates"":[]}"
00000000000000000079,2279809512,246409,13300,H1,025,01383798,,A,48025,+28.4160769,-097.7425858,06,,G4020,Bee,Bee County,48,56495.843137254895,"{""type"":""MultiPoint"",""coordinates"":[]}"
0000000000000000007b,2081662844,12111367,41700,H1,493,01384032,,A,48493,+29.1738830,-098.0867336,06,,G4020,Wilson,Wilson County,48,13645.909803921568,"{""type"":""MultiPoint"",""coordinates"":[]}"
0000000000000000007d,1842193126,9105135,41700,H1,187,01383879,,A,48187,+29.5835320,-097.9467710,06,,G4020,Guadalupe,Guadalupe County,48,10554.113725490195,"{""type"":""MultiPoint"",""coordinates"":[]}"
0000000000000000007e,1412134810,4975940,12420,H1,055,01383813,,A,48055,+29.8323986,-097.6281410,06,,G4020,Caldwell,Caldwell County,48,19030.250980392157,"{""type"":""MultiPoint"",""coordinates"":[]}"
0000000000000000007f,2300355846,19105699,12420,H1,021,01383796,,A,48021,+30.1007707,-097.3106432,06,,G4020,Bastrop,Bastrop County,48,2608.1882352941175,"{""type"":""MultiPoint"",""coordinates"":[]}"
00000000000000000083,1706884611,46050752,17780,H1,051,01383811,,A,48051,+30.4934867,-096.6220912,06,,G4020,Burleson,Burleson County,48,56506.341176470596,"{""type"":""MultiPoint"",""coordinates"":[]}"
00000000000000000084,1516484053,14812378,17780,H1,041,01383806,,A,48041,+30.6567132,-096.3023935,06,,G4020,Brazos,Brazos County,48,30115.99607843137,"{""type"":""MultiPoint"",""coordinates"":[]}"
00000000000000000085,2216211613,25046151,17780,H1,395,01383983,,A,48395,+31.0254810,-096.5149408,06,,G4020,Robertson,Robertson County,48,41551.4156862745,"{""type"":""MultiPoint"",""coordinates"":[]}"
00000000000000000087,2568730997,80934469,12420,H1,453,01384012,,A,48453,+30.2395128,-097.6912697,06,,G4020,Travis,Travis County,48,17383.431372549017,"{""type"":""MultiPoint"",""coordinates"":[]}"
00000000000000000088,1755978762,5037780,12420,H1,209,01383890,,A,48209,+30.0612247,-098.0292673,06,,G4020,Hays,Hays County,48,5942.752941176471,"{""type"":""MultiPoint"",""coordinates"":[]}"
00000000000000000089,2896469326,41640329,12420,H1,491,01384031,,A,48491,+30.6490296,-097.6050692,06,,G4020,Williamson,Williamson County,48,85161.16078431372,"{""type"":""MultiPoint"",""coordinates"":[]}"
0000000000000000008a,2722143949,95339601,28660,H1,027,01383799,,A,48027,+31.0423123,-097.4814041,06,,G4020,Bell,Bell County,48,36167.76862745099,"{""type"":""MultiPoint"",""coordinates"":[]}"
0000000000000000008b,1982595592,21643268,47380,H1,145,01383858,,A,48145,+31.2519298,-096.9341275,06,,G4020,Falls,Falls County,48,45231.58431372549,"{""type"":""MultiPoint"",""coordinates"":[]}"
0000000000000000008c,2725199222,11781488,28660,H1,099,01383835,,A,48099,+31.3911774,-097.7980223,06,,G4020,Coryell,Coryell County,48,3836.9764705882353,"{""type"":""MultiPoint"",""coordinates"":[]}"
0000000000000000008d,2686101576,59883892,47380,H1,309,01383946,,A,48309,+31.5494930,-097.2014721,06,,G4020,McLennan,McLennan County,48,46855.32941176471,"{""type"":""MultiPoint"",""coordinates"":[]}"
00000000000000000094,2752129268,39880658,37300,H1,001,01383786,,A,48001,+31.8412615,-095.6617264,06,,G4020,Anderson,Anderson County,48,1172.0352941176468,"{""type"":""MultiPoint"",""coordinates"":[]}"
000000000000000000a1,2349622229,67103153,37580,H1,277,01383925,,A,48277,+33.6672628,-095.5703477,06,,G4020,Lamar,Lamar County,48,91810.06274509805,"{""type"":""MultiPoint"",""coordinates"":[]}"
0000000000000000046d,1846250635,2833490,28660,H1,281,01383927,,A,48281,+31.1967308,-098.2408885,06,,G4020,Lampasas,Lampasas County,48,113.0,"{""type"":""MultiPoint"",""coordinates"":[]}"
0000000000000000046e,2805191670,17394954,44500,H1,143,01383857,,A,48143,+32.2381358,-098.2223769,06,,G4020,Erath,Erath County,48,2286.290196078431,"{""type"":""MultiPoint"",""coordinates"":[]}"
00000000000000000472,2446081828,32417771,15220,H1,049,01383810,,A,48049,+31.7641026,-098.9984697,06,,G4020,Brown,Brown County,48,3021.850980392157,"{""type"":""MultiPoint"",""coordinates"":[]}"
00000000000000000475,2329363245,4898783,10180,H1,059,01383815,,A,48059,+32.2931499,-099.3722490,06,,G4020,Callahan,Callahan County,48,2103.0,"{""type"":""MultiPoint"",""coordinates"":[]}"
0000000000000000047b,2339055660,57765519,48660,H1,009,01383790,,A,48009,+33.6163054,-098.6872669,06,,G4020,Archer,Archer County,48,6690.176470588235,"{""type"":""MultiPoint"",""coordinates"":[]}"
0000000000000000047c,2819787559,72591143,48660,H1,077,01383824,,A,48077,+33.7859042,-098.2129174,06,,G4020,Clay,Clay County,48,2626.0392156862745,"{""type"":""MultiPoint"",""coordinates"":[]}"
0000000000000000047e,1625943418,13820243,48660,H1,485,01384028,,A,48485,+33.9911025,-098.7168508,06,,G4020,Wichita,Wichita County,48,36083.99215686275,"{""type"":""MultiPoint"",""coordinates"":[]}"
00000000000000000481,2514536081,18196245,46900,H1,487,01384029,,A,48487,+34.0849199,-099.2424397,06,,G4020,Wilbarger,Wilbarger County,48,75619.53333333333,"{""type"":""MultiPoint"",""coordinates"":[]}"
00000000000000000484,2404946726,22227413,10180,H1,253,01383912,,A,48253,+32.7437089,-099.8744297,06,,G4020,Jones,Jones County,48,256004.6156862746,"{""type"":""MultiPoint"",""coordinates"":[]}"
0000000000000000048f,2362061739,5052158,45020,H1,353,01383962,,A,48353,+32.3123379,-100.4181078,06,,G4020,Nolan,Nolan County,48,24246.831372549015,"{""type"":""MultiPoint"",""coordinates"":[]}"
00000000000000000491,2371267400,9721167,10180,H1,441,01384006,,A,48441,+32.2973269,-099.8901793,06,,G4020,Taylor,Taylor County,48,37937.4,"{""type"":""MultiPoint"",""coordinates"":[]}"
00000000000000000495,3941937698,48105043,41660,H1,451,01384011,,A,48451,+31.3988234,-100.4637879,06,,G4020,Tom Green,Tom Green County,48,192501.49803921574,"{""type"":""MultiPoint"",""coordinates"":[]}"
0000000000000000049c,2857602004,10247343,28500,H1,265,01383918,,A,48265,+30.0599530,-099.3533388,06,,G4020,Kerr,Kerr County,48,163.0,"{""type"":""MultiPoint"",""coordinates"":[]}"
0000000000000000049d,2048666849,17288354,41700,H1,019,01383795,,A,48019,+29.7563890,-099.2482849,06,,G4020,Bandera,Bandera County,48,19.0,"{""type"":""MultiPoint"",""coordinates"":[]}"
0000000000000000049e,2740756112,8982900,23240,H1,171,01383871,,A,48171,+30.3250882,-098.9418509,06,,G4020,Gillespie,Gillespie County,48,1513.0823529411764,"{""type"":""MultiPoint"",""coordinates"":[]}"
000000000000000004a3,1449127325,39800429,41700,H1,091,01383831,,A,48091,+29.8054913,-098.2605440,06,,G4020,Comal,Comal County,48,103.0,"{""type"":""MultiPoint"",""coordinates"":[]}"
000000000000000004a4,1715747531,1496797,41700,H1,259,01383915,,A,48259,+29.9435246,-098.7092693,06,,G4020,Kendall,Kendall County,48,556.0470588235294,"{""type"":""MultiPoint"",""coordinates"":[]}"
000000000000000004a5,3432663415,23762579,41700,H1,325,01383948,,A,48325,+29.3536614,-099.1110846,06,,G4020,Medina,Medina County,48,65451.00784313725,"{""type"":""MultiPoint"",""coordinates"":[]}"
000000000000000004a6,3211269024,41953084,41700,H1,029,01383800,,A,48029,+29.4486708,-098.5201465,06,,G4020,Bexar,Bexar County,48,5998.64705882353,"{""type"":""MultiPoint"",""coordinates"":[]}"
000000000000000004a7,3158596663,4995711,41700,H1,013,01383792,,A,48013,+28.8914078,-098.5353810,06,,G4020,Atascosa,Atascosa County,48,16924.862745098042,"{""type"":""MultiPoint"",""coordinates"":[]}"
000000000000000004ae,4019519701,17321922,46620,H1,463,01384017,,A,48463,+29.3503081,-099.7684270,06,,G4020,Uvalde,Uvalde County,48,61608.0,"{""type"":""MultiPoint"",""coordinates"":[]}"
000000000000000004af,3313819221,31869807,20580,H1,323,01383944,,A,48323,+28.7297873,-100.3166780,06,,G4020,Maverick,Maverick County,48,4850.0,"{""type"":""MultiPoint"",""coordinates"":[]}"
000000000000000004b1,8706186702,36555096,29700,H1,479,01384025,,A,48479,+27.7607987,-099.3407518,06,,G4020,Webb,Webb County,48,606.0,"{""type"":""MultiPoint"",""coordinates"":[]}"
000000000000000004b2,2585876220,154370982,49820,H1,505,01384038,,A,48505,+26.9969806,-099.1826027,06,,G4020,Zapata,Zapata County,48,6194.0,"{""type"":""MultiPoint"",""coordinates"":[]}"
000000000000000004d3,6825534308,17396681,37780,H1,389,01383980,,A,48389,+31.3083660,-103.7127060,06,,G4020,Reeves,Reeves County,48,4119.396078431372,"{""type"":""MultiPoint"",""coordinates"":[]}"
000000000000000004dc,8144863674,227711349,19620,H1,465,01384018,,A,48465,+29.8752853,-101.1433237,06,,G4020,Val Verde,Val Verde County,48,58.760784313725495,"{""type"":""MultiPoint"",""coordinates"":[]}"
000000000000000004df,2723485995,176317,41660,H1,235,01383903,,A,48235,+31.3034241,-100.9813037,06,,G4020,Irion,Irion County,48,1235.0,"{""type"":""MultiPoint"",""coordinates"":[]}"
000000000000000004e1,2331552973,2245301,13700,H1,173,01383872,,A,48173,+31.8680062,-101.5214944,06,,G4020,Glasscock,Glasscock County,48,8756.64705882353,"{""type"":""MultiPoint"",""coordinates"":[]}"
000000000000000004e3,2345090493,5436958,43660,H1,415,01383993,,A,48415,+32.7443531,-100.9133465,06,,G4020,Scurry,Scurry County,48,26280.964705882354,"{""type"":""MultiPoint"",""coordinates"":[]}"
000000000000000004e4,2333039139,8841781,13700,H1,227,01383899,,A,48227,+32.3034712,-101.4387720,06,,G4020,Howard,Howard County,48,18331.80392156863,"{""type"":""MultiPoint"",""coordinates"":[]}"
000000000000000004e7,2331781557,4720730,29500,H1,115,01383843,,A,48115,+32.7419338,-101.9473224,06,,G4020,Dawson,Dawson County,48,136941.57647058825,"{""type"":""MultiPoint"",""coordinates"":[]}"
000000000000000004ec,3886850342,957039,11380,H1,003,01383787,,A,48003,+32.3122581,-102.6402058,06,,G4020,Andrews,Andrews County,48,7699.654901960779,"{""type"":""MultiPoint"",""coordinates"":[]}"
000000000000000004f6,2602115387,246678,38380,H1,189,01383880,,A,48189,+34.0684364,-101.8228879,06,,G4020,Hale,Hale County,48,308107.87450980407,"{""type"":""MultiPoint"",""coordinates"":[]}"
000000000000000004fd,2398261671,8700791,37420,H1,179,01383875,,A,48179,+35.4025424,-100.8123736,06,,G4020,Gray,Gray County,48,117631.77647058821,"{""type"":""MultiPoint"",""coordinates"":[]}"
00000000000000000506,3876750572,3926557,25820,H1,117,01383845,,A,48117,+34.9407663,-102.6075637,06,,G4020,Deaf Smith,Deaf Smith County,48,163091.06666666668,"{""type"":""MultiPoint"",""coordinates"":[]}"
0000000000000000050a,2330188757,25718180,20300,H1,341,01383956,,A,48341,+35.8356759,-101.8905018,06,,G4020,Moore,Moore County,48,145848.86666666664,"{""type"":""MultiPoint"",""coordinates"":[]}"
000000000000000004fe,2354581675,12219587,11100,H1,011,01383791,108,A,48011,+34.9641790,-101.3566363,06,,G4020,Armstrong,Armstrong County,48,51137.600000000006,"{""type"":""MultiPoint"",""coordinates"":[]}"
000000000000000004ff,2383359749,10064086,11100,H1,065,01383818,108,A,48065,+35.4054961,-101.3553558,06,,G4020,Carson,Carson County,48,228138.53725490207,"{""type"":""MultiPoint"",""coordinates"":[]}"
00000000000000000501,2361843607,27235708,11100,H1,381,01383976,108,A,48381,+34.9625290,-101.8955472,06,,G4020,Randall,Randall County,48,49246.760784313716,"{""type"":""MultiPoint"",""coordinates"":[]}"
00000000000000000502,2352751873,35190086,11100,H1,375,01383973,108,A,48375,+35.3986751,-101.8938040,06,,G4020,Potter,Potter County,48,4820.109803921564,"{""type"":""MultiPoint"",""coordinates"":[]}"
00000000000000000508,3886339146,2337689,11100,H1,359,01383965,108,A,48359,+35.4019206,-102.5976203,06,,G4020,Oldham,Oldham County,48,22552.29411764706,"{""type"":""MultiPoint"",""coordinates"":[]}"
00000000000000000512,2298408146,19507501,14420,H1,233,01383902,108,A,48233,+35.8370470,-101.3627461,06,,G4020,Hutchinson,Hutchinson County,48,90189.92549019608,"{""type"":""MultiPoint"",""coordinates"":[]}"
000000000000000004b6,2307891059,998035120,15180,H1,061,01383816,154,A,48061,+26.1029227,-097.4789584,06,,G4020,Cameron,Cameron County,48,356119.94901960774,"{""type"":""MultiPoint"",""coordinates"":[]}"
000000000000000004b7,1529611927,501715022,39700,H1,489,01384030,154,A,48489,+26.4803815,-097.5832561,06,,G4020,Willacy,Willacy County,48,304086.4,"{""type"":""MultiPoint"",""coordinates"":[]}"
000000000000000004b9,3777375503,1262209501,28780,H1,261,01383916,204,A,48261,+26.8902129,-097.5911434,06,,G4020,Kenedy,Kenedy County,48,4350.333333333333,"{""type"":""MultiPoint"",""coordinates"":[]}"
000000000000000004ba,2282572442,541041664,28780,H1,273,01383922,204,A,48273,+27.4387348,-097.6606203,06,,G4020,Kleberg,Kleberg County,48,191223.92941176475,"{""type"":""MultiPoint"",""coordinates"":[]}"
000000000000000004bb,2240778098,8739522,10860,H1,249,01383910,204,A,48249,+27.7335157,-098.0908141,06,,G4020,Jim Wells,Jim Wells County,48,75823.65882352942,"{""type"":""MultiPoint"",""coordinates"":[]}"
000000000000000004bc,2171223718,847262030,18580,H1,355,01383963,204,A,48355,+27.7387374,-097.5186598,06,,G4020,Nueces,Nueces County,48,682372.8078431371,"{""type"":""MultiPoint"",""coordinates"":[]}"
000000000000000004be,1795990941,37577388,18580,H1,409,01383990,204,A,48409,+28.0117944,-097.5171566,06,,G4020,San Patricio,San Patricio County,48,467863.30196078436,"{""type"":""MultiPoint"",""coordinates"":[]}"
000000000000000004bf,652895604,714500539,18580,H1,007,01383789,204,A,48007,+28.1042254,-096.9779830,06,,G4020,Aransas,Aransas County,48,10034.90980392157,"{""type"":""MultiPoint"",""coordinates"":[]}"
00000000000000000095,2263039163,193233424,11980,H1,213,01383892,206,A,48213,+32.2116334,-095.8534183,06,,G4020,Henderson,Henderson County,48,5177.250980392157,"{""type"":""MultiPoint"",""coordinates"":[]}"
00000000000000000096,2614935353,197626174,18620,H1,349,01383960,206,A,48349,+32.0484480,-096.4769087,06,,G4020,Navarro,Navarro County,48,69930.62745098039,"{""type"":""MultiPoint"",""coordinates"":[]}"
00000000000000000098,2021959940,69765358,19100,H1,257,01383914,206,A,48257,+32.5989440,-096.2883777,06,19124,G4020,Kaufman,Kaufman County,48,15554.478431372549,"{""type"":""MultiPoint"",""coordinates"":[]}"
00000000000000000099,2423345826,41669402,19100,H1,139,01383856,206,A,48139,+32.3468783,-096.7969403,06,19124,G4020,Ellis,Ellis County,48,93211.11372549017,"{""type"":""MultiPoint"",""coordinates"":[]}"
0000000000000000009a,329204956,56076993,19100,H1,397,01383984,206,A,48397,+32.8986766,-096.4044017,06,19124,G4020,Rockwall,Rockwall County,48,4577.749019607843,"{""type"":""MultiPoint"",""coordinates"":[]}"
0000000000000000009b,2176416248,108012306,19100,H1,231,01383901,206,A,48231,+33.1232921,-096.0842024,06,19124,G4020,Hunt,Hunt County,48,38233.658823529404,"{""type"":""MultiPoint"",""coordinates"":[]}"
0000000000000000009e,1987018121,66250826,44860,H1,223,01383897,206,A,48223,+33.1489586,-095.5651936,06,,G4020,Hopkins,Hopkins County,48,4399.988235294119,"{""type"":""MultiPoint"",""coordinates"":[]}"
000000000000000000a4,2307244931,20853016,14300,H1,147,01383859,206,A,48147,+33.5911611,-096.1049882,06,,G4020,Fannin,Fannin County,48,60839.90588235294,"{""type"":""MultiPoint"",""coordinates"":[]}"
000000000000000000a7,2415996248,120112400,43300,H1,181,01383876,206,A,48181,+33.6245240,-096.6756930,06,,G4020,Grayson,Grayson County,48,13248.066666666668,"{""type"":""MultiPoint"",""coordinates"":[]}"
000000000000000000a8,2179048311,116061348,19100,H1,085,01383828,206,A,48085,+33.1947365,-096.5797070,06,19124,G4020,Collin,Collin County,48,16340.305882352939,"{""type"":""MultiPoint"",""coordinates"":[]}"
000000000000000000a9,2261231972,92085898,19100,H1,113,01383842,206,A,48113,+32.7669866,-096.7784238,06,19124,G4020,Dallas,Dallas County,48,9884.768627450982,"{""type"":""MultiPoint"",""coordinates"":[]}"
000000000000000000aa,2275390903,192621990,19100,H1,121,01383847,206,A,48121,+33.2051320,-097.1211403,06,19124,G4020,Denton,Denton County,48,14248.93725490196,"{""type"":""MultiPoint"",""coordinates"":[]}"
000000000000000000ab,2236843325,100091246,19100,H1,439,01384005,206,A,48439,+32.7721191,-097.2912241,06,23104,G4020,Tarrant,Tarrant County,48,506.0,"{""type"":""MultiPoint"",""coordinates"":[]}"
000000000000000000ac,2265775274,61333916,23620,H1,097,01383834,206,A,48097,+33.6391964,-097.2103433,06,,G4020,Cooke,Cooke County,48,2505.6470588235293,"{""type"":""MultiPoint"",""coordinates"":[]}"
000000000000000000b2,2342363528,47038989,19100,H1,497,01384034,206,A,48497,+33.2190947,-097.6539968,06,23104,G4020,Wise,Wise County,48,63.08627450980392,"{""type"":""MultiPoint"",""coordinates"":[]}"
000000000000000000b3,2339995721,17138387,19100,H1,367,01383969,206,A,48367,+32.7770964,-097.8059049,06,23104,G4020,Parker,Parker County,48,59.0,"{""type"":""MultiPoint"",""coordinates"":[]}"
000000000000000000b4,1877222092,25004302,19100,H1,251,01383911,206,A,48251,+32.3798207,-097.3649587,06,23104,G4020,Johnson,Johnson County,48,3543.4313725490197,"{""type"":""MultiPoint"",""coordinates"":[]}"
000000000000000000b5,1089485886,41920086,19100,H1,221,01383896,206,A,48221,+32.4301490,-097.8316766,06,23104,G4020,Hood,Hood County,48,744.0,"{""type"":""MultiPoint"",""coordinates"":[]}"
000000000000000000b6,482937181,14222690,19100,H1,425,01383998,206,A,48425,+32.2180714,-097.7692171,06,23104,G4020,Somervell,Somervell County,48,21.0,"{""type"":""MultiPoint"",""coordinates"":[]}"
00000000000000000478,2466313772,86141064,33420,H1,363,01383967,206,A,48363,+32.7522042,-098.3179673,06,,G4020,Palo Pinto,Palo Pinto County,48,88.0,"{""type"":""MultiPoint"",""coordinates"":[]}"
000000000000000004c9,2624144487,5443531,21340,H1,141,01383855,238,A,48141,+31.7664034,-106.2413905,06,,G4020,El Paso,El Paso County,48,6709.760784313726,"{""type"":""MultiPoint"",""coordinates"":[]}"
000000000000000004d1,11837605523,2189943,21340,H1,229,01383900,238,A,48229,+31.4508678,-105.3775489,06,,G4020,Hudspeth,Hudspeth County,48,5385.0,"{""type"":""MultiPoint"",""coordinates"":[]}"
00000000000000000057,1796490522,52677468,26660,H1,455,01384013,288,A,48455,+31.0966750,-095.1516869,06,,G4020,Trinity,Trinity County,48,227.34117647058824,"{""type"":""MultiPoint"",""coordinates"":[]}"
0000000000000000005d,3000343679,46378363,26420,H1,291,01383931,288,A,48291,+30.1584509,-094.8440780,06,,G4020,Liberty,Liberty County,48,17498.98039215686,"{""type"":""MultiPoint"",""coordinates"":[]}"
0000000000000000005e,4415561579,188066851,26420,H1,201,01383886,288,A,48201,+29.8572730,-095.3930371,06,,G4020,Harris,Harris County,48,6707.529411764706,"{""type"":""MultiPoint"",""coordinates"":[]}"
00000000000000000068,1546603410,709759577,26420,H1,071,01383821,288,A,48071,+29.6963741,-094.6694454,06,,G4020,Chambers,Chambers County,48,3420.121568627451,"{""type"":""MultiPoint"",""coordinates"":[]}"
00000000000000000069,981463489,1281660465,26420,H1,167,01383869,288,A,48167,+29.2283656,-094.8954263,06,,G4020,Galveston,Galveston County,48,4568.03137254902,"{""type"":""MultiPoint"",""coordinates"":[]}"
0000000000000000006a,3516716953,649539534,26420,H1,039,01383805,288,A,48039,+29.1678175,-095.4346470,06,,G4020,Brazoria,Brazoria County,48,55313.49019607843,"{""type"":""MultiPoint"",""coordinates"":[]}"
0000000000000000006b,2830586532,1345801461,13060,H1,321,01383943,288,A,48321,+28.7747601,-096.0015316,06,,G4020,Matagorda,Matagorda County,48,158900.00392156868,"{""type"":""MultiPoint"",""coordinates"":[]}"
0000000000000000006c,2232232875,60814626,26420,H1,157,01383864,288,A,48157,+29.5266017,-095.7710149,06,,G4020,Fort Bend,Fort Bend County,48,130318.5960784314,"{""type"":""MultiPoint"",""coordinates"":[]}"
0000000000000000006d,2698558980,90549610,26420,H1,339,01383955,288,A,48339,+30.3006105,-095.4947192,06,,G4020,Montgomery,Montgomery County,48,363.08235294117645,"{""type"":""MultiPoint"",""coordinates"":[]}"
0000000000000000006e,2813116856,21288266,20900,H1,481,01384026,288,A,48481,+29.2784805,-096.2296745,06,,G4020,Wharton,Wharton County,48,354504.33333333343,"{""type"":""MultiPoint"",""coordinates"":[]}"
0000000000000000006f,1674405635,25606133,26420,H1,015,01383793,288,A,48015,+29.8919013,-096.2701696,06,,G4020,Austin,Austin County,48,11156.650980392154,"{""type"":""MultiPoint"",""coordinates"":[]}"
00000000000000000070,1329535289,11622560,26420,H1,473,01384022,288,A,48473,+30.0135781,-095.9821022,06,,G4020,Waller,Waller County,48,7255.447058823529,"{""type"":""MultiPoint"",""coordinates"":[]}"
00000000000000000081,1564249679,46077120,14780,H1,477,01384024,288,A,48477,+30.2150752,-096.4102717,06,,G4020,Washington,Washington County,48,1578.7411764705882,"{""type"":""MultiPoint"",""coordinates"":[]}"
00000000000000000093,2031033550,44852079,26660,H1,471,01384021,288,A,48471,+30.7431631,-095.5698246,06,,G4020,Walker,Walker County,48,358.0,"{""type"":""MultiPoint"",""coordinates"":[]}"
00000000000000000049,1509791538,24997458,30980,H1,459,01384015,346,A,48459,+32.7353495,-094.9411837,06,,G4020,Upshur,Upshur County,48,64.0,"{""type"":""MultiPoint"",""coordinates"":[]}"
0000000000000000004a,708030601,6227994,30980,H1,183,01383877,346,A,48183,+32.4863971,-094.8162759,06,,G4020,Gregg,Gregg County,48,97.25490196078431,"{""type"":""MultiPoint"",""coordinates"":[]}"
0000000000000000004c,2393244478,37217197,30980,H1,401,01383986,346,A,48401,+32.1094232,-094.7563823,06,,G4020,Rusk,Rusk County,48,71.0,"{""type"":""MultiPoint"",""coordinates"":[]}"
0000000000000000004d,2330820877,40969486,32220,H1,203,01383887,346,A,48203,+32.5479914,-094.3744344,06,,G4020,Harrison,Harrison County,48,263.7450980392157,"{""type"":""MultiPoint"",""coordinates"":[]}"
000000000000000004ef,2309924845,4169719,31180,H1,305,01383938,352,A,48305,+33.1784124,-101.8184933,06,,G4020,Lynn,Lynn County,48,44475.054901960786,"{""type"":""MultiPoint"",""coordinates"":[]}"
000000000000000004f4,2352723913,446119,30220,H1,219,01383895,352,A,48219,+33.6059320,-102.3433978,06,,G4020,Hockley,Hockley County,48,73941.02745098037,"{""type"":""MultiPoint"",""coordinates"":[]}"
000000000000000004f5,2319585355,13217278,31180,H1,303,01383937,352,A,48303,+33.6114688,-101.8199438,06,,G4020,Lubbock,Lubbock County,48,115097.09019607842,"{""type"":""MultiPoint"",""coordinates"":[]}"
000000000000000004f7,2331503437,3873557,31180,H1,107,01383839,352,A,48107,+33.6091440,-101.2987099,06,,G4020,Crosby,Crosby County,48,75611.5725490196,"{""type"":""MultiPoint"",""coordinates"":[]}"
000000000000000004b3,3168019244,15346370,40100,H1,427,01383999,365,A,48427,+26.5309027,-098.7402346,06,,G4020,Starr,Starr County,48,25909.498039215687,"{""type"":""MultiPoint"",""coordinates"":[]}"
000000000000000004b5,4068610438,31102594,32580,H1,215,01383893,365,A,48215,+26.3963839,-098.1809900,06,,G4020,Hidalgo,Hidalgo County,48,312198.23921568645,"{""type"":""MultiPoint"",""coordinates"":[]}"
000000000000000004e6,2369724595,1931832,33260,H1,317,01383941,372,A,48317,+32.3098298,-101.9618363,06,,G4020,Martin,Martin County,48,37873.1882352941,"{""type"":""MultiPoint"",""coordinates"":[]}"
000000000000000004e8,2331647582,4520751,33260,H1,329,01383950,372,A,48329,+31.8708957,-102.0243264,06,,G4020,Midland,Midland County,48,11959.192156862748,"{""type"":""MultiPoint"",""coordinates"":[]}"
000000000000000004ea,2325100483,10596946,36220,H1,135,01383853,372,A,48135,+31.8653008,-102.5425068,06,,G4020,Ector,Ector County,48,130.98039215686273,"{""type"":""MultiPoint"",""coordinates"":[]}"
0000000000000000004b,2386701624,73066275,46340,H1,423,01383997,540,A,48423,+32.3751061,-095.2687428,06,,G4020,Smith,Smith County,48,48.0,"{""type"":""MultiPoint"",""coordinates"":[]}"
00000000000000000054,2727190094,23873001,27380,H1,073,01383822,540,A,48073,+31.8438717,-095.1563454,06,,G4020,Cherokee,Cherokee County,48,109.0,"{""type"":""MultiPoint"",""coordinates"":[]}"
00000000000000000073,1312707024,1361884769,38920,H1,057,01383814,544,A,48057,+28.4417191,-096.5795739,06,,G4020,Calhoun,Calhoun County,48,96295.11764705881,"{""type"":""MultiPoint"",""coordinates"":[]}"
00000000000000000074,2284644914,17425945,47020,H1,469,01384020,544,A,48469,+28.7963699,-096.9711977,06,,G4020,Victoria,Victoria County,48,77213.97647058823,"{""type"":""MultiPoint"",""coordinates"":[]}"
00000000000000000078,2206698586,19050015,47020,H1,175,01383873,544,A,48175,+28.6607000,-097.4304145,06,,G4020,Goliad,Goliad County,48,6425.745098039216,"{""type"":""MultiPoint"",""coordinates"":[]}"
00000000000000000572,11609281233,56154091,46860,H1,047,01448037,,A,49047,+40.1258872,-109.5177482,06,,G4020,Uintah,Uintah County,49,0.0,"{""type"":""MultiPoint"",""coordinates"":[]}"
00000000000000000576,3831067811,15844443,39220,H1,007,01448018,,A,49007,+39.6732840,-110.5884845,06,,G4020,Carbon,Carbon County,49,0.0,"{""type"":""MultiPoint"",""coordinates"":[]}"
00000000000000000584,3016675511,21093142,30860,H1,005,01448017,,A,49005,+41.7341676,-111.7445680,06,,G4020,Cache,Cache County,49,4.0,"{""type"":""MultiPoint"",""coordinates"":[]}"
000000000000000006a9,8537474431,11390956,16260,H1,021,01448025,,A,49021,+37.9093044,-113.3067405,06,,G4020,Iron,Iron County,49,0.0,"{""type"":""MultiPoint"",""coordinates"":[]}"
000000000000000006ab,6285757441,9061296,41100,H1,053,01448040,,A,49053,+37.2625308,-113.4878003,06,,G4020,Washington,Washington County,49,0.0,"{""type"":""MultiPoint"",""coordinates"":[]}"
0000000000000000057a,3048434118,79148386,25720,H1,051,01448039,482,A,49051,+40.3348838,-111.1615683,06,,G4020,Wasatch,Wasatch County,49,0.0,"{""type"":""MultiPoint"",""coordinates"":[]}"
0000000000000000057b,5189271203,364277411,39340,H1,049,01448038,482,A,49049,+40.1204248,-111.6685082,06,,G4020,Utah,Utah County,49,0.0,"{""type"":""MultiPoint"",""coordinates"":[]}"
0000000000000000057c,4844781940,26612504,44920,H1,043,01448035,482,A,49043,+40.8720603,-110.9684862,06,,G4020,Summit,Summit County,49,0.0,"{""type"":""MultiPoint"",""coordinates"":[]}"
00000000000000000580,1577739364,4437369,36260,H1,029,01448028,482,A,49029,+41.0910273,-111.5778846,06,,G4020,Morgan,Morgan County,49,0.0,"{""type"":""MultiPoint"",""coordinates"":[]}"
00000000000000000581,1921906753,164903357,41620,H1,035,01448031,482,A,49035,+40.6678828,-111.9242397,06,,G4020,Salt Lake,Salt Lake County,49,0.0,"{""type"":""MultiPoint"",""coordinates"":[]}"
00000000000000000582,774432428,870761615,36260,H1,011,01448020,482,A,49011,+41.0375594,-112.2019434,06,,G4020,Davis,Davis County,49,0.0,"{""type"":""MultiPoint"",""coordinates"":[]}"
00000000000000000583,1492520447,216460044,36260,H1,057,01448042,482,A,49057,+41.2703281,-111.8767944,06,,G4020,Weber,Weber County,49,0.0,"{""type"":""MultiPoint"",""coordinates"":[]}"
000000000000000006a2,14880984606,2547651528,36260,H1,003,01455966,482,A,49003,+41.6218833,-113.0436525,06,,G4020,Box Elder,Box Elder County,49,23.0,"{""type"":""MultiPoint"",""coordinates"":[]}"
000000000000000006a4,17979587120,891043654,41620,H1,045,01448036,482,A,49045,+40.4677525,-113.1239786,06,,G4020,Tooele,Tooele County,49,0.0,"{""type"":""MultiPoint"",""coordinates"":[]}"
000000000000000006a6,8784407437,36542088,39340,H1,023,01455158,482,A,49023,+39.7141200,-112.7904710,06,,G4020,Juab,Juab County,49,0.0,"{""type"":""MultiPoint"",""coordinates"":[]}"
00000000000000000385,1718726095,28674612,13620,H1,009,01461761,,A,50009,+44.7240209,-071.7327362,06,,G4020,Essex,Essex County,50,1.0,"{""type"":""MultiPoint"",""coordinates"":[]}"
00000000000000000388,1779421703,21184426,12740,H1,023,01461768,,A,50023,+44.2749884,-072.6095138,06,,G4020,Washington,Washington County,50,300.0,"{""type"":""MultiPoint"",""coordinates"":[]}"
00000000000000000389,1779389357,12016544,17200,H1,017,01461765,,A,50017,+44.0033924,-072.3696871,06,,G4020,Orange,Orange County,50,35.0,"{""type"":""MultiPoint"",""coordinates"":[]}"
0000000000000000038a,2511193707,19363219,17200,H1,027,01461770,,A,50027,+43.5726846,-072.5988211,06,,G4020,Windsor,Windsor County,50,195.0,"{""type"":""MultiPoint"",""coordinates"":[]}"
0000000000000000038b,2408212536,38758591,40860,H1,021,01461767,,A,50021,+43.5808577,-073.0382023,06,,G4020,Rutland,Rutland County,50,1384.2823529411764,"{""type"":""MultiPoint"",""coordinates"":[]}"
00000000000000000390,1389740226,214237435,15540,H1,007,01461760,,A,50007,+44.4633293,-073.0694101,06,,G4020,Chittenden,Chittenden County,50,1903.870588235294,"{""type"":""MultiPoint"",""coordinates"":[]}"
00000000000000000392,1641633748,150930318,15540,H1,011,01461762,,A,50011,+44.8589643,-072.9094023,06,,G4020,Franklin,Franklin County,50,3628.0,"{""type"":""MultiPoint"",""coordinates"":[]}"
00000000000000000394,211881635,292317315,15540,H1,013,01461763,,A,50013,+44.8017867,-073.3007590,06,,G4020,Grand Isle,Grand Isle County,50,346.0,"{""type"":""MultiPoint"",""coordinates"":[]}"
00000000000000000157,1044260769,5277225,13720,H1,195,01496656,,A,51195,+36.9745607,-082.6215601,06,,G4020,Wise,Wise County,51,8.0,"{""type"":""MultiPoint"",""coordinates"":[]}"
00000000000000000158,856108125,8073687,13720,H1,051,01497376,,A,51051,+37.1370640,-082.3492305,06,,G4020,Dickenson,Dickenson County,51,0.0,"{""type"":""MultiPoint"",""coordinates"":[]}"
0000000000000000018c,853490643,2797724,40220,H1,045,01673664,,A,51045,+37.4736031,-080.2310507,06,,G4020,Craig,Craig County,51,85.0,"{""type"":""MultiPoint"",""coordinates"":[]}"
0000000000000000018f,1401713912,12188503,40220,H1,023,01674418,,A,51023,+37.5654811,-079.7975529,06,,G4020,Botetourt,Botetourt County,51,2337.0,"{""type"":""MultiPoint"",""coordinates"":[]}"
00000000000000000192,1227493241,12729187,31340,H1,009,01480095,,A,51009,+37.6286103,-079.1542813,06,,G4020,Amherst,Amherst County,51,2053.0,"{""type"":""MultiPoint"",""coordinates"":[]}"
00000000000000000193,1968134064,42100093,31340,H1,019,01674818,,A,51019,+37.3122229,-079.5270791,06,,G4020,Bedford,Bedford County,51,2673.8901960784315,"{""type"":""MultiPoint"",""coordinates"":[]}"
00000000000000000195,649014937,1795151,40220,H1,161,01480165,,A,51161,+37.3307920,-080.1912371,06,,G4020,Roanoke,Roanoke County,51,64.0,"{""type"":""MultiPoint"",""coordinates"":[]}"
00000000000000000196,37400253,263080,40220,C7,775,01789074,,F,51775,+37.2853329,-080.0552407,25,,G4020,Salem,Salem city,51,2.0,"{""type"":""MultiPoint"",""coordinates"":[]}"
00000000000000000197,110141397,882886,40220,C7,770,01498439,,F,51770,+37.2784580,-079.9581739,25,,G4020,Roanoke,Roanoke city,51,8.0,"{""type"":""MultiPoint"",""coordinates"":[]}"
00000000000000000198,1788231299,54670666,40220,H1,067,01494434,,A,51067,+36.9911503,-079.8826633,06,,G4020,Franklin,Franklin County,51,20195.23137254902,"{""type"":""MultiPoint"",""coordinates"":[]}"
00000000000000000199,2509322708,23852231,19260,H1,143,01480157,,A,51143,+36.8217206,-079.3985019,06,,G4020,Pittsylvania,Pittsylvania County,51,23419.75294117647,"{""type"":""MultiPoint"",""coordinates"":[]}"
0000000000000000019a,1305049382,9002937,31340,H1,031,01674917,,A,51031,+37.2101510,-079.0954285,06,,G4020,Campbell,Campbell County,51,7918.054901960785,"{""type"":""MultiPoint"",""coordinates"":[]}"
0000000000000000019b,990272713,5281696,32300,H1,089,01502770,,A,51089,+36.6206074,-079.9806728,06,,G4020,Henry,Henry County,51,2312.5058823529407,"{""type"":""MultiPoint"",""coordinates"":[]}"
0000000000000000019c,986590279,2270014,13980,H1,063,01494354,,A,51063,+36.9314381,-080.3503087,06,,G4020,Floyd,Floyd County,51,274.29411764705884,"{""type"":""MultiPoint"",""coordinates"":[]}"
0000000000000000019d,1001065264,5807436,13980,H1,121,01674630,,A,51121,+37.1755344,-080.3877913,06,,G4020,Montgomery,Montgomery County,51,269.0,"{""type"":""MultiPoint"",""coordinates"":[]}"
0000000000000000019e,921560259,11925828,13980,H1,071,01494551,,A,51071,+37.3119302,-080.7172074,06,,G4020,Giles,Giles County,51,11.0,"{""type"":""MultiPoint"",""coordinates"":[]}"
0000000000000000019f,828438966,25204366,13980,H1,155,01501465,,A,51155,+37.0633853,-080.7134439,06,,G4020,Pulaski,Pulaski County,51,463.5686274509804,"{""type"":""MultiPoint"",""coordinates"":[]}"
000000000000000001a0,25567010,867992,13980,C7,750,01498438,,F,51750,+37.1201195,-080.5591473,25,,G4020,Radford,Radford city,51,2.0,"{""type"":""MultiPoint"",""coordinates"":[]}"
000000000000000001a5,1343806838,2913086,14140,H1,185,01497748,,A,51185,+37.1253949,-081.5629237,06,,G4020,Tazewell,Tazewell County,51,19.0,"{""type"":""MultiPoint"",""coordinates"":[]}"
000000000000000001c7,28376605,133615,32300,C7,690,01789072,,F,51690,+36.6835269,-079.8636475,25,,G4020,Martinsville,Martinsville city,51,1.0,"{""type"":""MultiPoint"",""coordinates"":[]}"
000000000000000001c8,111136851,2536146,19260,C7,590,01498421,,F,51590,+36.5833337,-079.4080707,25,,G4020,Danville,Danville city,51,127.74901960784314,"{""type"":""MultiPoint"",""coordinates"":[]}"
00000000000000000a37,19375330,89169,13720,C7,720,01498434,,F,51720,+36.9315489,-082.6259960,25,,G4020,Norton,Norton city,51,0.0,"{""type"":""MultiPoint"",""coordinates"":[]}"
00000000000000000185,2504629596,9955982,44420,H1,015,01480098,277,A,51015,+38.1719106,-079.1475571,06,,G4020,Augusta,Augusta County,51,26416.10196078431,"{""type"":""MultiPoint"",""coordinates"":[]}"
000000000000000001ad,1452917747,12999430,28700,H1,191,01498359,304,A,51191,+36.7478314,-081.9503155,06,,G4020,Washington,Washington County,51,73.0,"{""type"":""MultiPoint"",""coordinates"":[]}"
000000000000000001b4,33745566,322409,28700,C7,520,01498416,304,F,51520,+36.6169541,-082.1575641,25,,G4020,Bristol,Bristol city,51,7.0,"{""type"":""MultiPoint"",""coordinates"":[]}"
00000000000000000a36,1387008855,8060238,28700,H1,169,01498172,304,A,51169,+36.7127756,-082.6136238,06,,G4020,Scott,Scott County,51,1.0,"{""type"":""MultiPoint"",""coordinates"":[]}"
000000000000000005f4,5459395531,1028184731,13380,H1,073,01529224,,A,53073,+48.8426531,-121.8364325,06,,G4020,Whatcom,Whatcom County,53,0.0,"{""type"":""MultiPoint"",""coordinates"":[]}"
000000000000000005f6,7565816081,189652330,48300,H1,007,01531932,,A,53007,+47.8609739,-120.6190410,06,,G4020,Chelan,Chelan County,53,0.0,"{""type"":""MultiPoint"",""coordinates"":[]}"
000000000000000005fa,4503153139,2413877536,38820,H1,009,01531341,,A,53009,+48.1109034,-123.8898599,06,,G4020,Clallam,Clallam County,53,0.0,"{""type"":""MultiPoint"",""coordinates"":[]}"
000000000000000005fc,4924343587,834767915,10140,H1,027,01531823,,A,53027,+47.1139993,-123.8266547,06,,G4020,Grays Harbor,Grays Harbor County,53,0.0,"{""type"":""MultiPoint"",""coordinates"":[]}"
00000000000000000601,5949981163,92431795,21260,H1,037,01531926,,A,53037,+47.1244443,-120.6767136,06,,G4020,Kittitas,Kittitas County,53,0.0,"{""type"":""MultiPoint"",""coordinates"":[]}"
00000000000000000602,11122757385,41168171,49420,H1,077,01531929,,A,53077,+46.4565581,-120.7401446,06,,G4020,Yakima,Yakima County,53,0.0,"{""type"":""MultiPoint"",""coordinates"":[]}"
00000000000000000618,4402476320,155126966,28420,H1,005,01513302,,A,53005,+46.2281252,-119.5166594,06,,G4020,Benton,Benton County,53,0.0,"{""type"":""MultiPoint"",""coordinates"":[]}"
0000000000000000061a,3215718028,60509349,28420,H1,021,01531822,,A,53021,+46.5345799,-118.9069436,06,,G4020,Franklin,Franklin County,53,96.0,"{""type"":""MultiPoint"",""coordinates"":[]}"
0000000000000000061b,3289366722,74935920,47460,H1,071,01531819,,A,53071,+46.2546061,-118.4803741,06,,G4020,Walla Walla,Walla Walla County,53,1252.0,"{""type"":""MultiPoint"",""coordinates"":[]}"
0000000000000000061c,2249624737,12561762,47460,H1,013,01513273,,A,53013,+46.2928505,-117.9116345,06,,G4020,Columbia,Columbia County,53,9.0,"{""type"":""MultiPoint"",""coordinates"":[]}"
0000000000000000061e,4711869328,76474717,48300,H1,017,01531818,,A,53017,+47.7417625,-119.6946219,06,,G4020,Douglas,Douglas County,53,0.0,"{""type"":""MultiPoint"",""coordinates"":[]}"
00000000000000000624,1647443944,11275706,30300,H1,003,01533502,,A,53003,+46.1818612,-117.2277813,06,,G4020,Asotin,Asotin County,53,0.0,"{""type"":""MultiPoint"",""coordinates"":[]}"
00000000000000000619,6939865658,289949704,34180,H1,025,01531924,393,A,53025,+47.2136328,-119.4677880,06,,G4020,Grant,Grant County,53,109.0,"{""type"":""MultiPoint"",""coordinates"":[]}"
0000000000000000061d,4985663377,12499935,36830,H1,001,01531601,393,A,53001,+47.0112378,-118.5128614,06,,G4020,Adams,Adams County,53,635.0,"{""type"":""MultiPoint"",""coordinates"":[]}"
00000000000000000608,2953717906,67323174,31020,H1,015,01529156,440,A,53015,+46.1967854,-122.6784596,06,,G4020,Cowlitz,Cowlitz County,53,0.0,"{""type"":""MultiPoint"",""coordinates"":[]}"
00000000000000000609,4294875667,73344946,38900,H1,059,01529220,440,A,53059,+46.0247815,-121.9532269,06,,G4020,Skamania,Skamania County,53,0.0,"{""type"":""MultiPoint"",""coordinates"":[]}"
0000000000000000060a,1627604459,70388546,38900,H1,011,01531820,440,A,53011,+45.7716737,-122.4859027,06,,G4020,Clark,Clark County,53,0.0,"{""type"":""MultiPoint"",""coordinates"":[]}"
00000000000000000620,5592428647,48281266,39420,H1,075,01533501,446,A,53075,+46.9059441,-117.5353898,06,,G4020,Whitman,Whitman County,53,0.0,"{""type"":""MultiPoint"",""coordinates"":[]}"
000000000000000005f5,4481039429,484059449,34580,H1,057,01531402,500,A,53057,+48.4932917,-121.8157703,06,,G4020,Skagit,Skagit County,53,0.0,"{""type"":""MultiPoint"",""coordinates"":[]}"
000000000000000005f7,5404201031,282769956,42660,H1,061,01529222,500,A,53061,+48.0549130,-121.7664118,06,42644,G4020,Snohomish,Snohomish County,53,0.0,"{""type"":""MultiPoint"",""coordinates"":[]}"
000000000000000005f8,539622439,800242041,36020,H1,029,01513272,500,A,53029,+48.1585538,-122.6706492,06,,G4020,Island,Island County,53,0.0,"{""type"":""MultiPoint"",""coordinates"":[]}"
000000000000000005fd,2484806996,237381766,43220,H1,045,01529221,500,A,53045,+47.3541257,-123.1738498,06,,G4020,Mason,Mason County,53,0.0,"{""type"":""MultiPoint"",""coordinates"":[]}"
000000000000000005fe,1023380594,442123819,14740,H1,035,01529223,500,A,53035,+47.6396874,-122.6496358,06,,G4020,Kitsap,Kitsap County,53,0.0,"{""type"":""MultiPoint"",""coordinates"":[]}"
000000000000000005ff,5479358152,496938646,42660,H1,033,01531933,500,A,53033,+47.4905993,-121.8339960,06,42644,G4020,King,King County,53,0.0,"{""type"":""MultiPoint"",""coordinates"":[]}"
00000000000000000600,4321389830,354692944,42660,H1,053,01529159,500,A,53053,+47.0514152,-122.1532418,06,45104,G4020,Pierce,Pierce County,53,0.0,"{""type"":""MultiPoint"",""coordinates"":[]}"
00000000000000000603,6223242260,86862888,16500,H1,041,01531927,500,A,53041,+46.5800714,-122.3774443,06,,G4020,Lewis,Lewis County,53,0.0,"{""type"":""MultiPoint"",""coordinates"":[]}"
00000000000000000604,1871151578,133733459,36500,H1,067,01529226,500,A,53067,+46.9358216,-122.8301524,06,,G4020,Thurston,Thurston County,53,0.0,"{""type"":""MultiPoint"",""coordinates"":[]}"
000000000000000005e3,3626630102,65388389,44060,H1,051,01529157,518,A,53051,+48.5438247,-117.2321913,06,,G4020,Pend Oreille,Pend Oreille County,53,4.0,"{""type"":""MultiPoint"",""coordinates"":[]}"
000000000000000005e4,4568578482,43315180,44060,H1,063,01529225,518,A,53063,+47.6203752,-117.4033714,06,,G4020,Spokane,Spokane County,53,0.0,"{""type"":""MultiPoint"",""coordinates"":[]}"
000000000000000005e5,6416413110,163008888,44060,H1,065,01531930,518,A,53065,+48.3887270,-117.8544544,06,,G4020,Stevens,Stevens County,53,9.0,"{""type"":""MultiPoint"",""coordinates"":[]}"
000000000000000000d4,791063503,17411500,48540,H1,051,01717539,,A,54051,+39.8544259,-080.6717944,06,,G4020,Marshall,Marshall County,54,53.0,"{""type"":""MultiPoint"",""coordinates"":[]}"
000000000000000000d5,274098955,8274300,48540,H1,069,01717163,,A,54069,+40.0989316,-080.6207278,06,,G4020,Ohio,Ohio County,54,29.0,"{""type"":""MultiPoint"",""coordinates"":[]}"
00000000000000000161,1115633279,36174541,38580,H1,053,01560254,,A,54053,+38.7709140,-082.0290067,06,,G4020,Mason,Mason County,54,11853.713725490197,"{""type"":""MultiPoint"",""coordinates"":[]}"
00000000000000000177,828070519,1958441,17220,H1,017,01689476,,A,54017,+39.2634805,-080.7012316,06,,G4020,Doddridge,Doddridge County,54,100.0,"{""type"":""MultiPoint"",""coordinates"":[]}"
0000000000000000017a,1077454917,1320319,17220,H1,033,01718426,,A,54033,+39.2791820,-080.3864982,06,,G4020,Harrison,Harrison County,54,64.0,"{""type"":""MultiPoint"",""coordinates"":[]}"
0000000000000000017d,2692810850,667359,21180,H1,083,01550048,,A,54083,+38.7810953,-079.8677881,06,,G4020,Randolph,Randolph County,54,220.0,"{""type"":""MultiPoint"",""coordinates"":[]}"
0000000000000000017f,447475066,7532835,17220,H1,091,01689856,,A,54091,+39.3324778,-080.0465539,06,,G4020,Taylor,Taylor County,54,1.0,"{""type"":""MultiPoint"",""coordinates"":[]}"
00000000000000000189,1713494053,17519186,13220,H1,019,01560095,,A,54019,+38.0309328,-081.0860508,06,,G4020,Fayette,Fayette County,54,12.0,"{""type"":""MultiPoint"",""coordinates"":[]}"
000000000000000001a4,1085116214,4432246,14140,H1,055,01557645,,A,54055,+37.4034477,-081.1064560,06,,G4020,Mercer,Mercer County,54,5.0,"{""type"":""MultiPoint"",""coordinates"":[]}"
000000000000000001a9,1567864566,10336250,13220,H1,081,01550047,,A,54081,+37.7624696,-081.2646711,06,,G4020,Raleigh,Raleigh County,54,14.0,"{""type"":""MultiPoint"",""coordinates"":[]}"
0000000000000000015b,1310504122,15860720,26580,H1,099,01550056,170,A,54099,+38.1455413,-082.4196812,06,,G4020,Wayne,Wayne County,54,98.0,"{""type"":""MultiPoint"",""coordinates"":[]}"
0000000000000000015c,1131925075,4023478,26580,H1,043,01550028,170,A,54043,+38.1717696,-082.0776231,06,,G4020,Lincoln,Lincoln County,54,9.0,"{""type"":""MultiPoint"",""coordinates"":[]}"
0000000000000000015f,727838071,18122000,26580,H1,011,01550012,170,A,54011,+38.4195778,-082.2433966,06,,G4020,Cabell,Cabell County,54,69.0,"{""type"":""MultiPoint"",""coordinates"":[]}"
0000000000000000016e,895302287,12226982,26580,H1,079,01550046,170,A,54079,+38.5105128,-081.9061090,06,,G4020,Putnam,Putnam County,54,1137.286274509804,"{""type"":""MultiPoint"",""coordinates"":[]}"
0000000000000000016f,2335215666,24056487,16620,H1,039,01550026,170,A,54039,+38.3280675,-081.5235156,06,,G4020,Kanawha,Kanawha County,54,50.0,"{""type"":""MultiPoint"",""coordinates"":[]}"
00000000000000000172,885617251,4862445,16620,H1,015,01550014,170,A,54015,+38.4598259,-081.0818663,06,,G4020,Clay,Clay County,54,2.0,"{""type"":""MultiPoint"",""coordinates"":[]}"
000000000000000001aa,1298967375,4305976,16620,H1,005,01550009,170,A,54005,+38.0228142,-081.7135390,06,,G4020,Boone,Boone County,54,0.0,"{""type"":""MultiPoint"",""coordinates"":[]}"
000000000000000001ab,1175209778,4830034,30880,H1,045,01550029,170,A,54045,+37.8305905,-081.9408530,06,,G4020,Logan,Logan County,54,0.0,"{""type"":""MultiPoint"",""coordinates"":[]}"
000000000000000000cf,1680406633,6681831,34060,H1,077,01558642,390,A,54077,+39.4690296,-079.6688649,06,,G4020,Preston,Preston County,54,3725.098039215686,"{""type"":""MultiPoint"",""coordinates"":[]}"
000000000000000000d1,932572492,15051916,34060,H1,061,01550037,390,A,54061,+39.6336448,-080.0590736,06,,G4020,Monongalia,Monongalia County,54,389.0,"{""type"":""MultiPoint"",""coordinates"":[]}"
000000000000000000d2,799642461,7186185,21900,H1,049,01718173,390,A,54049,+39.5058387,-080.2434018,06,,G4020,Marion,Marion County,54,14.0,"{""type"":""MultiPoint"",""coordinates"":[]}"
0000000000000000016b,948609299,27211253,37620,H1,107,01560558,425,A,54107,+39.2115749,-081.5162531,06,,G4020,Wood,Wood County,54,1713.0,"{""type"":""MultiPoint"",""coordinates"":[]}"
0000000000000000016c,602201080,5839706,37620,H1,105,01678877,425,A,54105,+39.0200337,-081.3829749,06,,G4020,Wirt,Wirt County,54,5.0,"{""type"":""MultiPoint"",""coordinates"":[]}"
000000000000000000c5,213957141,13879330,48260,H1,029,01560574,430,A,54029,+40.5169584,-080.5701643,06,,G4020,Hancock,Hancock County,54,3.0,"{""type"":""MultiPoint"",""coordinates"":[]}"
000000000000000000c7,231034166,8714144,48260,H1,009,01558262,430,A,54009,+40.2726454,-080.5786912,06,,G4020,Brooke,Brooke County,54,11.847058823529412,"{""type"":""MultiPoint"",""coordinates"":[]}"
0000000000000000024a,2970368437,94555361,38420,H1,043,01581081,,A,55043,+42.8700275,-090.6942288,06,,G4020,Grant,Grant County,55,385506.05098039226,"{""type"":""MultiPoint"",""coordinates"":[]}"
000000000000000002af,1170030643,73154545,29100,H1,063,01581091,,A,55063,+43.9082222,-091.1117584,06,,G4020,La Crosse,La Crosse County,55,90424.78823529412,"{""type"":""MultiPoint"",""coordinates"":[]}"
000000000000000002c6,1863637591,119883181,22540,H1,039,01581079,,A,55039,+43.7547219,-088.4932840,06,,G4020,Fond du Lac,Fond du Lac County,55,330453.71764705883,"{""type"":""MultiPoint"",""coordinates"":[]}"
000000000000000002ca,1526427354,2343210650,31820,H1,071,01581095,,A,55071,+44.1050919,-087.3137341,06,,G4020,Manitowoc,Manitowoc County,55,139772.69411764707,"{""type"":""MultiPoint"",""coordinates"":[]}"
000000000000000002cc,1324200978,1968298008,43100,H1,117,01581118,,A,55117,+43.7459724,-087.7319856,06,,G4020,Sheboygan,Sheboygan County,55,177315.5450980392,"{""type"":""MultiPoint"",""coordinates"":[]}"
000000000000000003b0,3624348568,390127612,31940,H1,075,01581097,,A,55075,+45.3468989,-087.9911980,06,,G4020,Marinette,Marinette County,55,44909.53725490196,"{""type"":""MultiPoint"",""coordinates"":[]}"
000000000000000003b6,1264232437,24111640,27020,H1,037,01581078,,A,55037,+45.8718648,-088.4072338,06,,G4020,Florence,Florence County,55,1173.4901960784314,"{""type"":""MultiPoint"",""coordinates"":[]}"
000000000000000003d9,3377715537,454630090,20260,H1,031,01581075,,A,55031,+46.4632185,-091.8924773,06,,G4020,Douglas,Douglas County,55,5048.0,"{""type"":""MultiPoint"",""coordinates"":[]}"
000000000000000002c5,1125314825,373176737,36780,H1,139,01581129,118,A,55139,+44.0857068,-088.6681488,06,,G4020,Winnebago,Winnebago County,55,222553.05882352943,"{""type"":""MultiPoint"",""coordinates"":[]}"
000000000000000002c7,1651266427,18259071,11540,H1,087,01581104,118,A,55087,+44.4182258,-088.4649883,06,,G4020,Outagamie,Outagamie County,55,279974.96078431373,"{""type"":""MultiPoint"",""coordinates"":[]}"
000000000000000002cb,824227643,204197501,11540,H1,015,01581067,118,A,55015,+44.0784104,-088.2121322,06,,G4020,Calumet,Calumet County,55,135864.2,"{""type"":""MultiPoint"",""coordinates"":[]}"
000000000000000002ac,1652211310,18848512,20740,H1,035,01581077,232,A,55035,+44.7263547,-091.2864137,06,,G4020,Eau Claire,Eau Claire County,55,151111.65098039215,"{""type"":""MultiPoint"",""coordinates"":[]}"
000000000000000003d6,2611619746,85230103,20740,H1,017,01581068,232,A,55017,+45.0690918,-091.2835054,06,,G4020,Chippewa,Chippewa County,55,329779.274509804,"{""type"":""MultiPoint"",""coordinates"":[]}"
000000000000000003db,2201887880,35599148,32860,H1,033,01581076,232,A,55033,+44.9477408,-091.8977203,06,,G4020,Dunn,Dunn County,55,350552.4078431372,"{""type"":""MultiPoint"",""coordinates"":[]}"
000000000000000002c8,1372031559,222703849,24580,H1,009,01581064,267,A,55009,+44.4739612,-087.9959258,06,,G4020,Brown,Brown County,55,120266.29411764706,"{""type"":""MultiPoint"",""coordinates"":[]}"
000000000000000002c9,886870601,1921417532,24580,H1,061,01581090,267,A,55061,+44.5009539,-087.1618290,06,,G4020,Kewaunee,Kewaunee County,55,75807.13725490196,"{""type"":""MultiPoint"",""coordinates"":[]}"
000000000000000003b7,2582755384,392746967,24580,H1,083,01581102,267,A,55083,+44.9965754,-088.2065162,06,,G4020,Oconto,Oconto County,55,135670.74509803922,"{""type"":""MultiPoint"",""coordinates"":[]}"
000000000000000003b9,926201112,19038372,43020,H1,078,01581099,267,A,55078,+44.9913041,-088.6692512,06,,G4020,Menominee,Menominee County,55,116.89803921568627,"{""type"":""MultiPoint"",""coordinates"":[]}"
000000000000000003be,2313377511,41957381,43020,H1,115,01581117,267,A,55115,+44.7896407,-088.7558134,06,,G4020,Shawano,Shawano County,55,182425.10588235295,"{""type"":""MultiPoint"",""coordinates"":[]}"
000000000000000002ba,1975380661,13869508,31540,H1,049,01581084,357,A,55049,+43.0010208,-090.1336915,06,,G4020,Iowa,Iowa County,55,239448.10980392154,"{""type"":""MultiPoint"",""coordinates"":[]}"
000000000000000002bb,2153654529,45723565,12660,H1,111,01581115,357,A,55111,+43.4279976,-089.9433290,06,,G4020,Sauk,Sauk County,55,204183.81960784315,"{""type"":""MultiPoint"",""coordinates"":[]}"
000000000000000002d6,1859980095,20695910,27500,H1,105,01581113,357,A,55105,+42.6698802,-089.0752844,06,,G4020,Rock,Rock County,55,590501.5019607844,"{""type"":""MultiPoint"",""coordinates"":[]}"
000000000000000002d7,3098744068,106337957,31540,H1,025,01581072,357,A,55025,+43.0674684,-089.4178523,06,,G4020,Dane,Dane County,55,486710.8,"{""type"":""MultiPoint"",""coordinates"":[]}"
000000000000000002d8,1512664666,1315749,31540,H1,045,01581082,357,A,55045,+42.6755218,-089.6050743,06,,G4020,Green,Green County,55,324150.4705882353,"{""type"":""MultiPoint"",""coordinates"":[]}"
000000000000000002d9,1982747321,78835850,31540,H1,021,01581070,357,A,55021,+43.4718818,-089.3304721,06,,G4020,Columbia,Columbia County,55,314942.1607843137,"{""type"":""MultiPoint"",""coordinates"":[]}"
000000000000000002cd,2267985236,81403926,13180,H1,027,01581073,376,A,55027,+43.4227057,-088.7043791,06,,G4020,Dodge,Dodge County,55,498478.16078431375,"{""type"":""MultiPoint"",""coordinates"":[]}"
000000000000000002ce,1441229971,68096645,48020,H1,055,01581087,376,A,55055,+43.0138045,-088.7739847,06,,G4020,Jefferson,Jefferson County,55,338080.13333333336,"{""type"":""MultiPoint"",""coordinates"":[]}"
000000000000000002cf,1423666848,79858781,33340,H1,133,01581126,376,A,55133,+43.0193081,-088.3067069,06,,G4020,Waukesha,Waukesha County,55,107709.64705882352,"{""type"":""MultiPoint"",""coordinates"":[]}"
000000000000000002d0,1115369635,13000033,33340,H1,131,01581125,376,A,55131,+43.3911560,-088.2329166,06,,G4020,Washington,Washington County,55,124507.68235294118,"{""type"":""MultiPoint"",""coordinates"":[]}"
000000000000000002d1,603618603,2287310853,33340,H1,089,01581105,376,A,55089,+43.3604577,-087.4973834,06,,G4020,Ozaukee,Ozaukee County,55,61331.819607843136,"{""type"":""MultiPoint"",""coordinates"":[]}"
000000000000000002d2,625803949,2455074471,33340,H1,079,01581100,376,A,55079,+43.0176685,-087.4814890,06,,G4020,Milwaukee,Milwaukee County,55,11546.427450980393,"{""type"":""MultiPoint"",""coordinates"":[]}"
000000000000000002d3,861267826,1190381762,39540,H1,101,01581111,376,A,55101,+42.7540747,-087.4146760,06,,G4020,Racine,Racine County,55,207311.65098039218,"{""type"":""MultiPoint"",""coordinates"":[]}"
000000000000000002d5,1438106019,55247228,48580,H1,127,01581123,376,A,55127,+42.6681095,-088.5417306,06,,G4020,Walworth,Walworth County,55,354266.4509803921,"{""type"":""MultiPoint"",""coordinates"":[]}"
000000000000000002be,2053716150,42292545,49220,H1,141,01581130,554,A,55141,+44.4614126,-090.0388252,06,,G4020,Wood,Wood County,55,109276.1254901961,"{""type"":""MultiPoint"",""coordinates"":[]}"
000000000000000002c0,2074100548,56938133,44620,H1,097,01581109,554,A,55097,+44.4762457,-089.4980699,06,,G4020,Portage,Portage County,55,108496.56078431371,"{""type"":""MultiPoint"",""coordinates"":[]}"
000000000000000003bf,4001539250,81145909,48140,H1,073,01581096,554,A,55073,+44.8980363,-089.7578230,06,,G4020,Marathon,Marathon County,55,334487.0196078431,"{""type"":""MultiPoint"",""coordinates"":[]}"
000000000000000003c0,2276113184,72464441,32980,H1,069,01581094,554,A,55069,+45.3384167,-089.7423088,06,,G4020,Lincoln,Lincoln County,55,29816.196078431374,"{""type"":""MultiPoint"",""coordinates"":[]}"
00000000000000000571,27005097216,166887296,40540,H1,037,01609192,,A,56037,+41.6603282,-108.8756774,06,,G4020,Sweetwater,Sweetwater County,56,0.0,"{""type"":""MultiPoint"",""coordinates"":[]}"
0000000000000000057e,5391911951,16345637,21740,H1,041,01605084,,A,56041,+41.2847255,-110.5589468,06,,G4020,Uinta,Uinta County,56,0.0,"{""type"":""MultiPoint"",""coordinates"":[]}"
00000000000000000587,13831831163,91066465,16220,H1,025,01605077,,A,56025,+42.9736019,-106.7650699,06,,G4020,Natrona,Natrona County,56,0.0,"{""type"":""MultiPoint"",""coordinates"":[]}"
00000000000000000591,6956486264,4273816,16940,H1,021,01605075,,A,56021,+41.2928302,-104.6603950,06,,G4020,Laramie,Laramie County,56,0.25098039215686274,"{""type"":""MultiPoint"",""coordinates"":[]}"
00000000000000000592,11070455498,89161368,29660,H1,001,01605066,,A,56001,+41.6655141,-105.7218826,06,,G4020,Albany,Albany County,56,0.0,"{""type"":""MultiPoint"",""coordinates"":[]}"
0000000000000000059e,12437959227,10343088,23940,H1,005,01605068,,A,56005,+44.1919995,-105.5170141,06,,G4020,Campbell,Campbell County,56,0.0,"{""type"":""MultiPoint"",""coordinates"":[]}"
0000000000000000059f,6535475148,7986323,43260,H1,033,01605081,,A,56033,+44.7813692,-106.8812114,06,,G4020,Sheridan,Sheridan County,56,0.0,"{""type"":""MultiPoint"",""coordinates"":[]}"
000000000000000005bc,23786031608,212125873,40180,H1,013,01605072,,A,56013,+43.0548310,-108.6089349,06,,G4020,Fremont,Fremont County,56,0.0,"{""type"":""MultiPoint"",""coordinates"":[]}"
000000000000000005bd,10349431898,570879623,27220,H1,039,01605083,,A,56039,+44.0486629,-110.4260698,06,,G4020,Teton,Teton County,56,0.0,"{""type"":""MultiPoint"",""coordinates"":[]}"
0000000000000000074c,2341062860,24430682,,H1,119,00161585,,A,01119,+32.5974811,-088.2000571,06,,G4020,Sumter,Sumter County,01,36734.19607843137,"{""type"":""MultiPoint"",""coordinates"":[]}"
0000000000000000074e,1675993711,33244743,,H1,063,00161557,,A,01063,+32.8444965,-087.9642005,06,,G4020,Greene,Greene County,01,27229.745098039217,"{""type"":""MultiPoint"",""coordinates"":[]}"
0000000000000000074f,2365955057,19059247,,H1,023,00161537,,A,01023,+31.9909972,-088.2489085,06,,G4020,Choctaw,Choctaw County,01,1225.9960784313726,"{""type"":""MultiPoint"",""coordinates"":[]}"
00000000000000000750,2797722276,21650835,,H1,129,00161590,,A,01129,+31.4052172,-088.1975644,06,,G4020,Washington,Washington County,01,3262.7411764705885,"{""type"":""MultiPoint"",""coordinates"":[]}"
00000000000000000751,3207609336,36542657,,H1,025,00161538,,A,01025,+31.6855211,-087.8186244,06,,G4020,Clarke,Clarke County,01,1027.4392156862746,"{""type"":""MultiPoint"",""coordinates"":[]}"
00000000000000000752,2530112315,14994544,,H1,091,00161572,,A,01091,+32.2475911,-087.7910910,06,,G4020,Marengo,Marengo County,01,16836.80784313725,"{""type"":""MultiPoint"",""coordinates"":[]}"
00000000000000000753,2656518199,22609677,,H1,099,00161576,,A,01099,+31.5803324,-087.3832656,06,,G4020,Monroe,Monroe County,01,41191.141176470584,"{""type"":""MultiPoint"",""coordinates"":[]}"
00000000000000000754,2301199955,48985143,,H1,131,00161591,,A,01131,+31.9900845,-087.3049075,06,,G4020,Wilcox,Wilcox County,01,5748.607843137254,"{""type"":""MultiPoint"",""coordinates"":[]}"
00000000000000000757,1625693285,4330881,,H1,057,00161554,,A,01057,+33.7161568,-087.7642923,06,,G4020,Fayette,Fayette County,01,8010.839215686275,"{""type"":""MultiPoint"",""coordinates"":[]}"
00000000000000000758,1566544639,1600679,,H1,075,00161563,,A,01075,+33.7870852,-088.0874309,06,,G4020,Lamar,Lamar County,01,6197.392156862745,"{""type"":""MultiPoint"",""coordinates"":[]}"
0000000000000000075b,1922527478,3313159,,H1,093,00161573,,A,01093,+34.1382194,-087.8815510,06,,G4020,Marion,Marion County,01,9924.717647058824,"{""type"":""MultiPoint"",""coordinates"":[]}"
0000000000000000075e,1587608922,48922726,,H1,133,00161592,,A,01133,+34.1546073,-087.3652900,06,,G4020,Winston,Winston County,01,2001.1254901960783,"{""type"":""MultiPoint"",""coordinates"":[]}"
0000000000000000076a,1450663941,2354898,,H1,029,00161540,,A,01029,+33.6719637,-085.5161261,06,,G4020,Cleburne,Cleburne County,01,1003.0,"{""type"":""MultiPoint"",""coordinates"":[]}"
0000000000000000076f,1503616100,9285296,,H1,111,00161582,,A,01111,+33.2964753,-085.4640679,06,,G4020,Randolph,Randolph County,01,283.0,"{""type"":""MultiPoint"",""coordinates"":[]}"
00000000000000000775,1564252455,5284573,,H1,027,00161539,,A,01027,+33.2703999,-085.8635254,06,,G4020,Clay,Clay County,01,706.0,"{""type"":""MultiPoint"",""coordinates"":[]}"
00000000000000000778,1577064957,11136122,,H1,087,00161569,,A,01087,+32.3870267,-085.6928870,06,,G4020,Macon,Macon County,01,10258.752941176472,"{""type"":""MultiPoint"",""coordinates"":[]}"
00000000000000000779,1613059136,6055023,,H1,011,00161531,,A,01011,+32.1017589,-085.7172613,06,,G4020,Bullock,Bullock County,01,6997.494117647055,"{""type"":""MultiPoint"",""coordinates"":[]}"
00000000000000000788,1576887783,5376390,,H1,041,00161546,,A,01041,+31.7328256,-086.3192219,06,,G4020,Crenshaw,Crenshaw County,01,4283.505882352942,"{""type"":""MultiPoint"",""coordinates"":[]}"
00000000000000000789,2011976232,2727475,,H1,013,00161532,,A,01013,+31.7516670,-086.6819689,06,,G4020,Butler,Butler County,01,4076.3294117647056,"{""type"":""MultiPoint"",""coordinates"":[]}"
0000000000000000078a,2201896058,6643480,,H1,035,00161543,,A,01035,+31.4309257,-086.9887221,06,,G4020,Conecuh,Conecuh County,01,7999.243137254902,"{""type"":""MultiPoint"",""coordinates"":[]}"
0000000000000000078e,1863919953,10918482,,H1,105,00161579,,A,01105,+32.6390053,-087.2938269,06,,G4020,Perry,Perry County,01,23662.792156862743,"{""type"":""MultiPoint"",""coordinates"":[]}"
00000000000000000795,2668869460,34526774,,H1,039,00161545,,A,01039,+31.2439873,-086.4487206,06,,G4020,Covington,Covington County,01,28131.67058823529,"{""type"":""MultiPoint"",""coordinates"":[]}"
00000000000000000a69,1434128031,119806782,,H1,019,00161535,,A,01019,+34.0695153,-085.6542417,06,,G4020,Cherokee,Cherokee County,01,17260.168627450978,"{""type"":""MultiPoint"",""coordinates"":[]}"
00000000000000000a84,1641578183,32907210,,H1,059,00161555,,A,01059,+34.4419892,-087.8428144,06,,G4020,Franklin,Franklin County,01,15805.474509803926,"{""type"":""MultiPoint"",""coordinates"":[]}"
000000000000000003c5,230092041270,15795479017,,H1,185,01419978,,A,02185,+69.4493427,-153.4728302,04,,G4020,North Slope,North Slope Borough,02,0.0,"{""type"":""MultiPoint"",""coordinates"":[]}"
000000000000000003c6,92295155977,12906740506,,H1,188,01419979,,A,02188,+67.0050655,-160.0210864,04,,G4020,Northwest Arctic,Northwest Arctic Borough,02,0.0,"{""type"":""MultiPoint"",""coordinates"":[]}"
000000000000000003c7,59473771514,13768003870,,H5,180,01419977,,S,02180,+64.7836858,-164.1889119,05,,G4020,Nome,Nome Census Area,02,0.0,"{""type"":""MultiPoint"",""coordinates"":[]}"
000000000000000003c8,376825063576,5954398259,,H5,290,01419987,,S,02290,+65.3757158,-151.5778778,05,,G4020,Yukon-Koyukuk,Yukon-Koyukuk Census Area,02,0.0,"{""type"":""MultiPoint"",""coordinates"":[]}"
000000000000000003c9,33016120972,66068782,,H1,068,01419988,,A,02068,+63.6811063,-150.0265438,04,,G4020,Denali,Denali Borough,02,0.0,"{""type"":""MultiPoint"",""coordinates"":[]}"
000000000000000003cb,64147813224,752268780,,H5,240,01419983,,S,02240,+63.8649972,-143.2186282,05,,G4020,Southeast Fairbanks,Southeast Fairbanks Census Area,02,0.0,"{""type"":""MultiPoint"",""coordinates"":[]}"
000000000000000003cd,88676741313,15799007580,,H5,261,01419984,,S,02261,+61.3498403,-145.0231406,05,,G4020,Valdez-Cordova,Valdez-Cordova Census Area,02,0.0,"{""type"":""MultiPoint"",""coordinates"":[]}"
000000000000000003ce,1171502804,30331285,,H1,230,02339479,,A,02230,+59.5750974,-135.3354181,12,,G4020,Skagway,Skagway Municipality,02,0.0,"{""type"":""MultiPoint"",""coordinates"":[]}"
000000000000000005eb,6009296606,1049684477,,H1,100,01419970,,A,02100,+59.0987709,-135.5769363,04,,G4020,Haines,Haines Borough,02,0.0,"{""type"":""MultiPoint"",""coordinates"":[]}"
000000000000000005ec,16966365771,7799678171,,H5,105,02371430,,S,02105,+58.4033360,-135.8849090,05,,G4020,Hoonah-Angoon,Hoonah-Angoon Census Area,02,0.0,"{""type"":""MultiPoint"",""coordinates"":[]}"
000000000000000005ee,7434257623,5027224724,,H6,220,01419981,,C,02220,+57.1932044,-135.3673965,03,,G4020,Sitka,Sitka City and Borough,02,0.0,"{""type"":""MultiPoint"",""coordinates"":[]}"
000000000000000005ef,13628616243,14538605568,,H5,198,01419980,,S,02198,+55.6827733,-133.1623885,05,,G4020,Prince of Wales-Hyder,Prince of Wales-Hyder Census Area,02,0.0,"{""type"":""MultiPoint"",""coordinates"":[]}"
000000000000000005f0,7556506714,2399255361,,H1,195,02516404,,A,02195,+57.1124581,-133.0085979,04,,G4020,Petersburg,Petersburg Borough,02,0.0,"{""type"":""MultiPoint"",""coordinates"":[]}"
000000000000000005f1,6582430575,2384284812,,H6,275,02516402,,C,02275,+56.1807793,-132.0267878,03,,G4020,Wrangell,Wrangell City and Borough,02,0.0,"{""type"":""MultiPoint"",""coordinates"":[]}"
00000000000000000655,18083191614,20792944391,,H1,013,01419964,,A,02013,+55.2450437,-161.9974772,04,,G4020,Aleutians East,Aleutians East Borough,02,0.0,"{""type"":""MultiPoint"",""coordinates"":[]}"
00000000000000000656,16965329961,14171082929,,H1,150,01419974,,A,02150,+57.2707746,-153.9538633,04,,G4020,Kodiak Island,Kodiak Island Borough,02,0.0,"{""type"":""MultiPoint"",""coordinates"":[]}"
00000000000000000657,19811996044,4696637295,,H1,282,01419986,,A,02282,+60.0198721,-140.4145657,03,,G4020,Yakutat,Yakutat City and Borough,02,0.0,"{""type"":""MultiPoint"",""coordinates"":[]}"
00000000000000000658,41634269789,22473670260,,H1,122,01419972,,A,02122,+60.3666677,-152.3222833,04,,G4020,Kenai Peninsula,Kenai Peninsula Borough,02,0.0,"{""type"":""MultiPoint"",""coordinates"":[]}"
00000000000000000659,60735852998,24532397600,,H1,164,01419975,,A,02164,+58.1086934,-156.4141411,04,,G4020,Lake and Peninsula,Lake and Peninsula Borough,02,0.0,"{""type"":""MultiPoint"",""coordinates"":[]}"
0000000000000000065a,105076134160,12779612271,,H5,050,01419966,,S,02050,+60.9291413,-160.1526246,05,,G4020,Bethel,Bethel Census Area,02,0.0,"{""type"":""MultiPoint"",""coordinates"":[]}"
0000000000000000065c,48092804032,6076861497,,H5,070,01419968,,S,02070,+60.2990907,-158.0973201,05,,G4020,Dillingham,Dillingham Census Area,02,0.0,"{""type"":""MultiPoint"",""coordinates"":[]}"
0000000000000000065d,1304965763,993835732,,H1,060,01419967,,A,02060,+58.7301486,-156.9966793,04,,G4020,Bristol Bay,Bristol Bay Borough,02,0.0,"{""type"":""MultiPoint"",""coordinates"":[]}"
0000000000000000065e,11370719969,25190628850,,H5,016,01419965,,S,02016,+51.9594469,+178.3388130,05,,G4020,Aleutians West,Aleutians West Census Area,02,0.0,"{""type"":""MultiPoint"",""coordinates"":[]}"
0000000000000000065f,44240523937,6712018154,,H5,158,01419985,,S,02158,+62.2830603,-163.1909034,05,,G4020,Kusilvak,Kusilvak Census Area,02,0.0,"{""type"":""MultiPoint"",""coordinates"":[]}"
000000000000000004c4,4770701093,13750448,,H1,011,00042807,,A,04011,+33.2388723,-109.2423231,06,,G4020,Greenlee,Greenlee County,04,3067.0,"{""type"":""MultiPoint"",""coordinates"":[]}"
00000000000000000556,29001298904,54174161,,H1,001,00025441,,A,04001,+35.3850840,-109.4901722,06,,G4020,Apache,Apache County,04,0.0,"{""type"":""MultiPoint"",""coordinates"":[]}"
000000000000000006b9,11653980563,36567994,,H1,012,00043540,,A,04012,+33.7276104,-114.0388060,06,,G4020,La Paz,La Paz County,04,24361.0,"{""type"":""MultiPoint"",""coordinates"":[]}"
0000000000000000000e,1989487282,133059776,,H1,041,00066850,,A,05041,+33.8287519,-091.2441034,06,,G4020,Desha,Desha County,05,222316.20392156864,"{""type"":""MultiPoint"",""coordinates"":[]}"
0000000000000000000f,2560983546,116414557,,H1,001,00063755,,A,05001,+34.2895697,-091.3765466,06,,G4020,Arkansas,Arkansas County,05,591368.9960784314,"{""type"":""MultiPoint"",""coordinates"":[]}"
00000000000000000010,1572460807,36715078,,H1,095,00069167,,A,05095,+34.6795117,-091.2033099,06,,G4020,Monroe,Monroe County,05,302832.2745098039,"{""type"":""MultiPoint"",""coordinates"":[]}"
00000000000000000011,2145426651,18920680,,H1,043,00066851,,A,05043,+33.5872418,-091.7227781,06,,G4020,Drew,Drew County,05,74762.26666666666,"{""type"":""MultiPoint"",""coordinates"":[]}"
00000000000000000012,2396641860,39310599,,H1,003,00063756,,A,05003,+33.1908354,-091.7722672,06,,G4020,Ashley,Ashley County,05,159748.18823529413,"{""type"":""MultiPoint"",""coordinates"":[]}"
00000000000000000015,1678092312,71735056,,H1,117,00069176,,A,05117,+34.8311162,-091.5536205,06,,G4020,Prairie,Prairie County,05,422309.70588235295,"{""type"":""MultiPoint"",""coordinates"":[]}"
0000000000000000001b,1728522517,1864048,,H1,039,00066849,,A,05039,+33.9678233,-092.6539989,06,,G4020,Dallas,Dallas County,05,74.0,"{""type"":""MultiPoint"",""coordinates"":[]}"
0000000000000000001d,1681514473,9532926,,H1,011,00063757,,A,05011,+33.4665491,-092.1691559,06,,G4020,Bradley,Bradley County,05,689.3607843137255,"{""type"":""MultiPoint"",""coordinates"":[]}"
00000000000000000032,1368278119,43469501,,H1,073,00066864,,A,05073,+33.2406294,-093.6115140,06,,G4020,Lafayette,Lafayette County,05,68993.09803921569,"{""type"":""MultiPoint"",""coordinates"":[]}"
00000000000000000039,1555596259,34992296,,H1,109,00069173,,A,05109,+34.1581907,-093.6586589,06,,G4020,Pike,Pike County,05,421.0,"{""type"":""MultiPoint"",""coordinates"":[]}"
0000000000000000003a,2019881728,52856416,,H1,097,00069168,,A,05097,+34.5455805,-093.6633299,06,,G4020,Montgomery,Montgomery County,05,2.0,"{""type"":""MultiPoint"",""coordinates"":[]}"
00000000000000000040,1524380233,17475724,,H1,061,00066872,,A,05061,+34.0830639,-093.9909315,06,,G4020,Howard,Howard County,05,36.0,"{""type"":""MultiPoint"",""coordinates"":[]}"
00000000000000000041,1463672049,41829039,,H1,133,00069182,,A,05133,+33.9948773,-094.2432792,06,,G4020,Sevier,Sevier County,05,29.0,"{""type"":""MultiPoint"",""coordinates"":[]}"
00000000000000000042,2221392380,12374241,,H1,113,00069175,,A,05113,+34.4909149,-094.2308841,06,,G4020,Polk,Polk County,05,3.0,"{""type"":""MultiPoint"",""coordinates"":[]}"
000000000000000001d2,1834021218,60690588,,H1,083,00082850,,A,05083,+35.2186538,-093.7209102,06,,G4020,Logan,Logan County,05,14753.98431372549,"{""type"":""MultiPoint"",""coordinates"":[]}"
000000000000000001d3,1576934898,27931424,,H1,047,00066853,,A,05047,+35.5085579,-093.8876648,06,,G4020,Franklin,Franklin County,05,3905.1921568627454,"{""type"":""MultiPoint"",""coordinates"":[]}"
000000000000000001d4,1709107266,59191698,,H1,071,00066863,,A,05071,+35.5733586,-093.4663223,06,,G4020,Johnson,Johnson County,05,8591.95294117647,"{""type"":""MultiPoint"",""coordinates"":[]}"
000000000000000001d9,1430338369,37323940,,H1,029,00066846,,A,05029,+35.2657020,-092.6892479,06,,G4020,Conway,Conway County,05,21682.886274509805,"{""type"":""MultiPoint"",""coordinates"":[]}"
000000000000000001db,1838267642,37620449,,H1,141,00069904,,A,05141,+35.5829532,-092.5159757,06,,G4020,Van Buren,Van Buren County,05,172.0,"{""type"":""MultiPoint"",""coordinates"":[]}"
000000000000000001dc,1725176987,6256693,,H1,129,00069180,,A,05129,+35.8963868,-092.6958884,06,,G4020,Searcy,Searcy County,05,34.0,"{""type"":""MultiPoint"",""coordinates"":[]}"
000000000000000001dd,1546245372,112149493,,H1,089,00069898,,A,05089,+36.2666720,-092.6785674,06,,G4020,Marion,Marion County,05,67.45490196078431,"{""type"":""MultiPoint"",""coordinates"":[]}"
000000000000000001ea,1601113474,5527446,,H1,049,00066854,,A,05049,+36.3836192,-091.8196636,06,,G4020,Fulton,Fulton County,05,35.0,"{""type"":""MultiPoint"",""coordinates"":[]}"
000000000000000001eb,1503684817,8912603,,H1,065,00066860,,A,05065,+36.0948792,-091.9136252,06,,G4020,Izard,Izard County,05,245.0,"{""type"":""MultiPoint"",""coordinates"":[]}"
000000000000000001ec,1565489622,5172585,,H1,135,00069183,,A,05135,+36.1733989,-091.4710689,06,,G4020,Sharp,Sharp County,05,328.0,"{""type"":""MultiPoint"",""coordinates"":[]}"
000000000000000001ed,1689288539,9852832,,H1,121,00069178,,A,05121,+36.3412985,-091.0284409,06,,G4020,Randolph,Randolph County,05,135034.54901960783,"{""type"":""MultiPoint"",""coordinates"":[]}"
000000000000000001ee,1521921904,12244924,,H1,075,00066865,,A,05075,+36.0410983,-091.1011529,06,,G4020,Lawrence,Lawrence County,05,235713.85098039213,"{""type"":""MultiPoint"",""coordinates"":[]}"
000000000000000001f0,1570579422,7841929,,H1,137,00069902,,A,05137,+35.8570312,-092.1405728,06,,G4020,Stone,Stone County,05,302.0,"{""type"":""MultiPoint"",""coordinates"":[]}"
000000000000000001f1,1434051761,99015208,,H1,023,00066983,,A,05023,+35.5663146,-092.0599504,06,,G4020,Cleburne,Cleburne County,05,377.0,"{""type"":""MultiPoint"",""coordinates"":[]}"
000000000000000001f3,1519723220,18704035,,H1,147,00069907,,A,05147,+35.1927768,-091.2445353,06,,G4020,Woodruff,Woodruff County,05,432608.9215686273,"{""type"":""MultiPoint"",""coordinates"":[]}"
000000000000000001f4,1641888776,19587819,,H1,067,00066861,,A,05067,+35.5966053,-091.2231780,06,,G4020,Jackson,Jackson County,05,443266.5490196079,"{""type"":""MultiPoint"",""coordinates"":[]}"
000000000000000001f7,1596418388,15348632,,H1,037,00066848,,A,05037,+35.2856921,-090.7639835,06,,G4020,Cross,Cross County,05,476885.64313725504,"{""type"":""MultiPoint"",""coordinates"":[]}"
000000000000000001f9,1560781751,43720910,,H1,077,00066866,,A,05077,+34.7798576,-090.7793454,06,,G4020,Lee,Lee County,05,310103.94117647066,"{""type"":""MultiPoint"",""coordinates"":[]}"
00000000000000000202,1656162400,5149783,,H1,021,00063759,,A,05021,+36.3673021,-090.4187041,06,,G4020,Clay,Clay County,05,457213.22352941177,"{""type"":""MultiPoint"",""coordinates"":[]}"
000000000000000006fa,1668755471,120391646,,H1,017,00069160,,A,05017,+33.2671393,-091.2971578,06,,G4020,Chicot,Chicot County,05,265783.0549019608,"{""type"":""MultiPoint"",""coordinates"":[]}"
000000000000000009f1,1631639781,22384066,,H1,015,00066975,,A,05015,+36.3377742,-093.5416633,06,,G4020,Carroll,Carroll County,05,439.0,"{""type"":""MultiPoint"",""coordinates"":[]}"
000000000000000009f6,2311047399,14903324,,H1,127,00069179,,A,05127,+34.8588693,-094.0636413,06,,G4020,Scott,Scott County,05,9.372549019607844,"{""type"":""MultiPoint"",""coordinates"":[]}"
0000000000000000064c,16261974847,179108278,,H1,093,00277311,,A,06093,+41.5879861,-122.5332868,06,,G4020,Siskiyou,Siskiyou County,06,0.0,"{""type"":""MultiPoint"",""coordinates"":[]}"
0000000000000000064d,10140955630,745425201,,H1,049,00277289,,A,06049,+41.5929185,-120.7183704,06,,G4020,Modoc,Modoc County,06,0.0,"{""type"":""MultiPoint"",""coordinates"":[]}"
00000000000000000651,8234265201,73407949,,H1,105,00277317,,A,06105,+40.6477241,-123.1144043,06,,G4020,Trinity,Trinity County,06,0.0,"{""type"":""MultiPoint"",""coordinates"":[]}"
00000000000000000671,3403104376,33749275,,H1,021,00277275,,A,06021,+39.6025462,-122.4016998,06,,G4020,Glenn,Glenn County,06,11940.0,"{""type"":""MultiPoint"",""coordinates"":[]}"
00000000000000000673,2980372757,14581043,,H1,011,01675902,,A,06011,+39.1777385,-122.2375629,06,,G4020,Colusa,Colusa County,06,2621.0,"{""type"":""MultiPoint"",""coordinates"":[]}"
00000000000000000685,2641820834,43806026,,H1,009,01675885,,A,06009,+38.1838996,-120.5614415,06,,G4020,Calaveras,Calaveras County,06,0.0,"{""type"":""MultiPoint"",""coordinates"":[]}"
00000000000000000686,1539933576,29470568,,H1,005,01675841,,A,06005,+38.4435501,-120.6538563,06,,G4020,Amador,Amador County,06,0.0,"{""type"":""MultiPoint"",""coordinates"":[]}"
00000000000000000689,3752420463,36268135,,H1,043,00277286,,A,06043,+37.5700335,-119.9128599,06,,G4020,Mariposa,Mariposa County,06,0.0,"{""type"":""MultiPoint"",""coordinates"":[]}"
0000000000000000068f,26368508405,119088171,,H1,027,01804637,,A,06027,+36.5619770,-117.4039269,06,,G4020,Inyo,Inyo County,06,5.0,"{""type"":""MultiPoint"",""coordinates"":[]}"
00000000000000000690,7896839510,214694734,,H1,051,00277290,,A,06051,+37.9158363,-118.8751668,06,,G4020,Mono,Mono County,06,2.0,"{""type"":""MultiPoint"",""coordinates"":[]}"
00000000000000000692,1912292633,12557304,,H1,003,01675840,,A,06003,+38.6217831,-119.7983522,06,,G4020,Alpine,Alpine County,06,0.0,"{""type"":""MultiPoint"",""coordinates"":[]}"
00000000000000000699,2468694587,23299110,,H1,091,00277310,,A,06091,+39.5769252,-120.5219926,06,,G4020,Sierra,Sierra County,06,0.0,"{""type"":""MultiPoint"",""coordinates"":[]}"
0000000000000000069d,6612400993,156387635,,H1,063,00277296,,A,06063,+39.9922953,-120.8243709,06,,G4020,Plumas,Plumas County,06,1.0,"{""type"":""MultiPoint"",""coordinates"":[]}"
0000000000000000051d,6617400584,6142193,,H1,009,00198120,,A,08009,+37.3066926,-102.5377576,06,,G4020,Baca,Baca County,08,0.0,"{""type"":""MultiPoint"",""coordinates"":[]}"
00000000000000000521,4243421953,15352639,,H1,099,00198165,,A,08099,+37.9581814,-102.3921613,06,,G4020,Prowers,Prowers County,08,104.0,"{""type"":""MultiPoint"",""coordinates"":[]}"
0000000000000000052c,5596501948,2251930,,H1,063,00198147,,A,08063,+39.3053399,-102.6030226,06,,G4020,Kit Carson,Kit Carson County,08,27407.5568627451,"{""type"":""MultiPoint"",""coordinates"":[]}"
0000000000000000052d,4605714032,8166134,,H1,017,00198124,,A,08017,+38.8353865,-102.6045852,06,,G4020,Cheyenne,Cheyenne County,08,4317.007843137255,"{""type"":""MultiPoint"",""coordinates"":[]}"
0000000000000000052f,4578603605,47032919,,H1,061,00198146,,A,08061,+38.3876630,-102.7568494,06,,G4020,Kiowa,Kiowa County,08,6.0,"{""type"":""MultiPoint"",""coordinates"":[]}"
00000000000000000530,3918303376,73093279,,H1,011,00198121,,A,08011,+37.9318907,-103.0775841,06,,G4020,Bent,Bent County,08,51.0,"{""type"":""MultiPoint"",""coordinates"":[]}"
00000000000000000531,6676158690,22780366,,H1,073,00198152,,A,08073,+38.9937401,-103.5075545,06,,G4020,Lincoln,Lincoln County,08,7.0,"{""type"":""MultiPoint"",""coordinates"":[]}"
00000000000000000532,2039420471,33430385,,H1,025,00198128,,A,08025,+38.3061801,-103.7727363,06,,G4020,Crowley,Crowley County,08,0.0,"{""type"":""MultiPoint"",""coordinates"":[]}"
00000000000000000533,3268464526,20052339,,H1,089,00198160,,A,08089,+37.8841698,-103.7212597,06,,G4020,Otero,Otero County,08,197.0,"{""type"":""MultiPoint"",""coordinates"":[]}"
00000000000000000534,12361852550,6929970,,H1,071,00198151,,A,08071,+37.3188308,-104.0441103,06,,G4020,Las Animas,Las Animas County,08,0.0,"{""type"":""MultiPoint"",""coordinates"":[]}"
00000000000000000536,4120756339,5792101,,H1,055,00198143,,A,08055,+37.6878154,-104.9599278,06,,G4020,Huerfano,Huerfano County,08,0.0,"{""type"":""MultiPoint"",""coordinates"":[]}"
0000000000000000053c,1913031958,3364151,,H1,027,00198129,,A,08027,+38.1019939,-105.3735148,06,,G4020,Custer,Custer County,08,0.0,"{""type"":""MultiPoint"",""coordinates"":[]}"
0000000000000000053d,3179452292,8828906,,H1,023,00198127,,A,08023,+37.2775474,-105.4289399,06,,G4020,Costilla,Costilla County,08,0.0,"{""type"":""MultiPoint"",""coordinates"":[]}"
0000000000000000053e,1871465871,1847609,,H1,003,00198117,,A,08003,+37.5684423,-105.7880414,06,,G4020,Alamosa,Alamosa County,08,0.0,"{""type"":""MultiPoint"",""coordinates"":[]}"
0000000000000000053f,8206547711,4454510,,H1,109,00198170,,A,08109,+38.0316514,-106.2346662,06,,G4020,Saguache,Saguache County,08,0.0,"{""type"":""MultiPoint"",""coordinates"":[]}"
00000000000000000541,2624715689,3999975,,H1,015,00198123,,A,08015,+38.7382237,-106.3166853,06,,G4020,Chaffee,Chaffee County,08,0.0,"{""type"":""MultiPoint"",""coordinates"":[]}"
00000000000000000542,8389338061,53067068,,H1,051,00198141,,A,08051,+38.6726401,-107.0665057,06,,G4020,Gunnison,Gunnison County,08,0.0,"{""type"":""MultiPoint"",""coordinates"":[]}"
00000000000000000543,2361956094,984295,,H1,105,00198168,,A,08105,+37.4858534,-106.4531280,06,,G4020,Rio Grande,Rio Grande County,08,0.0,"{""type"":""MultiPoint"",""coordinates"":[]}"
00000000000000000544,3334423634,9235291,,H1,021,00198126,,A,08021,+37.2134065,-106.1764473,06,,G4020,Conejos,Conejos County,08,0.0,"{""type"":""MultiPoint"",""coordinates"":[]}"
00000000000000000545,3496717295,13735089,,H1,007,00198119,,A,08007,+37.2023952,-107.0508634,06,,G4020,Archuleta,Archuleta County,08,0.0,"{""type"":""MultiPoint"",""coordinates"":[]}"
0000000000000000055b,3332606123,5204095,,H1,113,00198172,,A,08113,+38.0093735,-108.4273260,06,,G4020,San Miguel,San Miguel County,08,0.0,"{""type"":""MultiPoint"",""coordinates"":[]}"
0000000000000000055c,2763958520,2716141,,H1,033,00198132,,A,08033,+37.7476020,-108.5303829,06,,G4020,Dolores,Dolores County,08,0.0,"{""type"":""MultiPoint"",""coordinates"":[]}"
0000000000000000055f,1402719349,1599543,,H1,091,00198161,,A,08091,+38.1547313,-107.7884802,06,,G4020,Ouray,Ouray County,08,0.0,"{""type"":""MultiPoint"",""coordinates"":[]}"
00000000000000000560,5255807830,27390369,,H1,083,00198157,,A,08083,+37.3380247,-108.5957864,06,,G4020,Montezuma,Montezuma County,08,0.0,"{""type"":""MultiPoint"",""coordinates"":[]}"
00000000000000000563,2268209082,5222161,,H1,079,00198155,,A,08079,+37.5490673,-107.0032359,06,,G4020,Mineral,Mineral County,08,0.0,"{""type"":""MultiPoint"",""coordinates"":[]}"
00000000000000000564,2893614470,15324686,,H1,053,00198142,,A,08053,+37.8211654,-107.3382613,06,,G4020,Hinsdale,Hinsdale County,08,0.0,"{""type"":""MultiPoint"",""coordinates"":[]}"
00000000000000000565,1003660601,2035929,,H1,111,00198171,,A,08111,+37.7810745,-107.6702566,06,,G4020,San Juan,San Juan County,08,0.0,"{""type"":""MultiPoint"",""coordinates"":[]}"
00000000000000000567,976215872,18111565,,H1,065,00198149,,A,08065,+39.2053405,-106.3500790,06,,G4020,Lake,Lake County,08,0.0,"{""type"":""MultiPoint"",""coordinates"":[]}"
00000000000000000569,2957991297,16886462,,H1,029,00198130,,A,08029,+38.8617559,-107.8647570,06,,G4020,Delta,Delta County,08,287.0,"{""type"":""MultiPoint"",""coordinates"":[]}"
0000000000000000056b,8342275114,4868111,,H1,103,00198167,,A,08103,+39.9726223,-108.2007155,06,,G4020,Rio Blanco,Rio Blanco County,08,0.0,"{""type"":""MultiPoint"",""coordinates"":[]}"
0000000000000000056d,4782260510,59902382,,H1,049,00198140,,A,08049,+40.1232049,-106.0959348,06,,G4020,Grand,Grand County,08,0.0,"{""type"":""MultiPoint"",""coordinates"":[]}"
0000000000000000056e,4179530269,18750017,,H1,057,00198144,,A,08057,+40.6634319,-106.3292476,06,,G4020,Jackson,Jackson County,08,0.0,"{""type"":""MultiPoint"",""coordinates"":[]}"
00000000000000000882,6521806788,15207400,,H1,121,00198176,,A,08121,+39.9657899,-103.2097445,06,,G4020,Washington,Washington County,08,3741.4392156862746,"{""type"":""MultiPoint"",""coordinates"":[]}"
00000000000000000889,1419419128,3530746,,H1,115,00198173,,A,08115,+40.8715679,-102.3553579,06,,G4020,Sedgwick,Sedgwick County,08,3684.992156862745,"{""type"":""MultiPoint"",""coordinates"":[]}"
0000000000000000088b,1781724973,301808,,H1,095,00198163,,A,08095,+40.5947117,-102.3451047,06,,G4020,Phillips,Phillips County,08,3488.0,"{""type"":""MultiPoint"",""coordinates"":[]}"
0000000000000000088c,6123763470,11134666,,H1,125,00198178,,A,08125,+40.0006314,-102.4226489,06,,G4020,Yuma,Yuma County,08,45170.0,"{""type"":""MultiPoint"",""coordinates"":[]}"
00000000000000000797,1239970210,26656232,,H1,059,00295735,,A,12059,+30.8662220,-085.8129589,06,,G4020,Holmes,Holmes County,12,22712.752941176477,"{""type"":""MultiPoint"",""coordinates"":[]}"
0000000000000000079a,2378066857,94243008,,H1,063,00295734,,A,12063,+30.7892500,-085.2088129,06,,G4020,Jackson,Jackson County,12,153495.78039215688,"{""type"":""MultiPoint"",""coordinates"":[]}"
0000000000000000079c,1513028727,82285410,,H1,133,00295762,,A,12133,+30.6022166,-085.6627968,06,,G4020,Washington,Washington County,12,19619.486274509803,"{""type"":""MultiPoint"",""coordinates"":[]}"
0000000000000000079e,1469389206,18074798,,H1,013,00306919,,A,12013,+30.3888013,-085.1979155,06,,G4020,Calhoun,Calhoun County,12,31063.06274509804,"{""type"":""MultiPoint"",""coordinates"":[]}"
0000000000000000079f,2164099097,19582444,,H1,077,00308549,,A,12077,+30.2598494,-084.8685805,06,,G4020,Liberty,Liberty County,12,1453.0352941176473,"{""type"":""MultiPoint"",""coordinates"":[]}"
000000000000000007a1,1411918809,1275529258,,H1,037,00306911,,A,12037,+29.8101756,-084.7991742,06,,G4020,Franklin,Franklin County,12,19.0,"{""type"":""MultiPoint"",""coordinates"":[]}"
000000000000000007bb,2089278744,466750789,,H1,043,00295743,,A,12043,+26.9548102,-081.1908197,06,,G4020,Glades,Glades County,12,0.0,"{""type"":""MultiPoint"",""coordinates"":[]}"
000000000000000007d7,761362377,16904945,,H1,007,00303634,,A,12007,+29.9523863,-082.1665990,06,,G4020,Bradford,Bradford County,12,3.0,"{""type"":""MultiPoint"",""coordinates"":[]}"
000000000000000007d8,630807237,16049079,,H1,125,00306913,,A,12125,+30.0542796,-082.3669180,06,,G4020,Union,Union County,12,302.0,"{""type"":""MultiPoint"",""coordinates"":[]}"
000000000000000007df,2896206271,762912636,,H1,075,00295724,,A,12075,+29.2844566,-082.7834620,06,,G4020,Levy,Levy County,12,6.0549019607843135,"{""type"":""MultiPoint"",""coordinates"":[]}"
000000000000000007e2,1783341105,9594316,,H1,121,00295729,,A,12121,+30.1892438,-082.9927542,06,,G4020,Suwannee,Suwannee County,12,3454.0,"{""type"":""MultiPoint"",""coordinates"":[]}"
000000000000000007e3,1407427927,11646352,,H1,067,00295732,,A,12067,+29.9900661,-083.1785097,06,,G4020,Lafayette,Lafayette County,12,4160.0,"{""type"":""MultiPoint"",""coordinates"":[]}"
000000000000000007e4,1826212266,410631095,,H1,029,00295725,,A,12029,+29.5808994,-083.1956656,06,,G4020,Dixie,Dixie County,12,205.0,"{""type"":""MultiPoint"",""coordinates"":[]}"
000000000000000007e5,2702138986,489236302,,H1,123,00295728,,A,12123,+30.0099084,-083.6094825,06,,G4020,Taylor,Taylor County,12,170.12549019607843,"{""type"":""MultiPoint"",""coordinates"":[]}"
000000000000000007e8,1802907388,50728161,,H1,079,00295731,,A,12079,+30.4472325,-083.4704159,06,,G4020,Madison,Madison County,12,12769.874509803922,"{""type"":""MultiPoint"",""coordinates"":[]}"
000000000000000007ff,1330689578,13659798,,H1,047,00295736,,A,12047,+30.4912264,-082.9510695,06,,G4020,Hamilton,Hamilton County,12,2582.0039215686274,"{""type"":""MultiPoint"",""coordinates"":[]}"
00000000000000000780,1188153047,12599265,,H1,259,00347360,,A,13259,+32.0732250,-084.8349117,06,,G4020,Stewart,Stewart County,13,4292.003921568627,"{""type"":""MultiPoint"",""coordinates"":[]}"
00000000000000000783,506035802,56605042,,H1,061,00344805,,A,13061,+31.6198309,-084.9925826,06,,G4020,Clay,Clay County,13,18631.83137254902,"{""type"":""MultiPoint"",""coordinates"":[]}"
00000000000000000784,1109126239,6830041,,H1,243,00352242,,A,13243,+31.7626510,-084.7523108,06,,G4020,Randolph,Randolph County,13,32612.247058823526,"{""type"":""MultiPoint"",""coordinates"":[]}"
00000000000000000799,1327612129,9717177,,H1,099,00345041,,A,13099,+31.3241906,-084.9067225,06,,G4020,Early,Early County,13,92909.08235294119,"{""type"":""MultiPoint"",""coordinates"":[]}"
0000000000000000079b,609245340,55231605,,H1,253,00351263,,A,13253,+30.9338940,-084.8675915,06,,G4020,Seminole,Seminole County,13,71888.45490196077,"{""type"":""MultiPoint"",""coordinates"":[]}"
000000000000000007d2,2003666845,22681775,,H1,049,00357747,,A,13049,+30.7799036,-082.1396442,06,,G4020,Charlton,Charlton County,13,1138.0,"{""type"":""MultiPoint"",""coordinates"":[]}"
000000000000000007ec,1177238816,14839279,,H1,131,00351261,,A,13131,+30.8759031,-084.2450076,06,,G4020,Grady,Grady County,13,49119.32156862744,"{""type"":""MultiPoint"",""coordinates"":[]}"
000000000000000007ef,1326293153,4504150,,H1,205,00343645,,A,13205,+31.2289970,-084.1920380,06,,G4020,Mitchell,Mitchell County,13,108977.7254901961,"{""type"":""MultiPoint"",""coordinates"":[]}"
000000000000000007f1,731466841,3216290,,H1,201,00344088,,A,13201,+31.1629079,-084.7303856,06,,G4020,Miller,Miller County,13,75435.3607843137,"{""type"":""MultiPoint"",""coordinates"":[]}"
000000000000000007f2,726147258,8315719,,H1,037,00344074,,A,13037,+31.5212790,-084.6262895,06,,G4020,Calhoun,Calhoun County,13,37325.933333333334,"{""type"":""MultiPoint"",""coordinates"":[]}"
000000000000000007f7,588446812,15546061,,H1,075,00343878,,A,13075,+31.1525285,-083.4294384,06,,G4020,Cook,Cook County,13,43799.74117647059,"{""type"":""MultiPoint"",""coordinates"":[]}"
000000000000000007f8,1170534736,15375915,,H1,019,00326638,,A,13019,+31.2886522,-083.2278695,06,,G4020,Berrien,Berrien County,13,88370.34901960785,"{""type"":""MultiPoint"",""coordinates"":[]}"
000000000000000007f9,878785923,13551711,,H1,003,00345784,,A,13003,+31.2968609,-082.8781986,06,,G4020,Atkinson,Atkinson County,13,41796.80392156862,"{""type"":""MultiPoint"",""coordinates"":[]}"
000000000000000007fc,2072566895,61565560,,H1,065,00351285,,A,13065,+30.9176531,-082.7026143,06,,G4020,Clinch,Clinch County,13,2963.23137254902,"{""type"":""MultiPoint"",""coordinates"":[]}"
00000000000000000800,735650671,4625861,,H1,005,00344784,,A,13005,+31.5502095,-082.4514325,06,,G4020,Bacon,Bacon County,13,36814.7568627451,"{""type"":""MultiPoint"",""coordinates"":[]}"
00000000000000000801,1313444661,13306630,,H1,001,00349113,,A,13001,+31.7397120,-082.2901025,06,,G4020,Appling,Appling County,13,74164.6549019608,"{""type"":""MultiPoint"",""coordinates"":[]}"
00000000000000000802,856690608,11986249,,H1,161,01687999,,A,13161,+31.8116153,-082.6368248,06,,G4020,Jeff Davis,Jeff Davis County,13,44266.592156862745,"{""type"":""MultiPoint"",""coordinates"":[]}"
00000000000000000803,1132610582,17366926,,H1,271,00356958,,A,13271,+31.9136387,-082.9310624,06,,G4020,Telfair,Telfair County,13,20074.10980392157,"{""type"":""MultiPoint"",""coordinates"":[]}"
00000000000000000804,765301200,12390212,,H1,309,00351278,,A,13309,+32.1052681,-082.7338646,06,,G4020,Wheeler,Wheeler County,13,10505.93725490196,"{""type"":""MultiPoint"",""coordinates"":[]}"
00000000000000000805,1284365331,18692950,,H1,091,00348116,,A,13091,+32.1602346,-083.1562413,06,,G4020,Dodge,Dodge County,13,26740.49411764706,"{""type"":""MultiPoint"",""coordinates"":[]}"
00000000000000000808,1241953434,22864021,,H1,267,00347445,,A,13267,+32.0437683,-082.0592081,06,,G4020,Tattnall,Tattnall County,13,34656.60784313726,"{""type"":""MultiPoint"",""coordinates"":[]}"
00000000000000000809,1762760538,24802077,,H1,107,00347508,,A,13107,+32.5910995,-082.2997628,06,,G4020,Emanuel,Emanuel County,13,39288.1568627451,"{""type"":""MultiPoint"",""coordinates"":[]}"
0000000000000000080a,516536217,7805621,,H1,283,00347505,,A,13283,+32.4095857,-082.5708819,06,,G4020,Treutlen,Treutlen County,13,5925.470588235295,"{""type"":""MultiPoint"",""coordinates"":[]}"
0000000000000000080b,629503278,15035830,,H1,043,00342852,,A,13043,+32.4038514,-082.0712359,06,,G4020,Candler,Candler County,13,24049.34117647058,"{""type"":""MultiPoint"",""coordinates"":[]}"
0000000000000000080d,1363589115,8241829,,H1,163,00345714,,A,13163,+33.0581756,-082.4200036,06,,G4020,Jefferson,Jefferson County,13,56488.33725490197,"{""type"":""MultiPoint"",""coordinates"":[]}"
0000000000000000080f,1757188473,15284511,,H1,303,00348428,,A,13303,+32.9718477,-082.7981123,06,,G4020,Washington,Washington County,13,18568.698039215687,"{""type"":""MultiPoint"",""coordinates"":[]}"
00000000000000000811,559100198,8447343,,H1,023,00347451,,A,13023,+32.4354034,-083.3317174,06,,G4020,Bleckley,Bleckley County,13,26891.61176470588,"{""type"":""MultiPoint"",""coordinates"":[]}"
00000000000000000812,1158541303,12003359,,H1,319,00346824,,A,13319,+32.8042663,-083.1755122,06,,G4020,Wilkinson,Wilkinson County,13,1201.1607843137253,"{""type"":""MultiPoint"",""coordinates"":[]}"
00000000000000000818,978250127,11444179,,H1,315,00345499,,A,13315,+31.9627168,-083.4382617,06,,G4020,Wilcox,Wilcox County,13,52033.380392156876,"{""type"":""MultiPoint"",""coordinates"":[]}"
00000000000000000819,739164629,11881239,,H1,287,00343238,,A,13287,+31.7248005,-083.6203195,06,,G4020,Turner,Turner County,13,62242.615686274505,"{""type"":""MultiPoint"",""coordinates"":[]}"
0000000000000000081b,917793241,21758147,,H1,155,00352302,,A,13155,+31.6043062,-083.2770374,06,,G4020,Irwin,Irwin County,13,92713.96078431373,"{""type"":""MultiPoint"",""coordinates"":[]}"
0000000000000000081d,1015120153,13841085,,H1,093,00351608,,A,13093,+32.1519954,-083.8071670,06,,G4020,Dooly,Dooly County,13,76867.54901960785,"{""type"":""MultiPoint"",""coordinates"":[]}"
00000000000000000820,1037654069,13859152,,H1,193,00346957,,A,13193,+32.3626859,-084.0512306,06,,G4020,Macon,Macon County,13,35041.60784313726,"{""type"":""MultiPoint"",""coordinates"":[]}"
00000000000000000823,541613277,2965865,,H6,307,00352287,,C,13307,+32.0466911,-084.5538279,06,,G4020,Webster,Webster County,13,4473.317647058823,"{""type"":""MultiPoint"",""coordinates"":[]}"
00000000000000000825,975611444,7803733,,H1,269,00344156,,A,13269,+32.5546668,-084.2514261,06,,G4020,Taylor,Taylor County,13,12265.701960784314,"{""type"":""MultiPoint"",""coordinates"":[]}"
00000000000000000826,1013691982,8737088,,H1,263,00326757,,A,13263,+32.7046026,-084.5300288,06,,G4020,Talbot,Talbot County,13,40.0,"{""type"":""MultiPoint"",""coordinates"":[]}"
00000000000000000844,909234534,59980940,,H1,105,00347828,,A,13105,+34.1164548,-082.8418338,06,,G4020,Elbert,Elbert County,13,2630.4392156862746,"{""type"":""MultiPoint"",""coordinates"":[]}"
00000000000000000845,1215973896,11924769,,H1,317,00351265,,A,13317,+33.7790312,-082.7479211,06,,G4020,Wilkes,Wilkes County,13,677.0,"{""type"":""MultiPoint"",""coordinates"":[]}"
00000000000000000846,1003451714,48630004,,H1,133,00348672,,A,13133,+33.5767403,-083.1666127,06,,G4020,Greene,Greene County,13,1260.0,"{""type"":""MultiPoint"",""coordinates"":[]}"
00000000000000000847,504031039,1915743,,H1,265,00347654,,A,13265,+33.5593190,-082.8752721,06,,G4020,Taliaferro,Taliaferro County,13,25.0,"{""type"":""MultiPoint"",""coordinates"":[]}"
00000000000000000848,892634163,41539480,,H1,237,00347246,,A,13237,+33.3210605,-083.3717898,06,,G4020,Putnam,Putnam County,13,1065.0,"{""type"":""MultiPoint"",""coordinates"":[]}"
0000000000000000084b,736332037,6186048,,H1,301,00347777,,A,13301,+33.4191691,-082.6880123,06,,G4020,Warren,Warren County,13,1555.5333333333333,"{""type"":""MultiPoint"",""coordinates"":[]}"
0000000000000000084d,372284127,1847843,,H1,125,00345642,,A,13125,+33.2274908,-082.6069126,06,,G4020,Glascock,Glascock County,13,2065.521568627451,"{""type"":""MultiPoint"",""coordinates"":[]}"
0000000000000000085d,1670803487,27888992,,H1,251,00350204,,A,13251,+32.7447512,-081.6175849,06,,G4020,Screven,Screven County,13,41149.98431372549,"{""type"":""MultiPoint"",""coordinates"":[]}"
0000000000000000085e,899449594,13452206,,H1,165,00342985,,A,13165,+32.7945631,-081.9715244,06,,G4020,Jenkins,Jenkins County,13,40400.65098039215,"{""type"":""MultiPoint"",""coordinates"":[]}"
00000000000000000863,473613879,10376147,,H1,109,00345923,,A,13109,+32.1530834,-081.8901530,06,,G4020,Evans,Evans County,13,9745.392156862747,"{""type"":""MultiPoint"",""coordinates"":[]}"
00000000000000000a20,601908708,63583341,,H1,147,01687995,,A,13147,+34.3487328,-082.9632900,06,,G4020,Hart,Hart County,13,4140.505882352941,"{""type"":""MultiPoint"",""coordinates"":[]}"
00000000000000000a21,677301814,12803554,,H1,119,00349324,,A,13119,+34.3750807,-083.2280639,06,,G4020,Franklin,Franklin County,13,1152.6980392156863,"{""type"":""MultiPoint"",""coordinates"":[]}"
00000000000000000a23,601112274,4651151,,H1,011,00349230,,A,13011,+34.3519216,-083.4984409,06,,G4020,Banks,Banks County,13,523.4941176470588,"{""type"":""MultiPoint"",""coordinates"":[]}"
00000000000000000a25,958633962,17841690,,H1,241,00351489,,A,13241,+34.8839494,-083.4048594,06,,G4020,Rabun,Rabun County,13,216.0,"{""type"":""MultiPoint"",""coordinates"":[]}"
00000000000000000a26,431313631,13975835,,H1,281,00351252,,A,13281,+34.9025294,-083.7322645,06,,G4020,Towns,Towns County,13,31.145098039215686,"{""type"":""MultiPoint"",""coordinates"":[]}"
00000000000000000a59,833892441,18273564,,H1,291,00353193,,A,13291,+34.8333330,-083.9892568,06,,G4020,Union,Union County,13,703.4666666666666,"{""type"":""MultiPoint"",""coordinates"":[]}"
00000000000000000a5a,1002509543,13561314,,H1,111,00351094,,A,13111,+34.8665427,-084.3173308,06,,G4020,Fannin,Fannin County,13,108.0,"{""type"":""MultiPoint"",""coordinates"":[]}"
00000000000000000a5b,1103983377,12186837,,H1,123,00351260,,A,13123,+34.6904951,-084.4546507,06,,G4020,Gilmer,Gilmer County,13,332.0,"{""type"":""MultiPoint"",""coordinates"":[]}"
00000000000000000a5c,732793278,3273370,,H1,187,00357196,,A,13187,+34.5681350,-083.9989062,06,,G4020,Lumpkin,Lumpkin County,13,31.0,"{""type"":""MultiPoint"",""coordinates"":[]}"
00000000000000000a5d,623402121,3912787,,H1,311,00326781,,A,13311,+34.6437760,-083.7434165,06,,G4020,White,White County,13,181.0,"{""type"":""MultiPoint"",""coordinates"":[]}"
00000000000000000585,2525155990,193280240,,H1,007,00395090,,A,16007,+42.2858922,-111.3275168,06,,G4020,Bear Lake,Bear Lake County,16,0.0,"{""type"":""MultiPoint"",""coordinates"":[]}"
000000000000000005c1,4566614200,2476454,,H1,033,00399755,,A,16033,+44.2902180,-112.3546128,06,,G4020,Clark,Clark County,16,0.0,"{""type"":""MultiPoint"",""coordinates"":[]}"
000000000000000005c6,4569024832,89186523,,H1,029,00395406,,A,16029,+42.7860724,-111.5442734,06,,G4020,Caribou,Caribou County,16,0.0,"{""type"":""MultiPoint"",""coordinates"":[]}"
000000000000000005cc,3635883507,99214495,,H1,077,00394951,,A,16077,+42.6941260,-112.8444070,06,,G4020,Power,Power County,16,0.0,"{""type"":""MultiPoint"",""coordinates"":[]}"
000000000000000005ce,12749459838,42391021,,H1,037,00399758,,A,16037,+44.2733510,-114.2522675,06,,G4020,Custer,Custer County,16,0.0,"{""type"":""MultiPoint"",""coordinates"":[]}"
000000000000000005cf,11819140606,13957997,,H1,059,00399754,,A,16059,+44.9285059,-113.8870422,06,,G4020,Lemhi,Lemhi County,16,0.0,"{""type"":""MultiPoint"",""coordinates"":[]}"
000000000000000005d0,21956164502,67396774,,H1,049,00395699,,A,16049,+45.8496440,-115.4673371,06,,G4020,Idaho,Idaho County,16,0.0,"{""type"":""MultiPoint"",""coordinates"":[]}"
000000000000000005d1,9492871594,177434181,,H1,085,00399756,,A,16085,+44.8559596,-115.6180612,06,,G4020,Valley,Valley County,16,0.0,"{""type"":""MultiPoint"",""coordinates"":[]}"
000000000000000005dc,6831349358,14151831,,H1,079,01702379,,A,16079,+47.3476935,-115.8850916,06,,G4020,Shoshone,Shoshone County,16,0.0,"{""type"":""MultiPoint"",""coordinates"":[]}"
000000000000000005dd,6364096635,79541277,,H1,035,00395697,,A,16035,+46.6725700,-115.6535003,06,,G4020,Clearwater,Clearwater County,16,0.0,"{""type"":""MultiPoint"",""coordinates"":[]}"
000000000000000005df,2012070470,18975652,,H1,009,00395190,,A,16009,+47.2184513,-116.6335414,06,,G4020,Benewah,Benewah County,16,0.0,"{""type"":""MultiPoint"",""coordinates"":[]}"
000000000000000005e7,3285990171,24160676,,H1,021,00395159,,A,16021,+48.7731326,-116.5246729,06,,G4020,Boundary,Boundary County,16,0.0,"{""type"":""MultiPoint"",""coordinates"":[]}"
00000000000000000623,1240257780,2444326,,H1,061,00395622,,A,16061,+46.2363277,-116.4237600,06,,G4020,Lewis,Lewis County,16,0.0,"{""type"":""MultiPoint"",""coordinates"":[]}"
0000000000000000062b,3529649008,17359919,,H1,003,00395067,,A,16003,+44.8770040,-116.4616241,06,,G4020,Adams,Adams County,16,0.0,"{""type"":""MultiPoint"",""coordinates"":[]}"
0000000000000000062c,3762902895,53195485,,H1,087,00399757,,A,16087,+44.4482229,-116.7977917,06,,G4020,Washington,Washington County,16,0.0,"{""type"":""MultiPoint"",""coordinates"":[]}"
000000000000000006a3,3104988709,3995238,,H1,071,00399759,,A,16071,+42.1838954,-112.5204486,06,,G4020,Oneida,Oneida County,16,0.0,"{""type"":""MultiPoint"",""coordinates"":[]}"
0000000000000000087d,1888835916,12569370,,H1,047,00395441,,A,16047,+42.9731849,-114.8214203,06,,G4020,Gooding,Gooding County,16,0.0,"{""type"":""MultiPoint"",""coordinates"":[]}"
0000000000000000020e,1490546070,56207428,,H1,157,01784967,,A,17157,+38.0565149,-089.8212096,06,,G4020,Randolph,Randolph County,17,275902.3607843137,"{""type"":""MultiPoint"",""coordinates"":[]}"
0000000000000000022a,2153317672,45283711,,H1,149,01784941,,A,17149,+39.6251059,-090.8890344,06,,G4020,Pike,Pike County,17,580032.7725490197,"{""type"":""MultiPoint"",""coordinates"":[]}"
0000000000000000022c,791518279,4139308,,H1,009,00424206,,A,17009,+39.9620694,-090.7503095,06,,G4020,Brown,Brown County,17,152159.2666666667,"{""type"":""MultiPoint"",""coordinates"":[]}"
0000000000000000022e,1406413313,8425393,,H1,061,00424232,,A,17061,+39.3554444,-090.3877569,06,,G4020,Greene,Greene County,17,497514.88627450983,"{""type"":""MultiPoint"",""coordinates"":[]}"
00000000000000000234,973345804,20581547,,H1,017,00424210,,A,17017,+39.9692024,-090.2457045,06,,G4020,Cass,Cass County,17,308176.7137254902,"{""type"":""MultiPoint"",""coordinates"":[]}"
00000000000000000235,1132531696,10511619,,H1,169,01785037,,A,17169,+40.1569048,-090.6134641,06,,G4020,Schuyler,Schuyler County,17,281380.2352941177,"{""type"":""MultiPoint"",""coordinates"":[]}"
00000000000000000236,1396619096,62745252,,H1,125,00424261,,A,17125,+40.2369926,-089.9135746,06,,G4020,Mason,Mason County,17,524720.4784313721,"{""type"":""MultiPoint"",""coordinates"":[]}"
00000000000000000239,1404823489,1674135,,H1,187,01785134,,A,17187,+40.8504412,-090.6202228,06,,G4020,Warren,Warren County,17,658603.4666666666,"{""type"":""MultiPoint"",""coordinates"":[]}"
00000000000000000246,1152707885,55841450,,H1,015,00424209,,A,17015,+42.0709000,-089.9241894,06,,G4020,Carroll,Carroll County,17,236167.34901960785,"{""type"":""MultiPoint"",""coordinates"":[]}"
00000000000000000248,1556339200,45776828,,H1,085,00424244,,A,17085,+42.3623905,-090.2114705,06,,G4020,Jo Daviess,Jo Daviess County,17,230823.36470588238,"{""type"":""MultiPoint"",""coordinates"":[]}"
000000000000000002f4,2893771415,4235076,,H1,075,00424239,,A,17075,+40.7488665,-087.8336010,06,,G4020,Iroquois,Iroquois County,17,1523383.8980392162,"{""type"":""MultiPoint"",""coordinates"":[]}"
000000000000000006fc,1822539613,15512963,,H1,135,01784866,,A,17135,+39.2280932,-089.4780041,06,,G4020,Montgomery,Montgomery County,17,763400.588235294,"{""type"":""MultiPoint"",""coordinates"":[]}"
000000000000000006ff,1457058109,3454759,,H1,189,01785150,,A,17189,+38.3531405,-089.4171873,06,,G4020,Washington,Washington County,17,452812.4392156861,"{""type"":""MultiPoint"",""coordinates"":[]}"
00000000000000000700,1144186123,13416186,,H1,145,01784940,,A,17145,+38.0843809,-089.3685249,06,,G4020,Perry,Perry County,17,206708.537254902,"{""type"":""MultiPoint"",""coordinates"":[]}"
00000000000000000702,1070855938,22502264,,H1,181,01785113,,A,17181,+37.4856444,-089.2446383,06,,G4020,Union,Union County,17,45083.623529411765,"{""type"":""MultiPoint"",""coordinates"":[]}"
00000000000000000703,515887464,10473563,,H1,153,01784966,,A,17153,+37.2156152,-089.1277549,06,,G4020,Pulaski,Pulaski County,17,71928.09803921566,"{""type"":""MultiPoint"",""coordinates"":[]}"
00000000000000000ad9,1614531795,1610634,,H1,045,00424224,,A,17045,+39.6790370,-087.7471102,06,,G4020,Edgar,Edgar County,17,816801.5098039181,"{""type"":""MultiPoint"",""coordinates"":[]}"
00000000000000000ada,1298674057,8799466,,H1,023,00424213,,A,17023,+39.3323642,-087.7916872,06,,G4020,Clark,Clark County,17,463595.3568627449,"{""type"":""MultiPoint"",""coordinates"":[]}"
00000000000000000adb,1148997687,5667188,,H1,033,00424218,,A,17033,+39.0027685,-087.7606208,06,,G4020,Crawford,Crawford County,17,380900.3411764706,"{""type"":""MultiPoint"",""coordinates"":[]}"
00000000000000000adf,963936864,5077778,,H1,101,00424252,,A,17101,+38.7189542,-087.7302207,06,,G4020,Lawrence,Lawrence County,17,309851.5176470588,"{""type"":""MultiPoint"",""coordinates"":[]}"
00000000000000000af0,836749960,13238356,,H1,059,00424231,,A,17059,+37.7686768,-088.2279642,06,,G4020,Gallatin,Gallatin County,17,230196.87450980395,"{""type"":""MultiPoint"",""coordinates"":[]}"
00000000000000000af1,1281439560,18374883,,H1,193,00424297,,A,17193,+38.0873720,-088.1785848,06,,G4020,White,White County,17,425874.67843137257,"{""type"":""MultiPoint"",""coordinates"":[]}"
00000000000000000af2,459795959,10489596,,H1,069,00424236,,A,17069,+37.5178517,-088.2661478,06,,G4020,Hardin,Hardin County,17,10123.392156862745,"{""type"":""MultiPoint"",""coordinates"":[]}"
00000000000000000af4,983746632,18008533,,H1,165,00424283,,A,17165,+37.7515083,-088.5450236,06,,G4020,Saline,Saline County,17,203533.09803921566,"{""type"":""MultiPoint"",""coordinates"":[]}"
00000000000000000af5,955109670,14328523,,H1,151,00424277,,A,17151,+37.4171687,-088.5423737,06,,G4020,Pope,Pope County,17,29119.239215686273,"{""type"":""MultiPoint"",""coordinates"":[]}"
00000000000000000af7,890741063,12811451,,H1,087,00424245,,A,17087,+37.4607092,-088.8821305,06,,G4020,Johnson,Johnson County,17,32681.356862745095,"{""type"":""MultiPoint"",""coordinates"":[]}"
00000000000000000af9,1059021102,58413469,,H1,055,00424229,,A,17055,+37.9918483,-088.9262457,06,,G4020,Franklin,Franklin County,17,162816.1843137255,"{""type"":""MultiPoint"",""coordinates"":[]}"
00000000000000000afa,1125778616,3174312,,H1,065,00424234,,A,17065,+38.0852260,-088.5390048,06,,G4020,Hamilton,Hamilton County,17,344935.6666666665,"{""type"":""MultiPoint"",""coordinates"":[]}"
00000000000000000afb,1848769743,4331009,,H1,191,00424296,,A,17191,+38.4318573,-088.4324302,06,,G4020,Wayne,Wayne County,17,567168.7176470589,"{""type"":""MultiPoint"",""coordinates"":[]}"
00000000000000000afe,1212958828,3278251,,H1,025,00424214,,A,17025,+38.7468320,-088.4823443,06,,G4020,Clay,Clay County,17,332186.5137254902,"{""type"":""MultiPoint"",""coordinates"":[]}"
00000000000000000aff,932444608,4863725,,H1,159,00424281,,A,17159,+38.7115523,-088.0856978,06,,G4020,Richland,Richland County,17,336923.2235294118,"{""type"":""MultiPoint"",""coordinates"":[]}"
00000000000000000b00,576061731,781203,,H1,047,00424225,,A,17047,+38.4170954,-088.0479408,06,,G4020,Edwards,Edwards County,17,197478.89019607846,"{""type"":""MultiPoint"",""coordinates"":[]}"
00000000000000000b01,578224627,11012015,,H1,185,00424293,,A,17185,+38.4458209,-087.8391674,06,,G4020,Wabash,Wabash County,17,231078.03137254907,"{""type"":""MultiPoint"",""coordinates"":[]}"
00000000000000000b02,1280788077,9334509,,H1,079,00424241,,A,17079,+39.0048737,-088.1507629,06,,G4020,Jasper,Jasper County,17,479808.8823529412,"{""type"":""MultiPoint"",""coordinates"":[]}"
00000000000000000b05,1079156612,1448702,,H1,041,00424222,,A,17041,+39.7660780,-088.2228656,06,,G4020,Douglas,Douglas County,17,590902.4509803916,"{""type"":""MultiPoint"",""coordinates"":[]}"
00000000000000000b06,1964598159,24693146,,H1,173,01785051,,A,17173,+39.3849258,-088.7988615,06,,G4020,Shelby,Shelby County,17,875025.9215686278,"{""type"":""MultiPoint"",""coordinates"":[]}"
00000000000000000b07,870088913,22102476,,H1,139,01784885,,A,17139,+39.6368956,-088.6257259,06,,G4020,Moultrie,Moultrie County,17,455706.7176470589,"{""type"":""MultiPoint"",""coordinates"":[]}"
00000000000000000b09,1855687602,22942188,,H1,051,00424227,,A,17051,+39.0011246,-089.0179232,06,,G4020,Fayette,Fayette County,17,549270.2705882353,"{""type"":""MultiPoint"",""coordinates"":[]}"
00000000000000000110,995670496,17143494,,H1,047,00450352,,A,18047,+39.4097620,-085.0669641,06,,G4020,Franklin,Franklin County,18,168096.22745098043,"{""type"":""MultiPoint"",""coordinates"":[]}"
00000000000000000126,571509734,7193744,,H1,155,00450392,,A,18155,+38.8258545,-085.0296810,06,,G4020,Switzerland,Switzerland County,18,26430.14901960786,"{""type"":""MultiPoint"",""coordinates"":[]}"
00000000000000000301,800657644,7951314,,H1,149,00450389,,A,18149,+41.2844785,-086.6446359,06,,G4020,Starke,Starke County,18,187543.97647058824,"{""type"":""MultiPoint"",""coordinates"":[]}"
00000000000000000307,1123146088,2291536,,H1,131,00446852,,A,18131,+41.0452718,-086.6925383,06,,G4020,Pulaski,Pulaski County,18,441513.3725490197,"{""type"":""MultiPoint"",""coordinates"":[]}"
00000000000000000308,1308269853,9203227,,H1,181,00450338,,A,18181,+40.7509496,-086.8642934,06,,G4020,White,White County,18,605881.5725490197,"{""type"":""MultiPoint"",""coordinates"":[]}"
0000000000000000030a,944520564,4466121,,H1,171,00450400,,A,18171,+40.3526584,-087.3758466,06,,G4020,Warren,Warren County,18,403403.1176470588,"{""type"":""MultiPoint"",""coordinates"":[]}"
0000000000000000030b,1024769250,5734092,,H1,045,00450351,,A,18045,+40.1212366,-087.2348725,06,,G4020,Fountain,Fountain County,18,431394.0470588237,"{""type"":""MultiPoint"",""coordinates"":[]}"
0000000000000000030d,1151747431,13683945,,H1,121,00450380,,A,18121,+39.7742496,-087.1969502,06,,G4020,Parke,Parke County,18,275453.7098039216,"{""type"":""MultiPoint"",""coordinates"":[]}"
00000000000000000317,954118209,7454415,,H1,049,00450353,,A,18049,+41.0503837,-086.2650060,06,,G4020,Fulton,Fulton County,18,375086.12549019605,"{""type"":""MultiPoint"",""coordinates"":[]}"
0000000000000000031e,674797598,68028,,H1,159,00450394,,A,18159,+40.3102294,-086.0562066,06,,G4020,Tipton,Tipton County,18,335782.7411764707,"{""type"":""MultiPoint"",""coordinates"":[]}"
00000000000000000322,427554634,1303566,,H1,009,00450404,,A,18009,+40.4726717,-085.3237297,06,,G4020,Blackford,Blackford County,18,170267.64705882352,"{""type"":""MultiPoint"",""coordinates"":[]}"
00000000000000000325,1171656633,2420286,,H1,135,00446853,,A,18135,+40.1641738,-085.0054812,06,,G4020,Randolph,Randolph County,18,556456.7450980393,"{""type"":""MultiPoint"",""coordinates"":[]}"
00000000000000000327,994310101,458556,,H1,075,00450362,,A,18075,+40.4349719,-085.0033804,06,,G4020,Jay,Jay County,18,415786.2549019607,"{""type"":""MultiPoint"",""coordinates"":[]}"
0000000000000000032f,983237254,18317909,,H1,087,00450368,,A,18087,+41.6424683,-085.4263018,06,,G4020,LaGrange,LaGrange County,18,177024.07450980393,"{""type"":""MultiPoint"",""coordinates"":[]}"
00000000000000000abe,791601708,7974816,,H1,025,00451674,,A,18025,+38.2894327,-086.4408711,06,,G4020,Crawford,Crawford County,18,14872.06274509804,"{""type"":""MultiPoint"",""coordinates"":[]}"
00000000000000000ac6,1156236794,4237459,,H1,137,00450385,,A,18137,+39.1002301,-085.2605409,06,,G4020,Ripley,Ripley County,18,189375.5843137254,"{""type"":""MultiPoint"",""coordinates"":[]}"
00000000000000000ac9,1057035490,872270,,H1,139,00446854,,A,18139,+39.6223572,-085.4664030,06,,G4020,Rush,Rush County,18,517382.831372549,"{""type"":""MultiPoint"",""coordinates"":[]}"
00000000000000000ad0,1031818419,25393791,,H1,117,00451681,,A,18117,+38.5473812,-086.4892570,06,,G4020,Orange,Orange County,18,108822.34509803924,"{""type"":""MultiPoint"",""coordinates"":[]}"
00000000000000000ad2,869615714,12033246,,H1,101,00451679,,A,18101,+38.7053220,-086.8018468,06,,G4020,Martin,Martin County,18,60961.462745098055,"{""type"":""MultiPoint"",""coordinates"":[]}"
00000000000000000ad3,1405093029,8826699,,H1,055,00451676,,A,18055,+39.0471466,-087.0047712,06,,G4020,Greene,Greene County,18,190514.47843137255,"{""type"":""MultiPoint"",""coordinates"":[]}"
00000000000000000ae0,1262606257,30223914,,H1,051,00450354,,A,18051,+38.3173981,-087.5805231,06,,G4020,Gibson,Gibson County,18,410692.64705882344,"{""type"":""MultiPoint"",""coordinates"":[]}"
00000000000000000ae4,1027689680,11999892,,H1,147,00450388,,A,18147,+38.0096966,-087.0103746,06,,G4020,Spencer,Spencer County,18,248777.25490196075,"{""type"":""MultiPoint"",""coordinates"":[]}"
00000000000000000ae7,988668629,11817654,,H1,123,00451682,,A,18123,+38.0814361,-086.6265397,06,,G4020,Perry,Perry County,18,38583.90588235294,"{""type"":""MultiPoint"",""coordinates"":[]}"
0000000000000000023f,1040583090,40784329,,H1,115,00465246,,A,19115,+41.2182111,-091.2569936,06,,G4020,Louisa,Louisa County,19,368447.1607843138,"{""type"":""MultiPoint"",""coordinates"":[]}"
00000000000000000247,1647332490,35141496,,H1,097,00465237,,A,19097,+42.1642812,-090.5745965,06,,G4020,Jackson,Jackson County,19,278065.99607843143,"{""type"":""MultiPoint"",""coordinates"":[]}"
0000000000000000024c,1500730782,6385832,,H1,031,00465205,,A,19031,+41.7723600,-091.1326105,06,,G4020,Cedar,Cedar County,19,678919.4862745097,"{""type"":""MultiPoint"",""coordinates"":[]}"
0000000000000000024e,1496381672,3082462,,H1,055,00465216,,A,19055,+42.4729373,-091.3667667,06,,G4020,Delaware,Delaware County,19,335534.07843137265,"{""type"":""MultiPoint"",""coordinates"":[]}"
00000000000000000252,1518916011,2686847,,H1,095,00465236,,A,19095,+41.6839184,-092.0591226,06,,G4020,Iowa,Iowa County,19,543730.3215686274,"{""type"":""MultiPoint"",""coordinates"":[]}"
00000000000000000255,1478934777,5427666,,H1,019,00465199,,A,19019,+42.4703284,-091.8386658,06,,G4020,Buchanan,Buchanan County,19,506906.6980392157,"{""type"":""MultiPoint"",""coordinates"":[]}"
00000000000000000257,1867411147,2769421,,H1,171,00465274,,A,19171,+42.0748480,-092.5294115,06,,G4020,Tama,Tama County,19,826003.5294117638,"{""type"":""MultiPoint"",""coordinates"":[]}"
00000000000000000258,1514929498,2977605,,H1,157,00465267,,A,19157,+41.6845262,-092.5228819,06,,G4020,Poweshiek,Poweshiek County,19,641016.8549019608,"{""type"":""MultiPoint"",""coordinates"":[]}"
00000000000000000259,1500067253,1929323,,H1,107,00465242,,A,19107,+41.3311823,-092.1677213,06,,G4020,Keokuk,Keokuk County,19,532134.219607843,"{""type"":""MultiPoint"",""coordinates"":[]}"
0000000000000000025e,1255597377,14839917,,H1,177,00465277,,A,19177,+40.7541168,-091.9529430,06,,G4020,Van Buren,Van Buren County,19,261183.2588235294,"{""type"":""MultiPoint"",""coordinates"":[]}"
0000000000000000025f,1124896598,5780301,,H1,087,00465232,,A,19087,+40.9858640,-091.5442697,06,,G4020,Henry,Henry County,19,382244.6823529412,"{""type"":""MultiPoint"",""coordinates"":[]}"
00000000000000000266,1287983075,49083874,,H1,007,00465193,,A,19007,+40.7442964,-092.8730610,06,,G4020,Appanoose,Appanoose County,19,182523.14509803927,"{""type"":""MultiPoint"",""coordinates"":[]}"
00000000000000000267,1360940440,4347639,,H1,185,00465281,,A,19185,+40.7399827,-093.3326126,06,,G4020,Wayne,Wayne County,19,316294.10196078423,"{""type"":""MultiPoint"",""coordinates"":[]}"
00000000000000000268,1123317229,1522790,,H1,135,00465256,,A,19135,+41.0288473,-092.8696415,06,,G4020,Monroe,Monroe County,19,140353.11764705883,"{""type"":""MultiPoint"",""coordinates"":[]}"
0000000000000000026a,1115257644,9852833,,H1,117,00465247,,A,19117,+41.0333440,-093.3314666,06,,G4020,Lucas,Lucas County,19,162822.58823529416,"{""type"":""MultiPoint"",""coordinates"":[]}"
0000000000000000026c,1116716129,1524746,,H1,039,00465209,,A,19039,+41.0291908,-093.7840961,06,,G4020,Clarke,Clarke County,19,175413.10196078432,"{""type"":""MultiPoint"",""coordinates"":[]}"
0000000000000000026d,1377567314,4140764,,H1,053,00465215,,A,19053,+40.7363787,-093.7845799,06,,G4020,Decatur,Decatur County,19,196487.98823529415,"{""type"":""MultiPoint"",""coordinates"":[]}"
00000000000000000273,1386940558,8714953,,H1,159,00465268,,A,19159,+40.7353342,-094.2442514,06,,G4020,Ringgold,Ringgold County,19,289464.6705882353,"{""type"":""MultiPoint"",""coordinates"":[]}"
00000000000000000274,1377618873,7133364,,H1,173,00465275,,A,19173,+40.7379489,-094.6971082,06,,G4020,Taylor,Taylor County,19,453099.02352941164,"{""type"":""MultiPoint"",""coordinates"":[]}"
00000000000000000275,1096700779,5353407,,H1,003,00465191,,A,19003,+41.0216555,-094.6969059,06,,G4020,Adams,Adams County,19,400612.6392156864,"{""type"":""MultiPoint"",""coordinates"":[]}"
00000000000000000276,1474404199,2597996,,H1,001,00465190,,A,19001,+41.3285283,-094.4781643,06,,G4020,Adair,Adair County,19,649415.4901960784,"{""type"":""MultiPoint"",""coordinates"":[]}"
00000000000000000277,1097235765,5575853,,H1,175,00465276,,A,19175,+41.0285502,-094.2450907,06,,G4020,Union,Union County,19,303619.34509803925,"{""type"":""MultiPoint"",""coordinates"":[]}"
0000000000000000027c,1475184067,4255701,,H1,073,00465225,,A,19073,+42.0424940,-094.3887028,06,,G4020,Greene,Greene County,19,742041.9294117647,"{""type"":""MultiPoint"",""coordinates"":[]}"
0000000000000000027d,1475894623,5873828,,H1,025,00465202,,A,19025,+42.3861699,-094.6436829,06,,G4020,Calhoun,Calhoun County,19,800252.7176470589,"{""type"":""MultiPoint"",""coordinates"":[]}"
00000000000000000280,1493776461,1965341,,H1,079,00465228,,A,19079,+42.3907681,-093.7091980,06,,G4020,Hamilton,Hamilton County,19,666355.4196078433,"{""type"":""MultiPoint"",""coordinates"":[]}"
00000000000000000282,1474507918,1773877,,H1,083,00465230,,A,19083,+42.3902079,-093.2416690,06,,G4020,Hardin,Hardin County,19,575968.0745098039,"{""type"":""MultiPoint"",""coordinates"":[]}"
00000000000000000286,1502536078,4209735,,H1,023,00465201,,A,19023,+42.7347076,-092.7800664,06,,G4020,Butler,Butler County,19,621298.5411764712,"{""type"":""MultiPoint"",""coordinates"":[]}"
00000000000000000288,1507301123,1428932,,H1,069,00465223,,A,19069,+42.7365489,-093.2714247,06,,G4020,Franklin,Franklin County,19,666741.8823529418,"{""type"":""MultiPoint"",""coordinates"":[]}"
00000000000000000289,1296631080,1942548,,H1,067,00465222,,A,19067,+43.0527410,-092.7873669,06,,G4020,Floyd,Floyd County,19,592586.1764705883,"{""type"":""MultiPoint"",""coordinates"":[]}"
0000000000000000028b,1306338760,3309323,,H1,037,00465208,,A,19037,+43.0597409,-092.3172101,06,,G4020,Chickasaw,Chickasaw County,19,500339.8823529412,"{""type"":""MultiPoint"",""coordinates"":[]}"
0000000000000000028c,1225706340,927963,,H1,089,00465233,,A,19089,+43.3653125,-092.3219084,06,,G4020,Howard,Howard County,19,519023.29411764705,"{""type"":""MultiPoint"",""coordinates"":[]}"
0000000000000000028d,1215049040,1118415,,H1,131,00465254,,A,19131,+43.3485643,-092.7844663,06,,G4020,Mitchell,Mitchell County,19,530536.223529412,"{""type"":""MultiPoint"",""coordinates"":[]}"
00000000000000000291,1037261946,3182052,,H1,189,00465283,,A,19189,+43.3781243,-093.7434883,06,,G4020,Winnebago,Winnebago County,19,511438.8823529414,"{""type"":""MultiPoint"",""coordinates"":[]}"
00000000000000000293,1478895055,5265568,,H1,081,00465229,,A,19081,+43.0754105,-093.7436965,06,,G4020,Hancock,Hancock County,19,679839.9333333337,"{""type"":""MultiPoint"",""coordinates"":[]}"
00000000000000000294,1503286935,4703964,,H1,197,00465287,,A,19197,+42.7330073,-093.7347352,06,,G4020,Wright,Wright County,19,778300.8941176457,"{""type"":""MultiPoint"",""coordinates"":[]}"
00000000000000000295,1124996888,3376514,,H1,091,00465234,,A,19091,+42.7822212,-094.2027754,06,,G4020,Humboldt,Humboldt County,19,612594.8392156855,"{""type"":""MultiPoint"",""coordinates"":[]}"
00000000000000000296,2519361812,4125592,,H1,109,00465243,,A,19109,+43.2124777,-094.2139830,06,,G4020,Kossuth,Kossuth County,19,1293745.2313725497,"{""type"":""MultiPoint"",""coordinates"":[]}"
00000000000000000297,1495047142,3666530,,H1,151,00465264,,A,19151,+42.7340333,-094.6782789,06,,G4020,Pocahontas,Pocahontas County,19,834291.2745098034,"{""type"":""MultiPoint"",""coordinates"":[]}"
00000000000000000298,1460391660,14437623,,H1,147,00465262,,A,19147,+43.0753374,-094.6690546,06,,G4020,Palo Alto,Palo Alto County,19,682810.6156862745,"{""type"":""MultiPoint"",""coordinates"":[]}"
00000000000000000299,1025328490,17196403,,H1,063,00465220,,A,19063,+43.3779844,-094.6693702,06,,G4020,Emmet,Emmet County,19,512018.4784313724,"{""type"":""MultiPoint"",""coordinates"":[]}"
000000000000000002b2,1786713778,698598,,H1,191,00465284,,A,19191,+43.2929889,-091.8507880,06,,G4020,Winneshiek,Winneshiek County,19,354887.968627451,"{""type"":""MultiPoint"",""coordinates"":[]}"
000000000000000002b3,1892840962,1320705,,H1,065,00465221,,A,19065,+42.8641219,-091.8403761,06,,G4020,Fayette,Fayette County,19,658314.2431372554,"{""type"":""MultiPoint"",""coordinates"":[]}"
000000000000000002b4,1655214176,50995532,,H1,005,00465192,,A,19005,+43.2749637,-091.3827510,06,,G4020,Allamakee,Allamakee County,19,171384.01568627442,"{""type"":""MultiPoint"",""coordinates"":[]}"
000000000000000002b5,2016303675,36687945,,H1,043,00465210,,A,19043,+42.8409849,-091.3235764,06,,G4020,Clayton,Clayton County,19,306283.2392156863,"{""type"":""MultiPoint"",""coordinates"":[]}"
000000000000000008d1,1522007072,334465,,H1,119,00465248,,A,19119,+43.3835796,-096.2072011,06,,G4020,Lyon,Lyon County,19,720806.6980392158,"{""type"":""MultiPoint"",""coordinates"":[]}"
000000000000000008d2,1988762058,2921256,,H1,167,00465272,,A,19167,+43.0826460,-096.1780098,06,,G4020,Sioux,Sioux County,19,916601.9843137254,"{""type"":""MultiPoint"",""coordinates"":[]}"
000000000000000008d3,1484154165,447448,,H1,141,00465259,,A,19141,+43.0837455,-095.6256244,06,,G4020,O'Brien,O'Brien County,19,821337.9176470587,"{""type"":""MultiPoint"",""coordinates"":[]}"
000000000000000008d4,1032593860,1835265,,H1,143,00465260,,A,19143,+43.3785421,-095.6337878,06,,G4020,Osceola,Osceola County,19,575392.3529411764,"{""type"":""MultiPoint"",""coordinates"":[]}"
000000000000000008d7,1494180444,423160,,H1,035,00465207,,A,19035,+42.7427375,-095.6332616,06,,G4020,Cherokee,Cherokee County,19,793270.8823529419,"{""type"":""MultiPoint"",""coordinates"":[]}"
000000000000000008d9,1489300181,8569441,,H1,161,00465269,,A,19161,+42.3875259,-095.1052244,06,,G4020,Sac,Sac County,19,814212.2235294117,"{""type"":""MultiPoint"",""coordinates"":[]}"
000000000000000008da,1117599859,1406461,,H1,093,00465235,,A,19093,+42.3918601,-095.5074206,06,,G4020,Ida,Ida County,19,592229.3490196078,"{""type"":""MultiPoint"",""coordinates"":[]}"
000000000000000008f7,1797637874,12592242,,H1,133,00465255,,A,19133,+42.0494317,-095.9565661,06,,G4020,Monona,Monona County,19,784084.792156863,"{""type"":""MultiPoint"",""coordinates"":[]}"
000000000000000008f9,1849742884,2194272,,H1,047,00465212,,A,19047,+42.0431192,-095.3890903,06,,G4020,Crawford,Crawford County,19,883227.6941176468,"{""type"":""MultiPoint"",""coordinates"":[]}"
000000000000000008fb,1530110554,1486125,,H1,165,00465271,,A,19165,+41.6790143,-095.3089173,06,,G4020,Shelby,Shelby County,19,839012.8156862746,"{""type"":""MultiPoint"",""coordinates"":[]}"
000000000000000008fc,1147264555,1152260,,H1,009,00465194,,A,19009,+41.6791780,-094.9043119,06,,G4020,Audubon,Audubon County,19,594156.2705882356,"{""type"":""MultiPoint"",""coordinates"":[]}"
000000000000000008fe,1461450798,1758815,,H1,029,00465204,,A,19029,+41.3338235,-094.9333023,06,,G4020,Cass,Cass County,19,682171.9843137237,"{""type"":""MultiPoint"",""coordinates"":[]}"
000000000000000008ff,1098405722,2410445,,H1,137,00465257,,A,19137,+41.0217348,-095.1577896,06,,G4020,Montgomery,Montgomery County,19,503233.5647058824,"{""type"":""MultiPoint"",""coordinates"":[]}"
00000000000000000907,1323807065,14280096,,H1,071,00465224,,A,19071,+40.7425902,-095.5991816,06,,G4020,Fremont,Fremont County,19,604145.3137254902,"{""type"":""MultiPoint"",""coordinates"":[]}"
00000000000000000908,1385497544,1359120,,H1,145,00465261,,A,19145,+40.7390902,-095.1442898,06,,G4020,Page,Page County,19,627093.6941176472,"{""type"":""MultiPoint"",""coordinates"":[]}"
00000000000000000517,2533234890,3258258,,H1,119,00485024,,A,20119,+37.2438862,-100.3600936,06,,G4020,Meade,Meade County,20,139949.51764705882,"{""type"":""MultiPoint"",""coordinates"":[]}"
00000000000000000518,1495773052,910409,,H1,081,00485328,,A,20081,+37.5549790,-100.8799515,06,,G4020,Haskell,Haskell County,20,79151.45098039215,"{""type"":""MultiPoint"",""coordinates"":[]}"
00000000000000000519,2250356168,1113338,,H1,069,00485001,,A,20069,+37.7445134,-100.4517163,06,,G4020,Gray,Gray County,20,50265.470588235294,"{""type"":""MultiPoint"",""coordinates"":[]}"
0000000000000000051a,1883604186,464936,,H1,189,00485056,,A,20189,+37.2009692,-101.3175772,06,,G4020,Stevens,Stevens County,20,96335.2431372549,"{""type"":""MultiPoint"",""coordinates"":[]}"
0000000000000000051b,1488724887,892323,,H1,067,00485099,,A,20067,+37.5475370,-101.2993622,06,,G4020,Grant,Grant County,20,12315.407843137255,"{""type"":""MultiPoint"",""coordinates"":[]}"
0000000000000000051c,1889993251,507796,,H1,129,00485135,,A,20129,+37.1852495,-101.8095163,06,,G4020,Morton,Morton County,20,2048.121568627451,"{""type"":""MultiPoint"",""coordinates"":[]}"
0000000000000000051e,1762104518,178555,,H1,187,00485055,,A,20187,+37.5659319,-101.7893829,06,,G4020,Stanton,Stanton County,20,101.0,"{""type"":""MultiPoint"",""coordinates"":[]}"
00000000000000000520,2580958344,2893322,,H1,075,00485327,,A,20075,+37.9952438,-101.7936887,06,,G4020,Hamilton,Hamilton County,20,159.0,"{""type"":""MultiPoint"",""coordinates"":[]}"
00000000000000000523,1858536844,306079,,H1,171,00485048,,A,20171,+38.4818768,-100.9063604,06,,G4020,Scott,Scott County,20,5504.992156862745,"{""type"":""MultiPoint"",""coordinates"":[]}"
00000000000000000524,1858093492,551220,,H1,101,00485015,,A,20101,+38.4812863,-100.4661853,06,,G4020,Lane,Lane County,20,3885.007843137255,"{""type"":""MultiPoint"",""coordinates"":[]}"
00000000000000000525,1861078209,61987,,H1,203,00485062,,A,20203,+38.4819222,-101.3474341,06,,G4020,Wichita,Wichita County,20,4826.0,"{""type"":""MultiPoint"",""coordinates"":[]}"
00000000000000000526,2779042518,274632,,H1,109,00485019,,A,20109,+38.9132695,-101.1574069,06,,G4020,Logan,Logan County,20,651.0,"{""type"":""MultiPoint"",""coordinates"":[]}"
00000000000000000527,2775599149,245369,,H1,063,00485000,,A,20063,+38.9172385,-100.4873598,06,,G4020,Gove,Gove County,20,10760.0,"{""type"":""MultiPoint"",""coordinates"":[]}"
00000000000000000528,2783425157,288241,,H1,193,00485057,,A,20193,+39.3577058,-101.0834385,06,,G4020,Thomas,Thomas County,20,81384.76078431372,"{""type"":""MultiPoint"",""coordinates"":[]}"
00000000000000000529,2320518304,647342,,H1,179,00485052,,A,20179,+39.3505425,-100.4412056,06,,G4020,Sheridan,Sheridan County,20,57337.99215686275,"{""type"":""MultiPoint"",""coordinates"":[]}"
0000000000000000052a,2366348300,140932,,H1,199,00485060,,A,20199,+38.9266259,-101.7711031,06,,G4020,Wallace,Wallace County,20,333.98039215686276,"{""type"":""MultiPoint"",""coordinates"":[]}"
0000000000000000052b,2735193305,548248,,H1,181,00485053,,A,20181,+39.3513521,-101.7198590,06,,G4020,Sherman,Sherman County,20,23918.0,"{""type"":""MultiPoint"",""coordinates"":[]}"
0000000000000000052e,2016057984,0,,H6,071,00485002,,C,20071,+38.4804041,-101.8059697,06,,G4020,Greeley,Greeley County,20,675.0,"{""type"":""MultiPoint"",""coordinates"":[]}"
00000000000000000891,2641501925,2738021,,H1,023,00484981,,A,20023,+39.7899182,-101.7273264,06,,G4020,Cheyenne,Cheyenne County,20,19654.0,"{""type"":""MultiPoint"",""coordinates"":[]}"
00000000000000000892,2769775731,415527,,H1,153,00485040,,A,20153,+39.7861975,-101.0767378,06,,G4020,Rawlins,Rawlins County,20,10519.243137254902,"{""type"":""MultiPoint"",""coordinates"":[]}"
00000000000000000894,2314199312,1631670,,H1,039,00484989,,A,20039,+39.7835420,-100.4597084,06,,G4020,Decatur,Decatur County,20,12086.44705882353,"{""type"":""MultiPoint"",""coordinates"":[]}"
0000000000000000090e,1478552720,3196147,,H1,013,00484976,,A,20013,+39.8259308,-095.5699047,06,,G4020,Brown,Brown County,20,668567.2235294117,"{""type"":""MultiPoint"",""coordinates"":[]}"
0000000000000000090f,1858124408,5208990,,H1,131,00485029,,A,20131,+39.7910427,-096.0053805,06,,G4020,Nemaha,Nemaha County,20,590777.7529411765,"{""type"":""MultiPoint"",""coordinates"":[]}"
00000000000000000911,2331449973,12753730,,H1,117,00485023,,A,20117,+39.7827091,-096.5212426,06,,G4020,Marshall,Marshall County,20,763269.4509803922,"{""type"":""MultiPoint"",""coordinates"":[]}"
00000000000000000913,2317419409,10139631,,H1,201,00485061,,A,20201,+39.7767142,-097.0956108,06,,G4020,Washington,Washington County,20,603082.6392156862,"{""type"":""MultiPoint"",""coordinates"":[]}"
00000000000000000919,1857983299,7966959,,H1,157,00485042,,A,20157,+39.8289103,-097.6509213,06,,G4020,Republic,Republic County,20,549552.305882353,"{""type"":""MultiPoint"",""coordinates"":[]}"
0000000000000000091a,2356321281,11859451,,H1,089,00485009,,A,20089,+39.7770098,-098.2225842,06,,G4020,Jewell,Jewell County,20,481915.98039215687,"{""type"":""MultiPoint"",""coordinates"":[]}"
0000000000000000091e,2319241842,3884267,,H1,183,00484969,,A,20183,+39.7846603,-098.7854295,06,,G4020,Smith,Smith County,20,375792.6509803921,"{""type"":""MultiPoint"",""coordinates"":[]}"
0000000000000000091f,2294398020,22493382,,H1,147,00485037,,A,20147,+39.7845058,-099.3421498,06,,G4020,Phillips,Phillips County,20,127054.03921568628,"{""type"":""MultiPoint"",""coordinates"":[]}"
00000000000000000935,2274122701,8421464,,H1,137,00485032,,A,20137,+39.7838666,-099.8992352,06,,G4020,Norton,Norton County,20,63419.56470588235,"{""type"":""MultiPoint"",""coordinates"":[]}"
00000000000000000936,2327173519,599356,,H1,065,00481811,,A,20065,+39.3549716,-099.8798939,06,,G4020,Graham,Graham County,20,25436.698039215687,"{""type"":""MultiPoint"",""coordinates"":[]}"
00000000000000000937,2303731641,26281951,,H1,195,00485058,,A,20195,+38.9213022,-099.8654230,06,,G4020,Trego,Trego County,20,6578.564705882352,"{""type"":""MultiPoint"",""coordinates"":[]}"
00000000000000000938,2783557953,667491,,H1,135,00485031,,A,20135,+38.4804369,-099.9087452,06,,G4020,Ness,Ness County,20,2841.858823529412,"{""type"":""MultiPoint"",""coordinates"":[]}"
00000000000000000939,2227369160,826344,,H1,083,00485006,,A,20083,+38.0874927,-099.8984067,06,,G4020,Hodgeman,Hodgeman County,20,12283.219607843139,"{""type"":""MultiPoint"",""coordinates"":[]}"
0000000000000000093b,1858997545,544720,,H1,165,00485358,,A,20165,+38.5235917,-099.3091827,06,,G4020,Rush,Rush County,20,30584.03137254902,"{""type"":""MultiPoint"",""coordinates"":[]}"
0000000000000000093c,1953531683,992041,,H1,145,00485036,,A,20145,+38.1814768,-099.2347717,06,,G4020,Pawnee,Pawnee County,20,104058.38039215686,"{""type"":""MultiPoint"",""coordinates"":[]}"
0000000000000000093d,2306481663,11962259,,H1,163,00485045,,A,20163,+39.3460064,-099.3244921,06,,G4020,Rooks,Rooks County,20,104785.52156862745,"{""type"":""MultiPoint"",""coordinates"":[]}"
0000000000000000093e,2311575395,4806274,,H1,141,00485034,,A,20141,+39.3482608,-098.7679416,06,,G4020,Osborne,Osborne County,20,241469.48235294118,"{""type"":""MultiPoint"",""coordinates"":[]}"
0000000000000000093f,2295402916,34126777,,H1,167,00485046,,A,20167,+38.9160397,-098.7709489,06,,G4020,Russell,Russell County,20,43911.34117647058,"{""type"":""MultiPoint"",""coordinates"":[]}"
00000000000000000940,1863226676,2748359,,H1,105,00485017,,A,20105,+39.0472763,-098.2142650,06,,G4020,Lincoln,Lincoln County,20,209776.75686274513,"{""type"":""MultiPoint"",""coordinates"":[]}"
00000000000000000941,1817632928,44979981,,H1,123,00485026,,A,20123,+39.3930256,-098.2073621,06,,G4020,Mitchell,Mitchell County,20,330419.1568627452,"{""type"":""MultiPoint"",""coordinates"":[]}"
00000000000000000942,1852726620,6859887,,H1,029,00484984,,A,20029,+39.4873286,-097.6413898,06,,G4020,Cloud,Cloud County,20,396214.4,"{""type"":""MultiPoint"",""coordinates"":[]}"
00000000000000000944,1854030766,19270049,,H1,053,00484996,,A,20053,+38.7008451,-098.2053552,06,,G4020,Ellsworth,Ellsworth County,20,102728.05882352941,"{""type"":""MultiPoint"",""coordinates"":[]}"
00000000000000000948,1880933854,4484689,,H1,159,00485043,,A,20159,+38.3471776,-098.2014154,06,,G4020,Rice,Rice County,20,321621.74117647053,"{""type"":""MultiPoint"",""coordinates"":[]}"
00000000000000000949,2051389760,7435417,,H1,185,00485054,,A,20185,+38.0356303,-098.7198888,06,,G4020,Stafford,Stafford County,20,190312.21176470586,"{""type"":""MultiPoint"",""coordinates"":[]}"
0000000000000000094a,1610699246,206413,,H1,047,00484993,,A,20047,+37.8835945,-099.3047457,06,,G4020,Edwards,Edwards County,20,145379.28235294117,"{""type"":""MultiPoint"",""coordinates"":[]}"
0000000000000000094b,1903738841,1772008,,H1,151,00485039,,A,20151,+37.6475943,-098.7401199,06,,G4020,Pratt,Pratt County,20,210345.59215686272,"{""type"":""MultiPoint"",""coordinates"":[]}"
0000000000000000094c,1871627772,596764,,H1,097,00485013,,A,20097,+37.5612311,-099.2865389,06,,G4020,Kiowa,Kiowa County,20,93663.99607843137,"{""type"":""MultiPoint"",""coordinates"":[]}"
00000000000000000950,2937251506,5403867,,H1,007,00484973,,A,20007,+37.2229059,-098.6850520,06,,G4020,Barber,Barber County,20,72161.68235294119,"{""type"":""MultiPoint"",""coordinates"":[]}"
00000000000000000951,2075276144,3913474,,H1,077,00485004,,A,20077,+37.1881840,-098.0665900,06,,G4020,Harper,Harper County,20,115415.91372549017,"{""type"":""MultiPoint"",""coordinates"":[]}"
00000000000000000955,2041681126,3604153,,H1,033,00484986,,A,20033,+37.1814417,-099.2512929,06,,G4020,Comanche,Comanche County,20,12797.721568627452,"{""type"":""MultiPoint"",""coordinates"":[]}"
00000000000000000956,2524286233,6604959,,H1,025,00484982,,A,20025,+37.2338311,-099.8138686,06,,G4020,Clark,Clark County,20,2733.1215686274513,"{""type"":""MultiPoint"",""coordinates"":[]}"
00000000000000000977,1654693850,15243783,,H1,019,00484979,,A,20019,+37.1542592,-096.2453962,06,,G4020,Chautauqua,Chautauqua County,20,15133.807843137254,"{""type"":""MultiPoint"",""coordinates"":[]}"
0000000000000000099a,1521793562,8948924,,H1,021,00484980,,A,20021,+37.1693922,-094.8456975,06,,G4020,Cherokee,Cherokee County,20,347725.7960784314,"{""type"":""MultiPoint"",""coordinates"":[]}"
0000000000000000099c,1480106507,16374123,,H1,133,00485030,,A,20133,+37.5642833,-095.3156826,06,,G4020,Neosho,Neosho County,20,222453.96470588236,"{""type"":""MultiPoint"",""coordinates"":[]}"
0000000000000000099d,1477377648,12056867,,H1,205,00485063,,A,20205,+37.5585146,-095.7451749,06,,G4020,Wilson,Wilson County,20,232779.78039215686,"{""type"":""MultiPoint"",""coordinates"":[]}"
0000000000000000099e,1289347405,19251488,,H1,207,00485064,,A,20207,+37.8881971,-095.7584894,06,,G4020,Woodson,Woodson County,20,118231.63137254905,"{""type"":""MultiPoint"",""coordinates"":[]}"
0000000000000000099f,1295778917,13007243,,H1,001,00484970,,A,20001,+37.8842285,-095.3009448,06,,G4020,Allen,Allen County,20,170198.45882352942,"{""type"":""MultiPoint"",""coordinates"":[]}"
000000000000000009a0,1645861840,9377657,,H1,011,00484975,,A,20011,+37.8560997,-094.8509284,06,,G4020,Bourbon,Bourbon County,20,102534.43529411766,"{""type"":""MultiPoint"",""coordinates"":[]}"
000000000000000009a2,1501277203,10586462,,H1,003,00484971,,A,20003,+38.2151139,-095.2920464,06,,G4020,Anderson,Anderson County,20,278671.7568627451,"{""type"":""MultiPoint"",""coordinates"":[]}"
000000000000000009a5,1623630869,70463973,,H1,031,00484985,,A,20031,+38.2364502,-095.7291373,06,,G4020,Coffey,Coffey County,20,176219.87843137258,"{""type"":""MultiPoint"",""coordinates"":[]}"
000000000000000009a7,2961133006,24155643,,H1,073,00485003,,A,20073,+37.8793471,-096.2417321,06,,G4020,Greenwood,Greenwood County,20,50377.0,"{""type"":""MultiPoint"",""coordinates"":[]}"
000000000000000009a9,2002208725,12087996,,H1,017,00484978,,A,20017,+38.2994749,-096.5940289,06,,G4020,Chase,Chase County,20,56834.90980392156,"{""type"":""MultiPoint"",""coordinates"":[]}"
000000000000000009aa,1668637016,16061128,,H1,049,00484994,,A,20049,+37.4560259,-096.2446421,06,,G4020,Elk,Elk County,20,30789.764705882353,"{""type"":""MultiPoint"",""coordinates"":[]}"
000000000000000009ad,2445701271,24448816,,H1,115,00485022,,A,20115,+38.3596474,-097.1027707,06,,G4020,Marion,Marion County,20,450764.0078431372,"{""type"":""MultiPoint"",""coordinates"":[]}"
000000000000000009ae,1800762648,19710513,,H1,127,00485028,,A,20127,+38.6882040,-096.6514482,06,,G4020,Morris,Morris County,20,171221.7882352941,"{""type"":""MultiPoint"",""coordinates"":[]}"
000000000000000009b2,2193892430,12634272,,H1,041,00484990,,A,20041,+38.8677353,-097.1579434,06,,G4020,Dickinson,Dickinson County,20,457203.7921568627,"{""type"":""MultiPoint"",""coordinates"":[]}"
000000000000000009b3,1671328254,26673841,,H1,027,00484983,,A,20027,+39.3449643,-097.1688527,06,,G4020,Clay,Clay County,20,444766.2039215687,"{""type"":""MultiPoint"",""coordinates"":[]}"
0000000000000000011e,1250540456,32492708,,H1,135,00516914,,A,21135,+38.5521522,-083.3767743,06,,G4020,Lewis,Lewis County,21,6733.584313725491,"{""type"":""MultiPoint"",""coordinates"":[]}"
0000000000000000011f,902721336,7183992,,H1,069,00516881,,A,21069,+38.3684311,-083.7061517,06,,G4020,Fleming,Fleming County,21,17234.854901960785,"{""type"":""MultiPoint"",""coordinates"":[]}"
00000000000000000120,258774035,484952,,H1,201,00516947,,A,21201,+38.5134727,-084.0642300,06,,G4020,Robertson,Robertson County,21,704.0,"{""type"":""MultiPoint"",""coordinates"":[]}"
00000000000000000121,793480169,9057533,,H1,097,00516895,,A,21097,+38.4445776,-084.3341313,06,,G4020,Harrison,Harrison County,21,8643.356862745099,"{""type"":""MultiPoint"",""coordinates"":[]}"
00000000000000000128,909365594,8129651,,H1,187,00516940,,A,21187,+38.4993944,-084.8415901,06,,G4020,Owen,Owen County,21,2149.886274509804,"{""type"":""MultiPoint"",""coordinates"":[]}"
00000000000000000129,332993895,22650069,,H1,041,00516867,,A,21041,+38.6683939,-085.1240238,06,,G4020,Carroll,Carroll County,21,4046.7411764705885,"{""type"":""MultiPoint"",""coordinates"":[]}"
00000000000000000133,644472908,11601324,,H1,167,00516930,,A,21167,+37.8120851,-084.8796945,06,,G4020,Mercer,Mercer County,21,24369.749019607843,"{""type"":""MultiPoint"",""coordinates"":[]}"
00000000000000000136,595898801,10017651,,H1,079,00516886,,A,21079,+37.6301619,-084.5458557,06,,G4020,Garrard,Garrard County,21,3513.7607843137257,"{""type"":""MultiPoint"",""coordinates"":[]}"
00000000000000000138,1150557995,3892620,,H1,045,00516869,,A,21045,+37.3219623,-084.9282195,06,,G4020,Casey,Casey County,21,28615.435294117644,"{""type"":""MultiPoint"",""coordinates"":[]}"
0000000000000000013c,655468668,6557897,,H1,065,00516879,,A,21065,+37.6924493,-083.9639825,06,,G4020,Estill,Estill County,21,2894.0,"{""type"":""MultiPoint"",""coordinates"":[]}"
0000000000000000013d,463555578,2957593,,H1,197,00516945,,A,21197,+37.8006287,-083.8200155,06,,G4020,Powell,Powell County,21,2182.0588235294117,"{""type"":""MultiPoint"",""coordinates"":[]}"
0000000000000000013e,894055728,3407438,,H1,109,00516901,,A,21109,+37.4034585,-084.0205757,06,,G4020,Jackson,Jackson County,21,291.70980392156866,"{""type"":""MultiPoint"",""coordinates"":[]}"
0000000000000000013f,1215344365,4763609,,H1,051,00516872,,A,21051,+37.1573172,-083.7184326,06,,G4020,Clay,Clay County,21,521.4196078431373,"{""type"":""MultiPoint"",""coordinates"":[]}"
00000000000000000140,511282948,2285945,,H1,189,00516941,,A,21189,+37.4236144,-083.6916281,06,,G4020,Owsley,Owsley County,21,62.372549019607845,"{""type"":""MultiPoint"",""coordinates"":[]}"
00000000000000000141,540937712,6215038,,H1,129,00516911,,A,21129,+37.6081160,-083.7192475,06,,G4020,Lee,Lee County,21,46.0,"{""type"":""MultiPoint"",""coordinates"":[]}"
00000000000000000142,575419340,1505210,,H1,237,00516965,,A,21237,+37.7437739,-083.4950678,06,,G4020,Wolfe,Wolfe County,21,56.141176470588235,"{""type"":""MultiPoint"",""coordinates"":[]}"
00000000000000000145,724726297,16698632,,H1,205,00516949,,A,21205,+38.2042499,-083.4280697,06,,G4020,Rowan,Rowan County,21,3421.949019607843,"{""type"":""MultiPoint"",""coordinates"":[]}"
00000000000000000147,505485470,4305022,,H1,181,00516937,,A,21181,+38.3371317,-084.0255542,06,,G4020,Nicholas,Nicholas County,21,2321.541176470588,"{""type"":""MultiPoint"",""coordinates"":[]}"
00000000000000000148,1060590187,6800548,,H1,043,00516868,,A,21043,+38.3095486,-083.0487958,06,,G4020,Carter,Carter County,21,1805.149019607843,"{""type"":""MultiPoint"",""coordinates"":[]}"
00000000000000000149,606876137,2608208,,H1,063,00516878,,A,21063,+38.1154380,-083.0972089,06,,G4020,Elliott,Elliott County,21,335.8509803921569,"{""type"":""MultiPoint"",""coordinates"":[]}"
0000000000000000014b,1076386125,11584860,,H1,127,00516910,,A,21127,+38.0744569,-082.7383015,06,,G4020,Lawrence,Lawrence County,21,108.0,"{""type"":""MultiPoint"",""coordinates"":[]}"
0000000000000000014c,987115107,6889992,,H1,175,00516934,,A,21175,+37.9229402,-083.2589444,06,,G4020,Morgan,Morgan County,21,411.52156862745096,"{""type"":""MultiPoint"",""coordinates"":[]}"
0000000000000000014d,678468095,5639297,,H1,115,00516904,,A,21115,+37.8492599,-082.8306393,06,,G4020,Johnson,Johnson County,21,11.0,"{""type"":""MultiPoint"",""coordinates"":[]}"
0000000000000000014e,798866620,1847051,,H1,153,00516920,,A,21153,+37.6989535,-083.0697158,06,,G4020,Magoffin,Magoffin County,21,13.0,"{""type"":""MultiPoint"",""coordinates"":[]}"
0000000000000000014f,1275346138,7390878,,H1,025,00516859,,A,21025,+37.5066320,-083.2830396,06,,G4020,Breathitt,Breathitt County,21,90.0,"{""type"":""MultiPoint"",""coordinates"":[]}"
00000000000000000150,879750125,7603771,,H1,193,00516943,,A,21193,+37.2412822,-083.2177723,06,,G4020,Perry,Perry County,21,187.0,"{""type"":""MultiPoint"",""coordinates"":[]}"
00000000000000000151,1038181754,9331182,,H1,131,00516912,,A,21131,+37.0878462,-083.3886172,06,,G4020,Leslie,Leslie County,21,54.0,"{""type"":""MultiPoint"",""coordinates"":[]}"
00000000000000000152,910427521,3453309,,H1,119,00516906,,A,21119,+37.3597236,-082.9457242,06,,G4020,Knott,Knott County,21,9.0,"{""type"":""MultiPoint"",""coordinates"":[]}"
00000000000000000153,875193084,2898572,,H1,133,00516913,,A,21133,+37.1185357,-082.8612507,06,,G4020,Letcher,Letcher County,21,0.0,"{""type"":""MultiPoint"",""coordinates"":[]}"
00000000000000000154,1018763006,6108909,,H1,071,00516882,,A,21071,+37.5598780,-082.7433611,06,,G4020,Floyd,Floyd County,21,0.0,"{""type"":""MultiPoint"",""coordinates"":[]}"
00000000000000000155,594701951,2564962,,H1,159,00516923,,A,21159,+37.7967740,-082.5066231,06,,G4020,Martin,Martin County,21,5.0,"{""type"":""MultiPoint"",""coordinates"":[]}"
00000000000000000156,2037853572,4756854,,H1,195,00516944,,A,21195,+37.4860314,-082.4109127,06,,G4020,Pike,Pike County,21,9.0,"{""type"":""MultiPoint"",""coordinates"":[]}"
00000000000000000712,627487975,27882017,,H1,105,00516899,,A,21105,+36.6758960,-088.9720844,06,,G4020,Hickman,Hickman County,21,219999.2823529412,"{""type"":""MultiPoint"",""coordinates"":[]}"
00000000000000000714,490632724,24722530,,H1,039,00516866,,A,21039,+36.8577260,-088.9757570,06,,G4020,Carlisle,Carlisle County,21,138107.5568627451,"{""type"":""MultiPoint"",""coordinates"":[]}"
00000000000000000717,780275897,100762021,,H1,157,00516922,,A,21157,+36.8820170,-088.3327524,06,,G4020,Marshall,Marshall County,21,66092.62352941177,"{""type"":""MultiPoint"",""coordinates"":[]}"
00000000000000000719,553844796,110561084,,H1,143,00516918,,A,21143,+37.0239759,-088.0833909,06,,G4020,Lyon,Lyon County,21,36811.34509803921,"{""type"":""MultiPoint"",""coordinates"":[]}"
00000000000000000a38,1206487447,6016646,,H1,095,00516894,,A,21095,+36.8592233,-083.2214968,06,,G4020,Harlan,Harlan County,21,49.08235294117647,"{""type"":""MultiPoint"",""coordinates"":[]}"
00000000000000000a49,1105416732,10730756,,H1,147,00516926,,A,21147,+36.7311363,-084.4910515,06,,G4020,McCreary,McCreary County,21,155.0,"{""type"":""MultiPoint"",""coordinates"":[]}"
00000000000000000a4b,1186687833,67286710,,H1,231,00516962,,A,21231,+36.8020113,-084.8304404,06,,G4020,Wayne,Wayne County,21,29956.04705882353,"{""type"":""MultiPoint"",""coordinates"":[]}"
00000000000000000a4c,656969513,75674970,,H1,207,00516950,,A,21207,+36.9906049,-085.0548741,06,,G4020,Russell,Russell County,21,16051.5568627451,"{""type"":""MultiPoint"",""coordinates"":[]}"
00000000000000000a96,1430014646,12688607,,H1,141,00516917,,A,21141,+36.8598288,-086.8814363,06,,G4020,Logan,Logan County,21,324519.2039215686,"{""type"":""MultiPoint"",""coordinates"":[]}"
00000000000000000a97,969942076,6629425,,H1,219,00516956,,A,21219,+36.8403384,-087.1836416,06,,G4020,Todd,Todd County,21,291896.19215686276,"{""type"":""MultiPoint"",""coordinates"":[]}"
00000000000000000a9c,1521032970,23187647,,H1,183,00516938,,A,21183,+37.4778588,-086.8448710,06,,G4020,Ohio,Ohio County,21,158093.32941176466,"{""type"":""MultiPoint"",""coordinates"":[]}"
00000000000000000a9e,606584091,5857356,,H1,213,00516953,,A,21213,+36.7409472,-086.5817465,06,,G4020,Simpson,Simpson County,21,206682.28235294094,"{""type"":""MultiPoint"",""coordinates"":[]}"
00000000000000000aa2,1068314377,13912256,,H1,099,00516896,,A,21099,+37.3164351,-085.8790995,06,,G4020,Hart,Hart County,21,24630.37254901961,"{""type"":""MultiPoint"",""coordinates"":[]}"
00000000000000000aa4,740837706,7123457,,H1,087,00516890,,A,21087,+37.2696366,-085.5614029,06,,G4020,Green,Green County,21,32289.635294117652,"{""type"":""MultiPoint"",""coordinates"":[]}"
00000000000000000aa5,853073337,6949352,,H1,171,00516932,,A,21171,+36.7140770,-085.7135080,06,,G4020,Monroe,Monroe County,21,20491.345098039215,"{""type"":""MultiPoint"",""coordinates"":[]}"
00000000000000000aac,510864294,21164151,,H1,053,00516873,,A,21053,+36.7272577,-085.1360977,06,,G4020,Clinton,Clinton County,21,7788.070588235294,"{""type"":""MultiPoint"",""coordinates"":[]}"
00000000000000000aad,790416910,14830126,,H1,057,00516875,,A,21057,+36.7842237,-085.3935066,06,,G4020,Cumberland,Cumberland County,21,11430.0,"{""type"":""MultiPoint"",""coordinates"":[]}"
00000000000000000aae,1049678094,18430783,,H1,001,00516847,,A,21001,+37.1055589,-085.2813796,06,,G4020,Adair,Adair County,21,26157.047058823537,"{""type"":""MultiPoint"",""coordinates"":[]}"
00000000000000000ab0,888390643,9967834,,H1,155,00516921,,A,21155,+37.5526040,-085.2689592,06,,G4020,Marion,Marion County,21,57607.94901960784,"{""type"":""MultiPoint"",""coordinates"":[]}"
00000000000000000ab1,769931069,10176683,,H1,229,00516961,,A,21229,+37.7542085,-085.1754162,06,,G4020,Washington,Washington County,21,19367.415686274508,"{""type"":""MultiPoint"",""coordinates"":[]}"
00000000000000000ab6,1291451120,32112260,,H1,085,00516889,,A,21085,+37.4585771,-086.3440113,06,,G4020,Grayson,Grayson County,21,43404.9294117647,"{""type"":""MultiPoint"",""coordinates"":[]}"
00000000000000000ab7,1469049378,47702032,,H1,027,00516860,,A,21027,+37.7779880,-086.4329188,06,,G4020,Breckinridge,Breckinridge County,21,83994.70196078431,"{""type"":""MultiPoint"",""coordinates"":[]}"
00000000000000000aeb,859730022,9613041,,H1,233,00516963,,A,21233,+37.5194601,-087.6847904,06,,G4020,Webster,Webster County,21,183951.22352941183,"{""type"":""MultiPoint"",""coordinates"":[]}"
00000000000000000aec,893006769,8700648,,H1,033,00516863,,A,21033,+37.1486421,-087.8705095,06,,G4020,Caldwell,Caldwell County,21,139700.4549019608,"{""type"":""MultiPoint"",""coordinates"":[]}"
00000000000000000aed,932275444,28974077,,H1,055,00516874,,A,21055,+37.3581494,-088.1050103,06,,G4020,Crittenden,Crittenden County,21,103785.70980392156,"{""type"":""MultiPoint"",""coordinates"":[]}"
00000000000000000aee,887974689,53167465,,H1,225,00516959,,A,21225,+37.6580293,-087.9516496,06,,G4020,Union,Union County,21,279825.96470588236,"{""type"":""MultiPoint"",""coordinates"":[]}"
00000000000000000022,1474195902,28714912,,H1,049,00558592,,A,22049,+32.3042901,-092.5616997,15,,G4020,Jackson,Jackson Parish,22,14.0,"{""type"":""MultiPoint"",""coordinates"":[]}"
00000000000000000024,1448537069,13551678,,H1,083,00559481,,A,22083,+32.4131580,-091.7483534,15,,G4020,Richland,Richland Parish,22,271133.83529411757,"{""type"":""MultiPoint"",""coordinates"":[]}"
00000000000000000025,931478638,2386193,,H1,123,00559578,,A,22123,+32.7924797,-091.4519982,15,,G4020,West Carroll,West Carroll Parish,22,179288.3333333333,"{""type"":""MultiPoint"",""coordinates"":[]}"
00000000000000000026,1617667694,28107882,,H1,041,00558557,,A,22041,+32.1390764,-091.6723711,15,,G4020,Franklin,Franklin Parish,22,232400.3215686275,"{""type"":""MultiPoint"",""coordinates"":[]}"
00000000000000000027,1371203830,29277303,,H1,021,00558477,,A,22021,+32.1012195,-092.1142311,15,,G4020,Caldwell,Caldwell Parish,22,33492.145098039255,"{""type"":""MultiPoint"",""coordinates"":[]}"
00000000000000000028,2460711982,17448075,,H1,127,00559594,,A,22127,+31.9411871,-092.6412694,15,,G4020,Winn,Winn Parish,22,155.28627450980392,"{""type"":""MultiPoint"",""coordinates"":[]}"
00000000000000000029,2101207370,27945994,,H1,013,00558445,,A,22013,+32.3409517,-093.0411511,15,,G4020,Bienville,Bienville Parish,22,3279.0,"{""type"":""MultiPoint"",""coordinates"":[]}"
0000000000000000002b,1007739206,34327512,,H1,081,00559472,,A,22081,+32.1012125,-093.3490504,15,,G4020,Red River,Red River Parish,22,13426.803921568628,"{""type"":""MultiPoint"",""coordinates"":[]}"
0000000000000000002d,2244636627,375317817,,H1,085,00559489,,A,22085,+31.5604024,-093.5595793,15,,G4020,Sabine,Sabine Parish,22,49.0,"{""type"":""MultiPoint"",""coordinates"":[]}"
00000000000000000031,1955125391,32473222,,H1,027,00558505,,A,22027,+32.8270432,-092.9897672,15,,G4020,Claiborne,Claiborne Parish,22,121.54901960784315,"{""type"":""MultiPoint"",""coordinates"":[]}"
00000000000000000065,1973083800,10634064,,H1,003,00558397,,A,22003,+30.6527435,-092.8196052,15,,G4020,Allen,Allen Parish,22,4383.458823529411,"{""type"":""MultiPoint"",""coordinates"":[]}"
000000000000000006ca,877133400,66996288,,H1,007,00558414,,A,22007,+29.8988529,-091.0524649,15,,G4020,Assumption,Assumption Parish,22,35389.576470588225,"{""type"":""MultiPoint"",""coordinates"":[]}"
000000000000000006d8,2155855604,86365500,,H1,009,00558424,,A,22009,+31.0885030,-091.9832748,15,,G4020,Avoyelles,Avoyelles Parish,22,114481.9137254902,"{""type"":""MultiPoint"",""coordinates"":[]}"
000000000000000006d9,1715552082,44665790,,H1,039,00558551,,A,22039,+30.7206932,-092.4040858,15,,G4020,Evangeline,Evangeline Parish,22,76954.63529411764,"{""type"":""MultiPoint"",""coordinates"":[]}"
000000000000000006da,1833782911,81308667,,H1,025,00558495,,A,22025,+31.6665170,-091.8467030,15,,G4020,Catahoula,Catahoula Parish,22,134625.49411764706,"{""type"":""MultiPoint"",""coordinates"":[]}"
000000000000000006dc,1617924843,97664776,,H1,059,00558049,,A,22059,+31.6800826,-092.1615956,15,,G4020,LaSalle,LaSalle Parish,22,2755.9490196078427,"{""type"":""MultiPoint"",""coordinates"":[]}"
000000000000000006f2,1561204507,99471076,,H1,107,00559509,,A,22107,+32.0014894,-091.3425760,15,,G4020,Tensas,Tensas Parish,22,223114.37647058823,"{""type"":""MultiPoint"",""coordinates"":[]}"
000000000000000006f4,1617282478,68539547,,H1,065,00558088,,A,22065,+32.3413753,-091.2420231,15,,G4020,Madison,Madison Parish,22,256775.91372549022,"{""type"":""MultiPoint"",""coordinates"":[]}"
000000000000000006f8,1089619193,56273972,,H1,035,00558534,,A,22035,+32.7301699,-091.2341409,15,,G4020,East Carroll,East Carroll Parish,22,240267.90588235293,"{""type"":""MultiPoint"",""coordinates"":[]}"
0000000000000000036f,17278038268,405253178,,H1,003,00581287,,A,23003,+46.7270816,-068.6494264,06,,G4020,Aroostook,Aroostook County,23,2441.0,"{""type"":""MultiPoint"",""coordinates"":[]}"
00000000000000000370,6637326623,1800003685,,H1,029,00581300,,A,23029,+44.9670088,-067.6093542,06,,G4020,Washington,Washington County,23,0.0,"{""type"":""MultiPoint"",""coordinates"":[]}"
00000000000000000372,4110284947,1963056832,,H1,009,00581290,,A,23009,+44.5649063,-068.3707034,06,,G4020,Hancock,Hancock County,23,0.0,"{""type"":""MultiPoint"",""coordinates"":[]}"
00000000000000000373,945693972,2017106979,,H1,013,00581292,,A,23013,+44.0420446,-069.0385145,06,,G4020,Knox,Knox County,23,0.0,"{""type"":""MultiPoint"",""coordinates"":[]}"
00000000000000000374,1180626214,631362207,,H1,015,00581293,,A,23015,+43.9942631,-069.5140377,06,,G4020,Lincoln,Lincoln County,23,0.0,"{""type"":""MultiPoint"",""coordinates"":[]}"
00000000000000000378,1890504131,318127014,,H1,027,00581299,,A,23027,+44.5058342,-069.1389521,06,,G4020,Waldo,Waldo County,23,0.0,"{""type"":""MultiPoint"",""coordinates"":[]}"
0000000000000000037a,10164092046,437895944,,H1,025,00581298,,A,23025,+45.5074824,-069.9760395,06,,G4020,Somerset,Somerset County,23,0.0,"{""type"":""MultiPoint"",""coordinates"":[]}"
0000000000000000037b,10258683458,1080382095,,H1,021,00581296,,A,23021,+45.9176853,-069.1045359,06,,G4020,Piscataquis,Piscataquis County,23,0.0,"{""type"":""MultiPoint"",""coordinates"":[]}"
0000000000000000037c,4395190336,121369620,,H1,007,00581289,,A,23007,+44.9730121,-070.4447274,06,,G4020,Franklin,Franklin County,23,46.0,"{""type"":""MultiPoint"",""coordinates"":[]}"
0000000000000000037d,5379068422,256039475,,H1,017,00581294,,A,23017,+44.4945000,-070.7344207,06,,G4020,Oxford,Oxford County,23,0.0,"{""type"":""MultiPoint"",""coordinates"":[]}"
000000000000000000d0,1676036320,22315761,,H1,023,01711058,,A,24023,+39.5472985,-079.2746192,06,,G4020,Garrett,Garrett County,24,9669.513725490197,"{""type"":""MultiPoint"",""coordinates"":[]}"
0000000000000000033c,2112559448,119204427,,H1,123,01623004,,A,26123,+43.5627086,-085.7914227,06,,G4020,Newaygo,Newaygo County,26,51201.560784313726,"{""type"":""MultiPoint"",""coordinates"":[]}"
0000000000000000033f,1326431592,2055963785,,H1,127,01623006,,A,26127,+43.6472546,-086.8075751,06,,G4020,Oceana,Oceana County,26,29643.694117647057,"{""type"":""MultiPoint"",""coordinates"":[]}"
00000000000000000341,1404203525,1912441687,,H1,101,01622993,,A,26101,+44.3503854,-086.6029672,06,,G4020,Manistee,Manistee County,26,962.0,"{""type"":""MultiPoint"",""coordinates"":[]}"
00000000000000000344,1469857281,17521848,,H1,085,01622985,,A,26085,+43.9951867,-085.8113997,06,,G4020,Lake,Lake County,26,2309.7411764705885,"{""type"":""MultiPoint"",""coordinates"":[]}"
00000000000000000345,1467044588,17266828,,H1,133,01623009,,A,26133,+43.9975523,-085.3222825,06,,G4020,Osceola,Osceola County,26,8057.0,"{""type"":""MultiPoint"",""coordinates"":[]}"
00000000000000000347,1461621715,28500716,,H1,035,01622960,,A,26035,+43.9911368,-084.8383253,06,,G4020,Clare,Clare County,26,18006.4,"{""type"":""MultiPoint"",""coordinates"":[]}"
00000000000000000349,1440763922,18025856,,H1,039,01622962,,A,26039,+44.6802083,-084.6111321,06,,G4020,Crawford,Crawford County,26,24.0,"{""type"":""MultiPoint"",""coordinates"":[]}"
0000000000000000034a,1345852870,156421369,,H1,143,01623014,,A,26143,+44.3395168,-084.6112715,06,,G4020,Roscommon,Roscommon County,26,255.0,"{""type"":""MultiPoint"",""coordinates"":[]}"
0000000000000000034b,1459438802,29680532,,H1,129,01623007,,A,26129,+44.3332801,-084.1280728,06,,G4020,Ogemaw,Ogemaw County,26,21355.17254901961,"{""type"":""MultiPoint"",""coordinates"":[]}"
0000000000000000034c,1422205035,3473020950,,H1,069,01622977,,A,26069,+44.3294820,-082.8494466,06,,G4020,Iosco,Iosco County,26,25874.18431372549,"{""type"":""MultiPoint"",""coordinates"":[]}"
0000000000000000034d,1299615518,36636103,,H1,051,01622968,,A,26051,+43.9897504,-084.3898162,06,,G4020,Gladwin,Gladwin County,26,41938.46666666667,"{""type"":""MultiPoint"",""coordinates"":[]}"
0000000000000000034e,940660641,822319329,,H1,011,01622948,,A,26011,+44.0368327,-083.7406755,06,,G4020,Arenac,Arenac County,26,98294.20000000003,"{""type"":""MultiPoint"",""coordinates"":[]}"
00000000000000000350,2165436311,3368857517,,H1,063,01622974,,A,26063,+43.9076160,-082.8570449,06,,G4020,Huron,Huron County,26,301838.50588235294,"{""type"":""MultiPoint"",""coordinates"":[]}"
00000000000000000351,2080717684,286300240,,H1,157,01623019,,A,26157,+43.4879024,-083.4366179,06,,G4020,Tuscola,Tuscola County,26,377391.8745098039,"{""type"":""MultiPoint"",""coordinates"":[]}"
0000000000000000035e,2493045863,1624882489,,H1,151,01623016,,A,26151,+43.4491547,-082.6428148,06,,G4020,Sanilac,Sanilac County,26,594784.3137254901,"{""type"":""MultiPoint"",""coordinates"":[]}"
0000000000000000039b,1706067766,4957327257,,H1,141,01623013,,A,26141,+45.4895147,-083.3840186,06,,G4020,Presque Isle,Presque Isle County,26,30376.666666666668,"{""type"":""MultiPoint"",""coordinates"":[]}"
0000000000000000039d,1747141585,2890419325,,H1,001,01622943,,A,26001,+44.6825347,-082.8340798,06,,G4020,Alcona,Alcona County,26,12495.258823529412,"{""type"":""MultiPoint"",""coordinates"":[]}"
0000000000000000039f,1465256288,15133747,,H1,135,01623010,,A,26135,+44.6872574,-084.1269054,06,,G4020,Oscoda,Oscoda County,26,1034.0,"{""type"":""MultiPoint"",""coordinates"":[]}"
000000000000000003a0,1415851589,41410946,,H1,119,01623002,,A,26119,+45.0241337,-084.1301067,06,,G4020,Montmorency,Montmorency County,26,10414.207843137254,"{""type"":""MultiPoint"",""coordinates"":[]}"
000000000000000003a1,1852528263,440607039,,H1,031,01622958,,A,26031,+45.4761203,-084.4952706,06,,G4020,Cheboygan,Cheboygan County,26,1482.0,"{""type"":""MultiPoint"",""coordinates"":[]}"
000000000000000003a2,1333825812,28997739,,H1,137,01623011,,A,26137,+45.0217871,-084.5766031,06,,G4020,Otsego,Otsego County,26,3949.0039215686274,"{""type"":""MultiPoint"",""coordinates"":[]}"
000000000000000003a3,1232064099,326512927,,H1,009,01622947,,A,26009,+45.0054553,-085.1756390,06,,G4020,Antrim,Antrim County,26,3993.1019607843136,"{""type"":""MultiPoint"",""coordinates"":[]}"
000000000000000003a4,1078324745,2522960018,,H1,029,01622957,,A,26029,+45.5131638,-085.4503920,06,,G4020,Charlevoix,Charlevoix County,26,984.8901960784314,"{""type"":""MultiPoint"",""coordinates"":[]}"
000000000000000003a5,1210886743,1073475707,,H1,047,01622966,,A,26047,+45.5900944,-084.9868217,06,,G4020,Emmet,Emmet County,26,386.0,"{""type"":""MultiPoint"",""coordinates"":[]}"
000000000000000003a6,2646811928,2793797829,,H1,097,01622991,,A,26097,+46.1678678,-085.3037625,06,,G4020,Mackinac,Mackinac County,26,51.0,"{""type"":""MultiPoint"",""coordinates"":[]}"
000000000000000003a7,2370036407,10703535571,,H1,003,01622944,,A,26003,+47.0800765,-086.5641076,06,,G4020,Alger,Alger County,26,0.0,"{""type"":""MultiPoint"",""coordinates"":[]}"
000000000000000003a9,2328606181,2624713509,,H1,095,01622990,,A,26095,+46.9406018,-085.5823683,06,,G4020,Luce,Luce County,26,0.0,"{""type"":""MultiPoint"",""coordinates"":[]}"
000000000000000003aa,3033820559,1845664244,,H1,153,01623017,,A,26153,+46.0211217,-086.1970290,06,,G4020,Schoolcraft,Schoolcraft County,26,562.0,"{""type"":""MultiPoint"",""coordinates"":[]}"
000000000000000003b2,2326506042,441604306,,H1,013,01622949,,A,26013,+46.6958592,-088.3618101,06,,G4020,Baraga,Baraga County,26,20.0,"{""type"":""MultiPoint"",""coordinates"":[]}"
000000000000000003b4,3020278450,116739058,,H1,071,01622978,,A,26071,+46.1702542,-088.5405261,06,,G4020,Iron,Iron County,26,1920.0,"{""type"":""MultiPoint"",""coordinates"":[]}"
000000000000000003bc,2853813312,969951123,,H1,053,01622969,,A,26053,+46.4880535,-089.7883140,06,,G4020,Gogebic,Gogebic County,26,2.0,"{""type"":""MultiPoint"",""coordinates"":[]}"
000000000000000003c2,3396305812,6292488315,,H1,131,01623008,,A,26131,+47.2166041,-089.5004614,06,,G4020,Ontonagon,Ontonagon County,26,4.0,"{""type"":""MultiPoint"",""coordinates"":[]}"
00000000000000000292,1845302381,24421578,,H1,043,00659467,,A,27043,+43.6765219,-093.9472338,06,,G4020,Faribault,Faribault County,27,1021083.5215686274,"{""type"":""MultiPoint"",""coordinates"":[]}"
0000000000000000029b,1096501873,24893868,,H1,161,00659525,,A,27161,+44.0184598,-093.5898443,06,,G4020,Waseca,Waseca County,27,560390.4235294119,"{""type"":""MultiPoint"",""coordinates"":[]}"
0000000000000000029f,1126526383,12370135,,H1,165,00659527,,A,27165,+43.9780961,-094.6138420,06,,G4020,Watonwan,Watonwan County,27,632530.6588235294,"{""type"":""MultiPoint"",""coordinates"":[]}"
000000000000000003c4,3761621396,4887941605,,H1,031,00659461,,A,27031,+47.5385691,-090.2901899,06,,G4020,Cook,Cook County,27,0.0,"{""type"":""MultiPoint"",""coordinates"":[]}"
000000000000000003cf,5463008494,2282651729,,H1,075,00659484,,A,27075,+47.5171114,-091.4117038,06,,G4020,Lake,Lake County,27,0.0,"{""type"":""MultiPoint"",""coordinates"":[]}"
000000000000000003df,3655223636,60260135,,H1,115,00659503,,A,27115,+46.1009402,-092.7630936,06,,G4020,Pine,Pine County,27,110075.41176470589,"{""type"":""MultiPoint"",""coordinates"":[]}"
000000000000000003e2,4718271057,449535882,,H1,001,00663198,,A,27001,+46.6024464,-093.4197600,06,,G4020,Aitkin,Aitkin County,27,30592.10196078431,"{""type"":""MultiPoint"",""coordinates"":[]}"
000000000000000003e6,2913947109,73293225,,H1,097,00659494,,A,27097,+46.0204839,-094.2666194,06,,G4020,Morrison,Morrison County,27,241223.80392156867,"{""type"":""MultiPoint"",""coordinates"":[]}"
000000000000000003e7,1350910808,31322739,,H1,065,00659478,,A,27065,+45.9477598,-093.2977883,06,,G4020,Kanabec,Kanabec County,27,75219.19215686276,"{""type"":""MultiPoint"",""coordinates"":[]}"
000000000000000003f4,1575108881,94852126,,H1,093,00659492,,A,27093,+45.1231555,-094.5273460,06,,G4020,Meeker,Meeker County,27,613468.6392156862,"{""type"":""MultiPoint"",""coordinates"":[]}"
000000000000000003f6,2545744679,10851893,,H1,129,00659510,,A,27129,+44.7236969,-094.9556169,06,,G4020,Renville,Renville County,27,1277575.1803921568,"{""type"":""MultiPoint"",""coordinates"":[]}"
000000000000000003f7,1734134613,123231111,,H1,121,00659506,,A,27121,+45.5896228,-095.4467052,06,,G4020,Pope,Pope County,27,520895.2431372552,"{""type"":""MultiPoint"",""coordinates"":[]}"
000000000000000003f9,2447485305,89409545,,H1,153,00659521,,A,27153,+46.0665694,-094.9005758,06,,G4020,Todd,Todd County,27,321183.99215686275,"{""type"":""MultiPoint"",""coordinates"":[]}"
000000000000000003fb,1388921382,18038938,,H1,159,00659524,,A,27159,+46.5869861,-094.9886078,06,,G4020,Wadena,Wadena County,27,77122.24705882353,"{""type"":""MultiPoint"",""coordinates"":[]}"
000000000000000003fc,2398071642,190598917,,H1,057,00659474,,A,27057,+47.0955506,-094.9132898,06,,G4020,Hubbard,Hubbard County,27,26249.905882352934,"{""type"":""MultiPoint"",""coordinates"":[]}"
000000000000000003fd,3406158356,336848661,,H1,005,00659448,,A,27005,+46.9376289,-095.7417568,06,,G4020,Becker,Becker County,27,482036.4509803921,"{""type"":""MultiPoint"",""coordinates"":[]}"
000000000000000003fe,2587409022,79744538,,H1,029,00659460,,A,27029,+47.5758729,-095.3711170,06,,G4020,Clearwater,Clearwater County,27,118102.71764705882,"{""type"":""MultiPoint"",""coordinates"":[]}"
00000000000000000401,1596928761,4332058,,H1,113,00659502,,A,27113,+48.0692470,-096.0377254,06,,G4020,Pennington,Pennington County,27,748059.5019607843,"{""type"":""MultiPoint"",""coordinates"":[]}"
00000000000000000402,4597384439,98019675,,H1,089,00659489,,A,27089,+48.3627284,-096.3577610,06,,G4020,Marshall,Marshall County,27,1675490.1921568627,"{""type"":""MultiPoint"",""coordinates"":[]}"
00000000000000000403,4329460632,16924718,,H1,135,00659513,,A,27135,+48.7610683,-095.8215042,06,,G4020,Roseau,Roseau County,27,934998.0862745098,"{""type"":""MultiPoint"",""coordinates"":[]}"
00000000000000000404,3361462398,1234896316,,H1,077,00659483,,A,27077,+48.7681003,-094.9046335,06,,G4020,Lake of the Woods,Lake of the Woods County,27,142385.10980392157,"{""type"":""MultiPoint"",""coordinates"":[]}"
00000000000000000405,8039819285,129002453,,H1,071,00659481,,A,27071,+48.2454895,-093.7828417,06,,G4020,Koochiching,Koochiching County,27,18866.231372549017,"{""type"":""MultiPoint"",""coordinates"":[]}"
00000000000000000406,2845894847,12411746,,H1,069,00659480,,A,27069,+48.7760403,-096.7803493,06,,G4020,Kittson,Kittson County,27,922958.2980392157,"{""type"":""MultiPoint"",""coordinates"":[]}"
00000000000000000417,2260512388,10208057,,H1,107,00659499,,A,27107,+47.3294703,-096.4638068,06,,G4020,Norman,Norman County,27,1083985.2941176472,"{""type"":""MultiPoint"",""coordinates"":[]}"
00000000000000000418,1119929328,227815,,H1,125,00659508,,A,27125,+47.8654866,-096.0871800,06,,G4020,Red Lake,Red Lake County,27,569494.2705882353,"{""type"":""MultiPoint"",""coordinates"":[]}"
00000000000000000419,1444886579,64851262,,H1,087,00659488,,A,27087,+47.3283866,-095.8110885,06,,G4020,Mahnomen,Mahnomen County,27,425837.0705882348,"{""type"":""MultiPoint"",""coordinates"":[]}"
0000000000000000041d,1486320974,31025234,,H1,155,00659522,,A,27155,+45.7699352,-096.4748315,06,,G4020,Traverse,Traverse County,27,808796.1647058822,"{""type"":""MultiPoint"",""coordinates"":[]}"
0000000000000000041e,1418786605,71704359,,H1,051,00659471,,A,27051,+45.9307426,-096.0106987,06,,G4020,Grant,Grant County,27,653723.9725490196,"{""type"":""MultiPoint"",""coordinates"":[]}"
0000000000000000041f,1459747664,30319494,,H1,149,00659519,,A,27149,+45.5934609,-095.9923146,06,,G4020,Stevens,Stevens County,27,660878.5098039214,"{""type"":""MultiPoint"",""coordinates"":[]}"
00000000000000000420,1921870988,26208985,,H1,151,00659520,,A,27151,+45.2758101,-095.6901243,06,,G4020,Swift,Swift County,27,811505.9882352944,"{""type"":""MultiPoint"",""coordinates"":[]}"
00000000000000000421,1505064444,17233195,,H1,023,00659457,,A,27023,+45.0286254,-095.5641082,06,,G4020,Chippewa,Chippewa County,27,676932.8470588236,"{""type"":""MultiPoint"",""coordinates"":[]}"
00000000000000000422,1966062970,10687958,,H1,173,00659531,,A,27173,+44.7157358,-095.8627560,06,,G4020,Yellow Medicine,Yellow Medicine County,27,1018971.4627450984,"{""type"":""MultiPoint"",""coordinates"":[]}"
00000000000000000423,1981394519,33643131,,H1,073,00659482,,A,27073,+44.9998572,-096.1768376,06,,G4020,Lac qui Parle,Lac qui Parle County,27,982967.5843137255,"{""type"":""MultiPoint"",""coordinates"":[]}"
00000000000000000424,1292477790,75340289,,H1,011,00659451,,A,27011,+45.4199252,-096.4022263,06,,G4020,Big Stone,Big Stone County,27,607414.4627450982,"{""type"":""MultiPoint"",""coordinates"":[]}"
000000000000000008c7,1249560777,698231,,H1,133,00659512,,A,27133,+43.6695866,-096.2632376,06,,G4020,Rock,Rock County,27,621241.1686274509,"{""type"":""MultiPoint"",""coordinates"":[]}"
000000000000000008c8,1204488112,2348855,,H1,117,00659504,,A,27117,+44.0153614,-096.2570147,06,,G4020,Pipestone,Pipestone County,27,530543.654901961,"{""type"":""MultiPoint"",""coordinates"":[]}"
000000000000000008c9,1390177657,30255244,,H1,081,00659486,,A,27081,+44.4082382,-096.2720323,06,,G4020,Lincoln,Lincoln County,27,600144.9529411765,"{""type"":""MultiPoint"",""coordinates"":[]}"
000000000000000008cb,2275500538,8220927,,H1,127,00659509,,A,27127,+44.4035357,-095.2542415,06,,G4020,Redwood,Redwood County,27,1290489.325490195,"{""type"":""MultiPoint"",""coordinates"":[]}"
000000000000000008cc,1825163785,38338284,,H1,101,00659496,,A,27101,+44.0155943,-095.7615809,06,,G4020,Murray,Murray County,27,974290.725490196,"{""type"":""MultiPoint"",""coordinates"":[]}"
000000000000000008cd,1657446636,22318291,,H1,033,00659462,,A,27033,+44.0107107,-095.1831303,06,,G4020,Cottonwood,Cottonwood County,27,913006.7529411765,"{""type"":""MultiPoint"",""coordinates"":[]}"
000000000000000008cf,1820689802,42120047,,H1,063,00659477,,A,27063,+43.6711110,-095.1497314,06,,G4020,Jackson,Jackson County,27,1024483.333333333,"{""type"":""MultiPoint"",""coordinates"":[]}"
00000000000000000000,1083947281,32942668,,H1,053,00695750,,A,28053,+33.1309962,-090.5234209,06,,G4020,Humphreys,Humphreys County,28,132875.80784313727,"{""type"":""MultiPoint"",""coordinates"":[]}"
00000000000000000001,1959776825,20568825,,H1,051,00695749,,A,28051,+33.1259415,-090.0911968,06,,G4020,Holmes,Holmes County,28,114921.73725490198,"{""type"":""MultiPoint"",""coordinates"":[]}"
00000000000000000006,1671109452,17929624,,H1,135,00695788,,A,28135,+33.9545268,-090.1722451,06,,G4020,Tallahatchie,Tallahatchie County,28,195996.40784313728,"{""type"":""MultiPoint"",""coordinates"":[]}"
00000000000000000008,1048975542,3676001,,H1,119,00695780,,A,28119,+34.2528327,-090.2901707,06,,G4020,Quitman,Quitman County,28,145396.28235294114,"{""type"":""MultiPoint"",""coordinates"":[]}"
00000000000000000009,1774512457,51769784,,H1,107,00695776,,A,28107,+34.3652052,-089.9630654,06,,G4020,Panola,Panola County,28,81109.70980392156,"{""type"":""MultiPoint"",""coordinates"":[]}"
000000000000000006e0,1756287150,25019144,,H1,157,00695799,,A,28157,+31.1610908,-091.3246169,06,,G4020,Wilkinson,Wilkinson County,28,729.8745098039215,"{""type"":""MultiPoint"",""coordinates"":[]}"
000000000000000006e1,1460007811,7901776,,H1,037,00695743,,A,28037,+31.4777763,-090.8958113,06,,G4020,Franklin,Franklin County,28,3206.6156862745097,"{""type"":""MultiPoint"",""coordinates"":[]}"
000000000000000006e2,1346620561,18988092,,H1,063,00695755,,A,28063,+31.7336333,-091.0438779,06,,G4020,Jefferson,Jefferson County,28,5868.658823529412,"{""type"":""MultiPoint"",""coordinates"":[]}"
000000000000000006e9,1046169273,1236552,,H1,147,00695794,,A,28147,+31.1644920,-090.1034306,06,,G4020,Walthall,Walthall County,28,2333.2392156862743,"{""type"":""MultiPoint"",""coordinates"":[]}"
000000000000000006ea,1404769593,16149942,,H1,091,00695769,,A,28091,+31.2301672,-089.8217120,06,,G4020,Marion,Marion County,28,1341.756862745098,"{""type"":""MultiPoint"",""coordinates"":[]}"
000000000000000006ec,1115424613,13213419,,H1,077,00695762,,A,28077,+31.5500087,-090.1075299,06,,G4020,Lawrence,Lawrence County,28,1492.0,"{""type"":""MultiPoint"",""coordinates"":[]}"
000000000000000006f6,1118149660,8806465,,H1,125,00695783,,A,28125,+32.8923946,-090.8276129,06,,G4020,Sharkey,Sharkey County,28,91410.81176470588,"{""type"":""MultiPoint"",""coordinates"":[]}"
000000000000000006f7,1069782900,73507441,,H1,055,00695751,,A,28055,+32.7555393,-091.0035351,06,,G4020,Issaquena,Issaquena County,28,61508.600000000006,"{""type"":""MultiPoint"",""coordinates"":[]}"
00000000000000000728,1098939231,52359814,,H1,141,00695791,,A,28141,+34.7376972,-088.2360640,06,,G4020,Tishomingo,Tishomingo County,28,7674.043137254902,"{""type"":""MultiPoint"",""coordinates"":[]}"
00000000000000000729,1074778137,8353594,,H1,117,00695779,,A,28117,+34.6211043,-088.5221794,06,,G4020,Prentiss,Prentiss County,28,9160.75294117647,"{""type"":""MultiPoint"",""coordinates"":[]}"
0000000000000000072b,1185725576,5551259,,H1,139,00695790,,A,28139,+34.7636183,-088.9188185,06,,G4020,Tippah,Tippah County,28,8005.749019607844,"{""type"":""MultiPoint"",""coordinates"":[]}"
0000000000000000072d,1076399403,3387488,,H1,145,00695793,,A,28145,+34.4895325,-089.0023393,06,,G4020,Union,Union County,28,7993.4862745098035,"{""type"":""MultiPoint"",""coordinates"":[]}"
00000000000000000733,1209858143,72197127,,H1,161,00695801,,A,28161,+34.0306661,-089.7038072,06,,G4020,Yalobusha,Yalobusha County,28,11777.125490196078,"{""type"":""MultiPoint"",""coordinates"":[]}"
00000000000000000734,1519218202,3590395,,H1,013,00695731,,A,28013,+33.9366339,-089.3371142,06,,G4020,Calhoun,Calhoun County,28,43317.69803921569,"{""type"":""MultiPoint"",""coordinates"":[]}"
00000000000000000736,1299609263,6380767,,H1,017,00695733,,A,28017,+33.9216539,-088.9458075,06,,G4020,Chickasaw,Chickasaw County,28,34877.47450980393,"{""type"":""MultiPoint"",""coordinates"":[]}"
00000000000000000738,1090223315,5935288,,H1,155,00695798,,A,28155,+33.6120482,-089.2838356,06,,G4020,Webster,Webster County,28,16683.545098039223,"{""type"":""MultiPoint"",""coordinates"":[]}"
00000000000000000739,1054074717,2352280,,H1,097,00711757,,A,28097,+33.5007144,-089.6396251,06,,G4020,Montgomery,Montgomery County,28,17918.568627450986,"{""type"":""MultiPoint"",""coordinates"":[]}"
0000000000000000073a,1083088569,4331852,,H1,019,00695734,,A,28019,+33.3459638,-089.2513319,06,,G4020,Choctaw,Choctaw County,28,2158.0,"{""type"":""MultiPoint"",""coordinates"":[]}"
0000000000000000073c,1572709946,7405132,,H1,159,00695800,,A,28159,+33.0787236,-089.0373913,06,,G4020,Winston,Winston County,28,2829.9960784313726,"{""type"":""MultiPoint"",""coordinates"":[]}"
0000000000000000073d,1800451886,12487951,,H1,103,00695774,,A,28103,+33.1065082,-088.5660044,06,,G4020,Noxubee,Noxubee County,28,133229.72156862743,"{""type"":""MultiPoint"",""coordinates"":[]}"
0000000000000000073e,1903594478,4425860,,H1,007,00695728,,A,28007,+33.0904703,-089.5886221,06,,G4020,Attala,Attala County,28,7016.388235294118,"{""type"":""MultiPoint"",""coordinates"":[]}"
0000000000000000073f,1509966829,6411187,,H1,079,00695763,,A,28079,+32.7607372,-089.5222361,06,,G4020,Leake,Leake County,28,2978.0,"{""type"":""MultiPoint"",""coordinates"":[]}"
00000000000000000740,1577902077,3001522,,H1,123,00695782,,A,28123,+32.4271272,-089.5332094,06,,G4020,Scott,Scott County,28,4027.156862745098,"{""type"":""MultiPoint"",""coordinates"":[]}"
00000000000000000741,1647926085,2599432,,H1,129,00695785,,A,28129,+32.0190291,-089.4948768,06,,G4020,Smith,Smith County,28,1838.9098039215687,"{""type"":""MultiPoint"",""coordinates"":[]}"
00000000000000000742,1057871313,1791496,,H1,065,00695756,,A,28065,+31.5656058,-089.8265175,06,,G4020,Jefferson Davis,Jefferson Davis County,28,3012.7607843137257,"{""type"":""MultiPoint"",""coordinates"":[]}"
00000000000000000743,1071727825,2937796,,H1,031,00695740,,A,28031,+31.6333310,-089.5488968,06,,G4020,Covington,Covington County,28,3836.0,"{""type"":""MultiPoint"",""coordinates"":[]}"
00000000000000000746,1496636739,4525334,,H1,101,00695773,,A,28101,+32.4019702,-089.1184115,06,,G4020,Newton,Newton County,28,2472.0,"{""type"":""MultiPoint"",""coordinates"":[]}"
00000000000000000747,2099745578,7255476,,H1,153,00695797,,A,28153,+31.6425030,-088.6782140,06,,G4020,Wayne,Wayne County,28,3794.380392156863,"{""type"":""MultiPoint"",""coordinates"":[]}"
0000000000000000074b,1476641123,3830971,,H1,099,00695772,,A,28099,+32.7525180,-089.1192743,06,,G4020,Neshoba,Neshoba County,28,233.99607843137255,"{""type"":""MultiPoint"",""coordinates"":[]}"
0000000000000000075a,1981580823,18138022,,H1,095,00695771,,A,28095,+33.8900295,-088.4850379,06,,G4020,Monroe,Monroe County,28,51152.90588235294,"{""type"":""MultiPoint"",""coordinates"":[]}"
000000000000000007a4,1239817243,12838126,,H1,039,00695744,,A,28039,+30.8554305,-088.6422679,06,,G4020,George,George County,28,9595.282352941176,"{""type"":""MultiPoint"",""coordinates"":[]}"
000000000000000007a5,1846034017,15380474,,H1,041,00695745,,A,28041,+31.2128455,-088.6348108,06,,G4020,Greene,Greene County,28,777.7803921568627,"{""type"":""MultiPoint"",""coordinates"":[]}"
000000000000000007a8,1153800122,6712353,,H1,131,00695786,,A,28131,+30.7901840,-089.1122970,06,,G4020,Stone,Stone County,28,218.0,"{""type"":""MultiPoint"",""coordinates"":[]}"
000000000000000001df,1929467320,26575007,,H1,153,00758531,,A,29153,+36.6495904,-092.4585492,06,,G4020,Ozark,Ozark County,29,33.0,"{""type"":""MultiPoint"",""coordinates"":[]}"
000000000000000001e4,2107295721,2498258,,H1,067,00758488,,A,29067,+36.9465168,-092.5158918,06,,G4020,Douglas,Douglas County,29,288.0,"{""type"":""MultiPoint"",""coordinates"":[]}"
000000000000000001e5,3049104544,5071080,,H1,215,00758560,,A,29215,+37.3142565,-091.9644783,06,,G4020,Texas,Texas County,29,584.0,"{""type"":""MultiPoint"",""coordinates"":[]}"
000000000000000001e7,2599883711,464011,,H1,203,00758554,,A,29203,+37.1524984,-091.3913284,06,,G4020,Shannon,Shannon County,29,50.74509803921569,"{""type"":""MultiPoint"",""coordinates"":[]}"
000000000000000001e8,1314052192,4305247,,H1,035,00758472,,A,29035,+36.9448579,-090.9457051,06,,G4020,Carter,Carter County,29,41.0,"{""type"":""MultiPoint"",""coordinates"":[]}"
000000000000000001e9,2045561037,4528610,,H1,149,00758529,,A,29149,+36.6853104,-091.4018272,06,,G4020,Oregon,Oregon County,29,116.24705882352941,"{""type"":""MultiPoint"",""coordinates"":[]}"
00000000000000000204,1630498740,5443027,,H1,181,00758545,,A,29181,+36.6489018,-090.8670597,06,,G4020,Ripley,Ripley County,29,36575.6862745098,"{""type"":""MultiPoint"",""coordinates"":[]}"
00000000000000000205,1966257795,38558983,,H1,223,00758564,,A,29223,+37.1123189,-090.4523782,06,,G4020,Wayne,Wayne County,29,5697.066666666667,"{""type"":""MultiPoint"",""coordinates"":[]}"
00000000000000000206,2093947226,15372862,,H1,179,00758544,,A,29179,+37.3608568,-090.9695158,06,,G4020,Reynolds,Reynolds County,29,545.0,"{""type"":""MultiPoint"",""coordinates"":[]}"
00000000000000000207,1425177705,4662498,,H1,093,00758501,,A,29093,+37.6259709,-090.6995869,06,,G4020,Iron,Iron County,29,512.0,"{""type"":""MultiPoint"",""coordinates"":[]}"
00000000000000000208,2132125025,15031190,,H1,207,00758556,,A,29207,+36.8515565,-089.9474812,06,,G4020,Stoddard,Stoddard County,29,525217.7098039218,"{""type"":""MultiPoint"",""coordinates"":[]}"
0000000000000000020a,1280463339,8312953,,H1,123,00758515,,A,29123,+37.4732347,-090.3454526,06,,G4020,Madison,Madison County,29,3070.0,"{""type"":""MultiPoint"",""coordinates"":[]}"
0000000000000000020b,1228575201,25393801,,H1,157,00758533,,A,29157,+37.7111296,-089.8021249,06,,G4020,Perry,Perry County,29,125873.38823529407,"{""type"":""MultiPoint"",""coordinates"":[]}"
0000000000000000020c,1292800498,19739775,,H1,186,00765806,,A,29186,+37.8858449,-090.1615306,06,,G4020,Ste. Genevieve,Ste. Genevieve County,29,47080.90196078431,"{""type"":""MultiPoint"",""coordinates"":[]}"
00000000000000000214,1968056216,6778977,,H1,221,00758563,,A,29221,+37.9426107,-090.8970179,06,,G4020,Washington,Washington County,29,471.0156862745098,"{""type"":""MultiPoint"",""coordinates"":[]}"
00000000000000000218,1923108650,3203556,,H1,055,00758482,,A,29055,+37.9665605,-091.3139328,06,,G4020,Crawford,Crawford County,29,2434.282352941176,"{""type"":""MultiPoint"",""coordinates"":[]}"
00000000000000000219,1949640578,4519381,,H1,065,00758487,,A,29065,+37.6030746,-091.4897160,06,,G4020,Dent,Dent County,29,160.0,"{""type"":""MultiPoint"",""coordinates"":[]}"
0000000000000000021c,1364869337,7636521,,H1,125,00758516,,A,29125,+38.1626154,-091.9236010,06,,G4020,Maries,Maries County,29,8358.274509803923,"{""type"":""MultiPoint"",""coordinates"":[]}"
0000000000000000021f,1344215195,18009291,,H1,073,00758491,,A,29073,+38.4411826,-091.5057795,06,,G4020,Gasconade,Gasconade County,29,34643.43921568628,"{""type"":""MultiPoint"",""coordinates"":[]}"
00000000000000000220,1385765331,14100636,,H1,139,00758524,,A,29139,+38.9351835,-091.4654270,06,,G4020,Montgomery,Montgomery County,29,270008.15294117655,"{""type"":""MultiPoint"",""coordinates"":[]}"
00000000000000000222,1736428536,36976453,,H1,163,00758536,,A,29163,+39.3399592,-091.1716071,06,,G4020,Pike,Pike County,29,329610.6509803921,"{""type"":""MultiPoint"",""coordinates"":[]}"
00000000000000000224,1677414414,58300656,,H1,137,00758523,,A,29137,+39.4982695,-092.0064582,06,,G4020,Monroe,Monroe County,29,345856.77647058823,"{""type"":""MultiPoint"",""coordinates"":[]}"
00000000000000000225,1297230230,3764605,,H1,205,00758555,,A,29205,+39.7975309,-092.0887194,06,,G4020,Shelby,Shelby County,29,286084.38823529414,"{""type"":""MultiPoint"",""coordinates"":[]}"
00000000000000000226,1305376709,7307012,,H1,103,00758506,,A,29103,+40.1367764,-092.1468094,06,,G4020,Knox,Knox County,29,299110.85490196076,"{""type"":""MultiPoint"",""coordinates"":[]}"
00000000000000000261,1130968300,6797936,,H1,199,00758552,,A,29199,+40.4476855,-092.1428235,06,,G4020,Scotland,Scotland County,29,249106.6549019608,"{""type"":""MultiPoint"",""coordinates"":[]}"
00000000000000000264,1678264468,9123184,,H1,211,00758558,,A,29211,+40.2095870,-093.1097826,06,,G4020,Sullivan,Sullivan County,29,107901.17647058824,"{""type"":""MultiPoint"",""coordinates"":[]}"
00000000000000000265,1339843854,5943333,,H1,171,00758540,,A,29171,+40.4786055,-093.0145314,06,,G4020,Putnam,Putnam County,29,97684.41176470587,"{""type"":""MultiPoint"",""coordinates"":[]}"
0000000000000000026e,1175427726,3302140,,H1,129,00758519,,A,29129,+40.4214135,-093.5676313,06,,G4020,Mercer,Mercer County,29,109609.78039215686,"{""type"":""MultiPoint"",""coordinates"":[]}"
0000000000000000026f,1127383741,7118002,,H1,079,00758494,,A,29079,+40.1125409,-093.5650538,06,,G4020,Grundy,Grundy County,29,219580.49803921563,"{""type"":""MultiPoint"",""coordinates"":[]}"
00000000000000000270,1871276777,10103762,,H1,081,00758495,,A,29081,+40.3456200,-093.9925818,06,,G4020,Harrison,Harrison County,29,286349.694117647,"{""type"":""MultiPoint"",""coordinates"":[]}"
00000000000000000271,1272776756,762384,,H1,075,00758492,,A,29075,+40.2081271,-094.4053211,06,,G4020,Gentry,Gentry County,29,205743.86274509807,"{""type"":""MultiPoint"",""coordinates"":[]}"
00000000000000000272,690523564,535323,,H1,227,00758566,,A,29227,+40.4801923,-094.4187477,06,,G4020,Worth,Worth County,29,75850.09411764707,"{""type"":""MultiPoint"",""coordinates"":[]}"
00000000000000000707,1065995413,44494832,,H1,133,00758521,,A,29133,+36.8262640,-089.2959286,06,,G4020,Mississippi,Mississippi County,29,258968.53333333335,"{""type"":""MultiPoint"",""coordinates"":[]}"
00000000000000000708,1747828876,56291575,,H1,143,00758526,,A,29143,+36.5942608,-089.6559485,06,,G4020,New Madrid,New Madrid County,29,309530.8431372548,"{""type"":""MultiPoint"",""coordinates"":[]}"
00000000000000000709,1275622233,54164612,,H1,155,00758532,,A,29155,+36.2099162,-089.7859419,06,,G4020,Pemiscot,Pemiscot County,29,232209.58823529413,"{""type"":""MultiPoint"",""coordinates"":[]}"
00000000000000000906,1417462632,7359184,,H1,005,00758457,,A,29005,+40.4318460,-095.4375546,06,,G4020,Atchison,Atchison County,29,717523.443137255,"{""type"":""MultiPoint"",""coordinates"":[]}"
0000000000000000090b,1198369598,19839056,,H1,087,00758498,,A,29087,+40.0957240,-095.2190716,06,,G4020,Holt,Holt County,29,496418.09803921566,"{""type"":""MultiPoint"",""coordinates"":[]}"
000000000000000009c7,1799061775,17533485,,H1,033,00758471,,A,29033,+39.4273754,-093.5002266,06,,G4020,Carroll,Carroll County,29,482704.00000000006,"{""type"":""MultiPoint"",""coordinates"":[]}"
000000000000000009c9,1458775344,15044897,,H1,061,00758485,,A,29061,+39.9628387,-093.9700530,06,,G4020,Daviess,Daviess County,29,256107.11372549023,"{""type"":""MultiPoint"",""coordinates"":[]}"
000000000000000009ca,1378706292,16156752,,H1,117,00758513,,A,29117,+39.7785870,-093.5482013,06,,G4020,Livingston,Livingston County,29,239219.27058823526,"{""type"":""MultiPoint"",""coordinates"":[]}"
000000000000000009cc,1945539735,40354559,,H1,041,00758475,,A,29041,+39.5179685,-092.9616205,06,,G4020,Chariton,Chariton County,29,472798.26274509804,"{""type"":""MultiPoint"",""coordinates"":[]}"
000000000000000009cd,1594303526,15053647,,H1,115,00758512,,A,29115,+39.8644404,-093.1080190,06,,G4020,Linn,Linn County,29,218652.97647058824,"{""type"":""MultiPoint"",""coordinates"":[]}"
000000000000000009ce,2075118128,28912824,,H1,121,00758514,,A,29121,+39.8297950,-092.5643400,06,,G4020,Macon,Macon County,29,235092.24313725493,"{""type"":""MultiPoint"",""coordinates"":[]}"
000000000000000009d0,1201192534,19893075,,H1,089,00758499,,A,29089,+39.1433650,-092.6959255,06,,G4020,Howard,Howard County,29,182083.63137254905,"{""type"":""MultiPoint"",""coordinates"":[]}"
000000000000000009d1,1462738176,11434007,,H1,053,00758481,,A,29053,+38.8453861,-092.8123231,06,,G4020,Cooper,Cooper County,29,303531.7490196077,"{""type"":""MultiPoint"",""coordinates"":[]}"
000000000000000009d4,1547854691,42426936,,H1,141,00758525,,A,29141,+38.4208069,-092.8748352,06,,G4020,Morgan,Morgan County,29,42693.15686274511,"{""type"":""MultiPoint"",""coordinates"":[]}"
000000000000000009d6,1805075859,91636450,,H1,083,00758496,,A,29083,+38.3864909,-093.7926278,06,,G4020,Henry,Henry County,29,146834.28235294117,"{""type"":""MultiPoint"",""coordinates"":[]}"
000000000000000009d7,1823463548,125579915,,H1,015,00758462,,A,29015,+38.3010358,-093.2879421,06,,G4020,Benton,Benton County,29,79319.76078431372,"{""type"":""MultiPoint"",""coordinates"":[]}"
000000000000000009d8,1748192193,70138955,,H1,185,00758547,,A,29185,+38.0390688,-093.7730765,06,,G4020,St. Clair,St. Clair County,29,80242.6431372549,"{""type"":""MultiPoint"",""coordinates"":[]}"
000000000000000009d9,1032907243,33455656,,H1,085,00758497,,A,29085,+37.9367003,-093.3228345,06,,G4020,Hickory,Hickory County,29,6651.0,"{""type"":""MultiPoint"",""coordinates"":[]}"
000000000000000009db,1534813236,19159074,,H1,131,00758520,,A,29131,+38.2166802,-092.4298762,06,,G4020,Miller,Miller County,29,7946.164705882353,"{""type"":""MultiPoint"",""coordinates"":[]}"
000000000000000009dc,1699028737,136351823,,H1,029,00758469,,A,29029,+38.0265275,-092.7653271,06,,G4020,Camden,Camden County,29,1022.0,"{""type"":""MultiPoint"",""coordinates"":[]}"
000000000000000009e0,1765780148,3533325,,H1,229,00758567,,A,29229,+37.2676356,-092.4800104,06,,G4020,Wright,Wright County,29,634.0,"{""type"":""MultiPoint"",""coordinates"":[]}"
000000000000000009e3,1228905197,62603495,,H1,039,00758474,,A,29039,+37.7336549,-093.8500144,06,,G4020,Cedar,Cedar County,29,20901.64705882353,"{""type"":""MultiPoint"",""coordinates"":[]}"
000000000000000009e4,1269123308,42070298,,H1,057,00758483,,A,29057,+37.4323495,-093.8548780,06,,G4020,Dade,Dade County,29,97958.07843137255,"{""type"":""MultiPoint"",""coordinates"":[]}"
000000000000000009e5,1584391273,4249327,,H1,109,00758509,,A,29109,+37.1065898,-093.8305507,06,,G4020,Lawrence,Lawrence County,29,42443.52549019608,"{""type"":""MultiPoint"",""coordinates"":[]}"
000000000000000009e7,1533067872,12434943,,H1,011,00758460,,A,29011,+37.5007989,-094.3440893,06,,G4020,Barton,Barton County,29,333843.8431372549,"{""type"":""MultiPoint"",""coordinates"":[]}"
000000000000000009e8,2140348948,27015775,,H1,217,00758561,,A,29217,+37.8501957,-094.3415972,06,,G4020,Vernon,Vernon County,29,291401.1725490197,"{""type"":""MultiPoint"",""coordinates"":[]}"
000000000000000009ee,2015659215,32942044,,H1,009,00758459,,A,29009,+36.6993775,-093.8343258,06,,G4020,Barry,Barry County,29,15198.039215686273,"{""type"":""MultiPoint"",""coordinates"":[]}"
00000000000000000455,7509316053,44201872,,H1,041,01720048,,A,30041,+48.6319595,-110.1063210,06,,G4020,Hill,Hill County,30,17.0,"{""type"":""MultiPoint"",""coordinates"":[]}"
00000000000000000456,10948196441,29079150,,H1,005,01722470,,A,30005,+48.4282823,-108.9676475,06,,G4020,Blaine,Blaine County,30,968.0,"{""type"":""MultiPoint"",""coordinates"":[]}"
00000000000000000457,13313721482,185549184,,H1,071,01720023,,A,30071,+48.2501432,-107.9288973,06,,G4020,Phillips,Phillips County,30,12705.890196078431,"{""type"":""MultiPoint"",""coordinates"":[]}"
00000000000000000458,12758543078,351470583,,H1,105,01678923,,A,30105,+48.3498496,-106.6704238,06,,G4020,Valley,Valley County,30,10638.109803921569,"{""type"":""MultiPoint"",""coordinates"":[]}"
00000000000000000459,3693357584,1021697,,H1,019,01637566,,A,30019,+48.7944290,-105.5417385,06,,G4020,Daniels,Daniels County,30,39.0,"{""type"":""MultiPoint"",""coordinates"":[]}"
0000000000000000045d,4340302863,75079144,,H1,091,01677577,,A,30091,+48.7055228,-104.5339129,06,,G4020,Sheridan,Sheridan County,30,5032.0,"{""type"":""MultiPoint"",""coordinates"":[]}"
0000000000000000045e,6097930309,37820803,,H1,085,01669428,,A,30085,+48.2827471,-104.9951698,06,,G4020,Roosevelt,Roosevelt County,30,1439.0,"{""type"":""MultiPoint"",""coordinates"":[]}"
0000000000000000045f,5398317072,49588405,,H1,083,01715338,,A,30083,+47.7855132,-104.5633871,06,,G4020,Richland,Richland County,30,24885.447058823527,"{""type"":""MultiPoint"",""coordinates"":[]}"
00000000000000000460,6843263531,103093129,,H1,055,01716270,,A,30055,+47.6296277,-105.7572220,06,,G4020,McCone,McCone County,30,3878.0,"{""type"":""MultiPoint"",""coordinates"":[]}"
00000000000000000461,6143864274,29279964,,H1,021,01715632,,A,30021,+47.2724248,-104.9010267,06,,G4020,Dawson,Dawson County,30,922.9725490196079,"{""type"":""MultiPoint"",""coordinates"":[]}"
00000000000000000464,2301488703,1756850,,H1,109,01696629,,A,30109,+46.9629657,-104.2745184,06,,G4020,Wibaux,Wibaux County,30,9.0,"{""type"":""MultiPoint"",""coordinates"":[]}"
00000000000000000465,4497780354,15092932,,H1,079,01715847,,A,30079,+46.8123837,-105.5039937,06,,G4020,Prairie,Prairie County,30,662.0,"{""type"":""MultiPoint"",""coordinates"":[]}"
00000000000000000466,4197205011,5915331,,H1,025,01688745,,A,30025,+46.3181841,-104.4057182,06,,G4020,Fallon,Fallon County,30,182.23529411764707,"{""type"":""MultiPoint"",""coordinates"":[]}"
00000000000000000467,9798813338,25522662,,H1,017,01720109,,A,30017,+46.2614807,-105.5505080,06,,G4020,Custer,Custer County,30,219.75686274509803,"{""type"":""MultiPoint"",""coordinates"":[]}"
000000000000000005a0,12942419269,49256421,,H1,003,01716521,,A,30003,+45.4078690,-107.5181625,06,,G4020,Big Horn,Big Horn County,30,28212.250980392157,"{""type"":""MultiPoint"",""coordinates"":[]}"
000000000000000005a2,2532492035,17149961,,H1,103,01719563,,A,30103,+46.2095584,-107.2803688,06,,G4020,Treasure,Treasure County,30,3634.0,"{""type"":""MultiPoint"",""coordinates"":[]}"
000000000000000005a4,4840572325,7124119,,H1,065,01719593,,A,30065,+46.5052807,-108.4397631,06,,G4020,Musselshell,Musselshell County,30,198.12156862745098,"{""type"":""MultiPoint"",""coordinates"":[]}"
000000000000000005a5,4288047827,48927318,,H1,069,01719590,,A,30069,+47.1419168,-108.2265753,06,,G4020,Petroleum,Petroleum County,30,154.0,"{""type"":""MultiPoint"",""coordinates"":[]}"
000000000000000005a6,11238810568,27700322,,H1,027,01719614,,A,30027,+47.2236414,-109.2237135,06,,G4020,Fergus,Fergus County,30,27.0,"{""type"":""MultiPoint"",""coordinates"":[]}"
000000000000000005a7,12112230876,446866747,,H1,033,01716058,,A,30033,+47.2800330,-106.9867061,06,,G4020,Garfield,Garfield County,30,227.0,"{""type"":""MultiPoint"",""coordinates"":[]}"
000000000000000005a8,10288773071,62617603,,H1,015,01719619,,A,30015,+47.8868370,-110.4361888,06,,G4020,Chouteau,Chouteau County,30,376.0,"{""type"":""MultiPoint"",""coordinates"":[]}"
000000000000000005a9,4842466683,2066731,,H1,045,01719602,,A,30045,+47.0325580,-110.3053200,06,,G4020,Judith Basin,Judith Basin County,30,0.0,"{""type"":""MultiPoint"",""coordinates"":[]}"
000000000000000005ab,5883425220,52657911,,H1,099,01720018,,A,30099,+47.8190352,-112.2817249,06,,G4020,Teton,Teton County,30,0.0,"{""type"":""MultiPoint"",""coordinates"":[]}"
000000000000000005ac,4207608907,43980131,,H1,073,01719587,,A,30073,+48.2303121,-112.2199280,06,,G4020,Pondera,Pondera County,30,27.0,"{""type"":""MultiPoint"",""coordinates"":[]}"
000000000000000005ae,6194911314,7474581,,H1,059,01719600,,A,30059,+46.5856996,-110.9217396,06,,G4020,Meagher,Meagher County,30,0.0,"{""type"":""MultiPoint"",""coordinates"":[]}"
000000000000000005b0,3088128102,118543478,,H1,007,01719625,,A,30007,+46.3298486,-111.4978728,06,,G4020,Broadwater,Broadwater County,30,0.0,"{""type"":""MultiPoint"",""coordinates"":[]}"
000000000000000005b1,3684208673,13010925,,H1,107,01719560,,A,30107,+46.4970466,-109.8571467,06,,G4020,Wheatland,Wheatland County,30,0.0,"{""type"":""MultiPoint"",""coordinates"":[]}"
000000000000000005b2,7259224503,27025613,,H1,067,01720027,,A,30067,+45.4219048,-110.5327983,06,,G4020,Park,Park County,30,0.0,"{""type"":""MultiPoint"",""coordinates"":[]}"
000000000000000005b4,4805632555,17639847,,H1,097,01719569,,A,30097,+45.8112917,-109.9447960,06,,G4020,Sweet Grass,Sweet Grass County,30,0.0,"{""type"":""MultiPoint"",""coordinates"":[]}"
000000000000000005b5,4653284930,23998969,,H1,095,01719572,,A,30095,+45.6589032,-109.3820984,06,,G4020,Stillwater,Stillwater County,30,289.0,"{""type"":""MultiPoint"",""coordinates"":[]}"
000000000000000005be,9293313960,39816836,,H1,057,01720033,,A,30057,+45.3252779,-111.9137813,06,,G4020,Madison,Madison County,30,63.0,"{""type"":""MultiPoint"",""coordinates"":[]}"
000000000000000005bf,14355494309,78345572,,H1,001,01719627,,A,30001,+45.1338633,-112.8928694,06,,G4020,Beaverhead,Beaverhead County,30,0.0,"{""type"":""MultiPoint"",""coordinates"":[]}"
000000000000000005d2,6192617169,24247021,,H1,081,01719582,,A,30081,+46.0792979,-114.1190647,06,,G4020,Ravalli,Ravalli County,30,0.0,"{""type"":""MultiPoint"",""coordinates"":[]}"
000000000000000005d3,4473328243,14547083,,H1,039,01719605,,A,30039,+46.3959554,-113.4273564,06,,G4020,Granite,Granite County,30,0.0,"{""type"":""MultiPoint"",""coordinates"":[]}"
000000000000000005d4,1907997131,12199241,,H6,023,01719617,,C,30023,+46.0946116,-113.1416242,06,,G4020,Deer Lodge,Deer Lodge County,30,0.0,"{""type"":""MultiPoint"",""coordinates"":[]}"
000000000000000005d6,6024448201,16220808,,H1,077,01720021,,A,30077,+46.8442254,-112.9310998,06,,G4020,Powell,Powell County,30,0.0,"{""type"":""MultiPoint"",""coordinates"":[]}"
000000000000000005d9,3860279619,423557220,,H1,047,01796943,,A,30047,+47.6429007,-114.0836866,06,,G4020,Lake,Lake County,30,0.0,"{""type"":""MultiPoint"",""coordinates"":[]}"
000000000000000005da,7149422259,76377026,,H1,089,01719578,,A,30089,+47.7565002,-115.1802948,06,,G4020,Sanders,Sanders County,30,0.0,"{""type"":""MultiPoint"",""coordinates"":[]}"
000000000000000005db,3158803511,9897206,,H1,061,01720030,,A,30061,+47.1549089,-115.0648490,06,,G4020,Mineral,Mineral County,30,0.0,"{""type"":""MultiPoint"",""coordinates"":[]}"
000000000000000005e2,9356865944,161078674,,H1,053,01720038,,A,30053,+48.5523847,-115.4631849,06,,G4020,Lincoln,Lincoln County,30,0.0,"{""type"":""MultiPoint"",""coordinates"":[]}"
000000000000000005e8,7756748578,106139963,,H1,035,01719607,,A,30035,+48.7056706,-112.9905023,06,,G4020,Glacier,Glacier County,30,0.0,"{""type"":""MultiPoint"",""coordinates"":[]}"
000000000000000005e9,4959885520,78009540,,H1,101,01719566,,A,30101,+48.6450515,-111.7334927,06,,G4020,Toole,Toole County,30,28.0,"{""type"":""MultiPoint"",""coordinates"":[]}"
000000000000000005ea,3703660708,44389510,,H1,051,01720036,,A,30051,+48.5596541,-111.0369242,06,,G4020,Liberty,Liberty County,30,3200.0,"{""type"":""MultiPoint"",""coordinates"":[]}"
00000000000000000878,8651796925,19499108,,H1,011,01688746,,A,30011,+45.5168247,-104.5153243,06,,G4020,Carter,Carter County,30,757.0,"{""type"":""MultiPoint"",""coordinates"":[]}"
0000000000000000087a,12972203125,43041228,,H1,087,01716795,,A,30087,+46.1733598,-106.6664101,06,,G4020,Rosebud,Rosebud County,30,517.6196078431373,"{""type"":""MultiPoint"",""coordinates"":[]}"
0000000000000000087b,8542289018,1565958,,H1,075,01719584,,A,30075,+45.4089262,-105.5553440,06,,G4020,Powder River,Powder River County,30,12.0,"{""type"":""MultiPoint"",""coordinates"":[]}"
00000000000000000885,2465269098,1448446,,H1,105,00835874,,A,31105,+41.1992736,-103.7031528,06,,G4020,Kimball,Kimball County,31,26.0,"{""type"":""MultiPoint"",""coordinates"":[]}"
00000000000000000886,3687723999,15598670,,H1,123,00835883,,A,31123,+41.7322039,-102.9905936,06,,G4020,Morrill,Morrill County,31,2674.0,"{""type"":""MultiPoint"",""coordinates"":[]}"
00000000000000000887,3098367771,292549,,H1,033,00835838,,A,31033,+41.2142358,-103.0119289,06,,G4020,Cheyenne,Cheyenne County,31,2689.0,"{""type"":""MultiPoint"",""coordinates"":[]}"
00000000000000000888,4414069977,68874632,,H1,069,00835856,,A,31069,+41.6333638,-102.3029845,06,,G4020,Garden,Garden County,31,11927.172549019608,"{""type"":""MultiPoint"",""coordinates"":[]}"
0000000000000000088a,1139208969,2230956,,H1,049,00835846,,A,31049,+41.1119026,-102.3326090,06,,G4020,Deuel,Deuel County,31,6208.992156862745,"{""type"":""MultiPoint"",""coordinates"":[]}"
0000000000000000088d,2381956152,3046330,,H1,057,00835850,,A,31057,+40.1801650,-101.6811327,06,,G4020,Dundy,Dundy County,31,22129.87450980392,"{""type"":""MultiPoint"",""coordinates"":[]}"
0000000000000000088e,2316533465,7978174,,H1,029,00835836,,A,31029,+40.5303903,-101.6941918,06,,G4020,Chase,Chase County,31,96056.4588235294,"{""type"":""MultiPoint"",""coordinates"":[]}"
0000000000000000088f,2287828019,2840176,,H1,135,00835889,,A,31135,+40.8576462,-101.6274676,06,,G4020,Perkins,Perkins County,31,154010.95294117648,"{""type"":""MultiPoint"",""coordinates"":[]}"
00000000000000000890,1846821514,570786,,H1,085,00835864,,A,31085,+40.5372337,-101.0479627,06,,G4020,Hayes,Hayes County,31,64902.48627450981,"{""type"":""MultiPoint"",""coordinates"":[]}"
00000000000000000893,1838742723,22103380,,H1,087,00835865,,A,31087,+40.1768964,-101.0442170,06,,G4020,Hitchcock,Hitchcock County,31,27912.682352941178,"{""type"":""MultiPoint"",""coordinates"":[]}"
00000000000000000895,1856984023,2643458,,H1,145,00835894,,A,31145,+40.1694196,-100.4685764,06,,G4020,Red Willow,Red Willow County,31,75182.0431372549,"{""type"":""MultiPoint"",""coordinates"":[]}"
00000000000000000896,2524180467,14212842,,H1,063,00835853,,A,31063,+40.5309469,-100.4066834,06,,G4020,Frontier,Frontier County,31,156158.3333333334,"{""type"":""MultiPoint"",""coordinates"":[]}"
0000000000000000089a,2749531884,124672175,,H1,101,00835872,,A,31101,+41.1942448,-101.6444493,06,,G4020,Keith,Keith County,31,119092.65490196078,"{""type"":""MultiPoint"",""coordinates"":[]}"
0000000000000000089b,1852759732,7644719,,H1,005,00835825,,A,31005,+41.5719443,-101.6958984,06,,G4020,Arthur,Arthur County,31,279.0,"{""type"":""MultiPoint"",""coordinates"":[]}"
0000000000000000089c,2010410702,18130867,,H1,075,00835859,,A,31075,+41.9139574,-101.7559645,06,,G4020,Grant,Grant County,31,0.0,"{""type"":""MultiPoint"",""coordinates"":[]}"
0000000000000000089d,1867796194,882994,,H1,091,00835867,,A,31091,+41.9187000,-101.1168102,06,,G4020,Hooker,Hooker County,31,222.0,"{""type"":""MultiPoint"",""coordinates"":[]}"
0000000000000000089e,1846403578,2028358,,H1,171,00835907,,A,31171,+41.8486202,-100.5069105,06,,G4020,Thomas,Thomas County,31,11.0,"{""type"":""MultiPoint"",""coordinates"":[]}"
0000000000000000089f,15437679913,126677223,,H1,031,00835837,,A,31031,+42.5713234,-101.0476533,06,,G4020,Cherry,Cherry County,31,16791.0,"{""type"":""MultiPoint"",""coordinates"":[]}"
000000000000000008a2,6321834104,74941797,,H1,161,00835902,,A,31161,+42.5122888,-102.3682795,06,,G4020,Sheridan,Sheridan County,31,4793.0,"{""type"":""MultiPoint"",""coordinates"":[]}"
000000000000000008a3,2784994727,6588657,,H1,013,00835991,,A,31013,+42.2103804,-103.0817795,06,,G4020,Box Butte,Box Butte County,31,60.0,"{""type"":""MultiPoint"",""coordinates"":[]}"
000000000000000008a4,3616823880,11921995,,H1,045,00835844,,A,31045,+42.7112144,-103.1348721,06,,G4020,Dawes,Dawes County,31,327.0,"{""type"":""MultiPoint"",""coordinates"":[]}"
000000000000000008af,2002257567,2192458,,H1,103,00835873,,A,31103,+42.8754803,-099.7183514,06,,G4020,Keya Paha,Keya Paha County,31,26030.0,"{""type"":""MultiPoint"",""coordinates"":[]}"
000000000000000008b0,3163296234,9814399,,H1,017,00835830,,A,31017,+42.3595618,-099.9239198,06,,G4020,Brown,Brown County,31,84172.52156862745,"{""type"":""MultiPoint"",""coordinates"":[]}"
000000000000000008b1,2611466209,8807750,,H1,149,00835896,,A,31149,+42.3947490,-099.4208512,06,,G4020,Rock,Rock County,31,87497.4588235294,"{""type"":""MultiPoint"",""coordinates"":[]}"
000000000000000008b2,6248083634,13201503,,H1,089,00835866,,A,31089,+42.4592867,-098.7847662,06,,G4020,Holt,Holt County,31,532789.4352941177,"{""type"":""MultiPoint"",""coordinates"":[]}"
000000000000000008b3,1398425586,11890320,,H1,015,00835829,,A,31015,+42.8944477,-098.7730221,06,,G4020,Boyd,Boyd County,31,119535.41960784319,"{""type"":""MultiPoint"",""coordinates"":[]}"
000000000000000008b5,2870614960,81251136,,H1,107,00835875,,A,31107,+42.6344045,-097.8913492,06,,G4020,Knox,Knox County,31,528893.466666667,"{""type"":""MultiPoint"",""coordinates"":[]}"
000000000000000008b7,2220183807,3558463,,H1,003,00835824,,A,31003,+42.1832253,-098.0580367,06,,G4020,Antelope,Antelope County,31,801054.662745098,"{""type"":""MultiPoint"",""coordinates"":[]}"
000000000000000008e0,1147143902,1087702,,H1,179,00835911,,A,31179,+42.2107460,-097.1262433,06,,G4020,Wayne,Wayne County,31,620026.184313725,"{""type"":""MultiPoint"",""coordinates"":[]}"
000000000000000008e1,1917398594,14335219,,H1,027,00835835,,A,31027,+42.6045112,-097.2568241,06,,G4020,Cedar,Cedar County,31,731934.7333333336,"{""type"":""MultiPoint"",""coordinates"":[]}"
000000000000000008e8,1066164680,12607136,,H1,037,00835840,,A,31037,+41.5749600,-097.0889449,06,,G4020,Colfax,Colfax County,31,474374.2156862744,"{""type"":""MultiPoint"",""coordinates"":[]}"
000000000000000008ea,1143826264,17085923,,H1,125,00835884,,A,31125,+41.4023855,-097.9914083,06,,G4020,Nance,Nance County,31,294896.6392156865,"{""type"":""MultiPoint"",""coordinates"":[]}"
000000000000000008eb,1135309850,5947394,,H1,143,00835893,,A,31143,+41.1879253,-097.5706627,06,,G4020,Polk,Polk County,31,498075.00392156857,"{""type"":""MultiPoint"",""coordinates"":[]}"
000000000000000008ed,1482793516,8595590,,H1,185,00835914,,A,31185,+40.8730557,-097.5967418,06,,G4020,York,York County,31,598709.1372549019,"{""type"":""MultiPoint"",""coordinates"":[]}"
000000000000000008ee,1514884892,15309110,,H1,023,00835833,,A,31023,+41.2260724,-097.1320395,06,,G4020,Butler,Butler County,31,683076.9921568626,"{""type"":""MultiPoint"",""coordinates"":[]}"
000000000000000008f4,1273201442,14186180,,H1,021,00835832,,A,31021,+41.8541794,-096.3377462,06,,G4020,Burt,Burt County,31,688964.9411764697,"{""type"":""MultiPoint"",""coordinates"":[]}"
000000000000000008f5,1477895811,10447360,,H1,039,00835841,,A,31039,+41.9158651,-096.7885168,06,,G4020,Cuming,Cuming County,31,722819.8862745094,"{""type"":""MultiPoint"",""coordinates"":[]}"
000000000000000008f6,1019377255,6458661,,H1,173,00835908,,A,31173,+42.1540613,-096.5339428,06,,G4020,Thurston,Thurston County,31,475674.79607843154,"{""type"":""MultiPoint"",""coordinates"":[]}"
00000000000000000903,1594475628,8775373,,H1,131,00835887,,A,31131,+40.6379916,-096.1310274,06,,G4020,Otoe,Otoe County,31,754936.8627450981,"{""type"":""MultiPoint"",""coordinates"":[]}"
00000000000000000904,973968227,1766531,,H1,097,00835870,,A,31097,+40.3950099,-096.2653668,06,,G4020,Johnson,Johnson County,31,301177.6862745099,"{""type"":""MultiPoint"",""coordinates"":[]}"
00000000000000000905,1055100609,5769943,,H1,127,00835885,,A,31127,+40.3852358,-095.8530563,06,,G4020,Nemaha,Nemaha County,31,477225.21176470595,"{""type"":""MultiPoint"",""coordinates"":[]}"
0000000000000000090a,1429258642,7077617,,H1,147,00835895,,A,31147,+40.1237427,-095.7186026,06,,G4020,Richardson,Richardson County,31,591678.7843137255,"{""type"":""MultiPoint"",""coordinates"":[]}"
00000000000000000910,1116478188,4852361,,H1,133,00835888,,A,31133,+40.1378496,-096.2452254,06,,G4020,Pawnee,Pawnee County,31,289509.2980392157,"{""type"":""MultiPoint"",""coordinates"":[]}"
00000000000000000914,1476728674,14239894,,H1,095,00835869,,A,31095,+40.1757356,-097.1431027,06,,G4020,Jefferson,Jefferson County,31,533047.4823529414,"{""type"":""MultiPoint"",""coordinates"":[]}"
00000000000000000915,1486698709,5934626,,H1,151,00835897,,A,31151,+40.5168024,-097.1317550,06,,G4020,Saline,Saline County,31,650012.8666666662,"{""type"":""MultiPoint"",""coordinates"":[]}"
00000000000000000917,1490202786,2989990,,H1,059,00835851,,A,31059,+40.5250399,-097.5967053,06,,G4020,Fillmore,Fillmore County,31,681621.3607843133,"{""type"":""MultiPoint"",""coordinates"":[]}"
00000000000000000918,1486153355,3025340,,H1,169,00835906,,A,31169,+40.1738446,-097.5962626,06,,G4020,Thayer,Thayer County,31,551702.8431372549,"{""type"":""MultiPoint"",""coordinates"":[]}"
0000000000000000091b,1489645187,1718484,,H1,129,00835886,,A,31129,+40.1764918,-098.0468422,06,,G4020,Nuckolls,Nuckolls County,31,426022.8705882353,"{""type"":""MultiPoint"",""coordinates"":[]}"
0000000000000000091c,1482222907,3234878,,H1,035,00835839,,A,31035,+40.5236688,-098.0510501,06,,G4020,Clay,Clay County,31,520883.01960784325,"{""type"":""MultiPoint"",""coordinates"":[]}"
0000000000000000091d,1489017970,337241,,H1,181,00835912,,A,31181,+40.1806461,-098.4985897,06,,G4020,Webster,Webster County,31,305381.66274509806,"{""type"":""MultiPoint"",""coordinates"":[]}"
00000000000000000920,1491355770,487899,,H1,061,00835852,,A,31061,+40.1832031,-098.9620800,06,,G4020,Franklin,Franklin County,31,315889.0039215686,"{""type"":""MultiPoint"",""coordinates"":[]}"
00000000000000000921,1433471291,53339808,,H1,083,00835863,,A,31083,+40.1787663,-099.4034177,06,,G4020,Harlan,Harlan County,31,279465.98039215687,"{""type"":""MultiPoint"",""coordinates"":[]}"
00000000000000000924,1398048574,1646534,,H1,137,00835890,,A,31137,+40.5163647,-099.4065568,06,,G4020,Phelps,Phelps County,31,531047.0196078431,"{""type"":""MultiPoint"",""coordinates"":[]}"
00000000000000000929,1475804206,2188873,,H1,077,00835860,,A,31077,+41.5675715,-098.5305655,06,,G4020,Greeley,Greeley County,31,253744.78823529425,"{""type"":""MultiPoint"",""coordinates"":[]}"
0000000000000000092a,1778166035,1718583,,H1,011,00835828,,A,31011,+41.7039345,-098.0704764,06,,G4020,Boone,Boone County,31,667033.7372549019,"{""type"":""MultiPoint"",""coordinates"":[]}"
0000000000000000092b,1489717875,1059454,,H1,183,00835913,,A,31183,+41.9225780,-098.5208510,06,,G4020,Wheeler,Wheeler County,31,99258.50196078423,"{""type"":""MultiPoint"",""coordinates"":[]}"
0000000000000000092c,1471237003,6242699,,H1,175,00835909,,A,31175,+41.5640938,-098.9834841,06,,G4020,Valley,Valley County,31,182166.13725490196,"{""type"":""MultiPoint"",""coordinates"":[]}"
0000000000000000092d,1475754369,4125559,,H1,071,00835857,,A,31071,+41.9068675,-098.9512310,06,,G4020,Garfield,Garfield County,31,19833.38039215686,"{""type"":""MultiPoint"",""coordinates"":[]}"
0000000000000000092e,1465489243,15062146,,H1,163,00835903,,A,31163,+41.2187425,-098.9728492,06,,G4020,Sherman,Sherman County,31,199647.9960784314,"{""type"":""MultiPoint"",""coordinates"":[]}"
0000000000000000092f,6670757589,932956,,H1,041,00835842,,A,31041,+41.3938927,-099.7268662,06,,G4020,Custer,Custer County,31,514936.9725490197,"{""type"":""MultiPoint"",""coordinates"":[]}"
00000000000000000931,1471803707,7275368,,H1,115,00835879,,A,31115,+41.8976648,-099.5097764,06,,G4020,Loup,Loup County,31,17352.0431372549,"{""type"":""MultiPoint"",""coordinates"":[]}"
00000000000000000932,1840674139,9443900,,H1,009,00835827,,A,31009,+41.9252304,-099.9907710,06,,G4020,Blaine,Blaine County,31,4293.0,"{""type"":""MultiPoint"",""coordinates"":[]}"
00000000000000000934,1862542307,3915843,,H1,065,00835854,,A,31065,+40.1918650,-099.9096631,06,,G4020,Furnas,Furnas County,31,234836.76470588238,"{""type"":""MultiPoint"",""coordinates"":[]}"
00000000000000000691,9719815219,155746682,,H1,021,00858644,,A,32021,+38.5166470,-118.4162794,06,,G4020,Mineral,Mineral County,32,0.0,"{""type"":""MultiPoint"",""coordinates"":[]}"
00000000000000000696,15634691937,79934815,,H1,027,00858646,,A,32027,+40.4396390,-118.4094765,06,,G4020,Pershing,Pershing County,32,0.0,"{""type"":""MultiPoint"",""coordinates"":[]}"
0000000000000000069e,14219341058,76104322,,H1,015,00863368,,A,32015,+39.9002105,-117.0472398,06,,G4020,Lander,Lander County,32,0.0,"{""type"":""MultiPoint"",""coordinates"":[]}"
000000000000000006a1,22985104191,54678877,,H1,033,00858615,,A,32033,+39.4182344,-114.9006050,06,,G4020,White Pine,White Pine County,32,0.0,"{""type"":""MultiPoint"",""coordinates"":[]}"
000000000000000006a5,27540342244,9802713,,H1,017,00863992,,A,32017,+37.6346050,-114.8630367,06,,G4020,Lincoln,Lincoln County,32,0.0,"{""type"":""MultiPoint"",""coordinates"":[]}"
000000000000000006ac,9277050036,18552011,,H1,009,00858641,,A,32009,+37.7789658,-117.6323824,06,,G4020,Esmeralda,Esmeralda County,32,0.0,"{""type"":""MultiPoint"",""coordinates"":[]}"
00000000000000000381,2413880542,159255164,,H1,003,00873175,,A,33003,+43.8677742,-071.2015596,06,,G4020,Carroll,Carroll County,33,0.0,"{""type"":""MultiPoint"",""coordinates"":[]}"
000000000000000004c5,8905569096,23652656,,H1,023,00929106,,A,35023,+31.8980519,-108.7519293,06,,G4020,Hidalgo,Hidalgo County,35,3696.0549019607843,"{""type"":""MultiPoint"",""coordinates"":[]}"
000000000000000004ca,10828768077,148156517,,H1,051,01702370,,A,35051,+33.1194611,-107.1881533,06,,G4020,Sierra,Sierra County,35,567.9921568627451,"{""type"":""MultiPoint"",""coordinates"":[]}"
00000000000000000507,7443335868,18727191,,H1,037,00929110,,A,35037,+35.1070184,-103.5480713,06,,G4020,Quay,Quay County,35,7204.0,"{""type"":""MultiPoint"",""coordinates"":[]}"
0000000000000000050b,5504963107,1162620,,H1,021,00933055,,A,35021,+35.8595804,-103.8514950,06,,G4020,Harding,Harding County,35,232.0,"{""type"":""MultiPoint"",""coordinates"":[]}"
0000000000000000050c,9903868971,18464199,,H1,059,00929115,,A,35059,+36.4880853,-103.4757229,06,,G4020,Union,Union County,35,1306.792156862745,"{""type"":""MultiPoint"",""coordinates"":[]}"
00000000000000000535,9733110086,26299615,,H1,007,00929117,,A,35007,+36.6129625,-104.6401256,06,,G4020,Colfax,Colfax County,35,0.0,"{""type"":""MultiPoint"",""coordinates"":[]}"
0000000000000000054f,7847069559,2890381,,H1,019,00929111,,A,35019,+34.8697822,-104.7849677,06,,G4020,Guadalupe,Guadalupe County,35,0.0,"{""type"":""MultiPoint"",""coordinates"":[]}"
00000000000000000550,4992675987,6093304,,H1,033,01702367,,A,35033,+35.9828413,-104.9218975,06,,G4020,Mora,Mora County,35,0.0,"{""type"":""MultiPoint"",""coordinates"":[]}"
00000000000000000551,6016761713,29147306,,H1,011,00933054,,A,35011,+34.3592729,-104.3686961,06,,G4020,De Baca,De Baca County,35,2.0,"{""type"":""MultiPoint"",""coordinates"":[]}"
00000000000000000552,17213598994,5305753,,H1,053,01702371,,A,35053,+33.9916579,-106.9391362,06,,G4020,Socorro,Socorro County,35,24.0,"{""type"":""MultiPoint"",""coordinates"":[]}"
00000000000000000553,17933560031,14194439,,H1,003,00929108,,A,35003,+33.9018583,-108.3920882,06,,G4020,Catron,Catron County,35,0.0,"{""type"":""MultiPoint"",""coordinates"":[]}"
0000000000000000038e,4646734030,316369694,,H1,031,00974114,,A,36031,+44.1096005,-073.7784307,06,,G4020,Essex,Essex County,36,156.0,"{""type"":""MultiPoint"",""coordinates"":[]}"
00000000000000000396,4447987884,234205889,,H1,041,00974119,,A,36041,+43.6578786,-074.5024556,06,,G4020,Hamilton,Hamilton County,36,37.0,"{""type"":""MultiPoint"",""coordinates"":[]}"
00000000000000000399,3301307137,39612943,,H1,049,00974123,,A,36049,+43.7826811,-075.4441402,06,,G4020,Lewis,Lewis County,36,5950.458823529412,"{""type"":""MultiPoint"",""coordinates"":[]}"
000000000000000001b1,1100902277,8093124,,H1,009,01008535,,A,37009,+36.4434687,-081.4993343,06,,G4020,Ashe,Ashe County,37,1198.0,"{""type"":""MultiPoint"",""coordinates"":[]}"
000000000000000001b5,640601895,445285,,H1,011,01008536,,A,37011,+36.0720900,-081.9202847,06,,G4020,Avery,Avery County,37,165.0,"{""type"":""MultiPoint"",""coordinates"":[]}"
000000000000000001b7,573038008,1629508,,H1,121,01008571,,A,37121,+36.0131020,-082.1635541,06,,G4020,Mitchell,Mitchell County,37,256.0,"{""type"":""MultiPoint"",""coordinates"":[]}"
000000000000000001b8,809602987,1531168,,H1,199,01008598,,A,37199,+35.8894554,-082.3041188,06,,G4020,Yancey,Yancey County,37,102.0,"{""type"":""MultiPoint"",""coordinates"":[]}"
000000000000000001c1,607101004,3715040,,H1,005,01008533,,A,37005,+36.4893563,-081.1322988,06,,G4020,Alleghany,Alleghany County,37,1313.0,"{""type"":""MultiPoint"",""coordinates"":[]}"
000000000000000001c9,1101692694,8643884,,H1,033,01008542,,A,37033,+36.3942984,-079.3396090,06,,G4020,Caswell,Caswell County,37,17818.807843137252,"{""type"":""MultiPoint"",""coordinates"":[]}"
000000000000000001d0,1273042690,25910561,,H1,123,01008572,,A,37123,+35.3344151,-079.9066023,06,,G4020,Montgomery,Montgomery County,37,10099.274509803923,"{""type"":""MultiPoint"",""coordinates"":[]}"
000000000000000009fd,1376481074,14617339,,H1,007,01008534,,A,37007,+34.9749961,-080.1099593,06,,G4020,Anson,Anson County,37,55603.75294117646,"{""type"":""MultiPoint"",""coordinates"":[]}"
00000000000000000a17,615841358,1964035,,H1,149,01008579,,A,37149,+35.2779011,-082.1676211,06,,G4020,Polk,Polk County,37,1450.2509803921569,"{""type"":""MultiPoint"",""coordinates"":[]}"
00000000000000000a27,556804507,15017754,,H1,043,01008546,,A,37043,+35.0529971,-083.7522638,06,,G4020,Clay,Clay County,37,3255.372549019608,"{""type"":""MultiPoint"",""coordinates"":[]}"
00000000000000000a28,1335358123,10567195,,H1,113,01025833,,A,37113,+35.1529593,-083.4219010,06,,G4020,Macon,Macon County,37,2703.9333333333334,"{""type"":""MultiPoint"",""coordinates"":[]}"
00000000000000000a2c,1367500179,32415630,,H1,173,01008588,,A,37173,+35.5688491,-083.4656136,06,,G4020,Swain,Swain County,37,90.0,"{""type"":""MultiPoint"",""coordinates"":[]}"
00000000000000000a2d,756200800,25045983,,H1,075,01008555,,A,37075,+35.3483644,-083.8309147,06,,G4020,Graham,Graham County,37,206.0,"{""type"":""MultiPoint"",""coordinates"":[]}"
00000000000000000a58,1179401585,29257527,,H1,039,01008545,,A,37039,+35.1362316,-084.0613094,06,,G4020,Cherokee,Cherokee County,37,2715.0,"{""type"":""MultiPoint"",""coordinates"":[]}"
00000000000000000407,2897404229,7014875,,H1,067,01034212,,A,38067,+48.7668959,-097.5454045,06,,G4020,Pembina,Pembina County,38,1143356.5019607842,"{""type"":""MultiPoint"",""coordinates"":[]}"
00000000000000000408,3319505683,32184978,,H1,099,01034214,,A,38099,+48.3769789,-097.7222304,06,,G4020,Walsh,Walsh County,38,991307.4666666666,"{""type"":""MultiPoint"",""coordinates"":[]}"
00000000000000000409,3855846151,54931547,,H1,019,01035304,,A,38019,+48.7684388,-098.4637903,06,,G4020,Cavalier,Cavalier County,38,1183738.211764706,"{""type"":""MultiPoint"",""coordinates"":[]}"
0000000000000000040a,2653616948,43800577,,H1,095,01034213,,A,38095,+48.6821831,-099.2481583,06,,G4020,Towner,Towner County,38,886944.5725490191,"{""type"":""MultiPoint"",""coordinates"":[]}"
0000000000000000040b,3074171581,295185090,,H1,071,01034215,,A,38071,+48.2661631,-098.7390310,06,,G4020,Ramsey,Ramsey County,38,1022649.0784313725,"{""type"":""MultiPoint"",""coordinates"":[]}"
0000000000000000040d,2542784454,70037102,,H1,063,01034217,,A,38063,+47.9186666,-098.2044278,06,,G4020,Nelson,Nelson County,38,736507.7254901961,"{""type"":""MultiPoint"",""coordinates"":[]}"
0000000000000000040e,3596733571,131543434,,H1,005,01034216,,A,38005,+48.0717430,-099.3511517,06,,G4020,Benson,Benson County,38,1074931.2784313725,"{""type"":""MultiPoint"",""coordinates"":[]}"
0000000000000000040f,1632134283,36114064,,H1,027,01034222,,A,38027,+47.7234355,-098.9004745,06,,G4020,Eddy,Eddy County,38,402378.03529411764,"{""type"":""MultiPoint"",""coordinates"":[]}"
00000000000000000410,1835826859,19759408,,H1,039,01034219,,A,38039,+47.4563342,-098.2322863,06,,G4020,Griggs,Griggs County,38,590109.7019607843,"{""type"":""MultiPoint"",""coordinates"":[]}"
00000000000000000411,1844613576,8424876,,H1,091,01034220,,A,38091,+47.4510624,-097.7189200,06,,G4020,Steele,Steele County,38,676446.5333333333,"{""type"":""MultiPoint"",""coordinates"":[]}"
00000000000000000412,1645810433,29450853,,H1,031,01034223,,A,38031,+47.4714315,-098.8728755,06,,G4020,Foster,Foster County,38,668656.2627450981,"{""type"":""MultiPoint"",""coordinates"":[]}"
00000000000000000414,3863105136,56593591,,H1,003,01034225,,A,38003,+46.9425500,-098.0701946,06,,G4020,Barnes,Barnes County,38,1516409.8,"{""type"":""MultiPoint"",""coordinates"":[]}"
00000000000000000416,2232438250,1462184,,H1,097,01034221,,A,38097,+47.4462146,-097.1647538,06,,G4020,Traill,Traill County,38,1017809.8274509804,"{""type"":""MultiPoint"",""coordinates"":[]}"
00000000000000000428,2223531675,21728402,,H1,081,01035303,,A,38081,+46.1082063,-097.6300298,06,,G4020,Sargent,Sargent County,38,805947.2470588237,"{""type"":""MultiPoint"",""coordinates"":[]}"
0000000000000000042f,2930494895,27610559,,H1,021,01035622,,A,38021,+46.1077559,-098.4965182,06,,G4020,Dickey,Dickey County,38,908800.9803921568,"{""type"":""MultiPoint"",""coordinates"":[]}"
00000000000000000430,2967978462,12813381,,H1,045,01035621,,A,38045,+46.4641952,-098.5260571,06,,G4020,LaMoure,LaMoure County,38,1066746.8039215684,"{""type"":""MultiPoint"",""coordinates"":[]}"
00000000000000000431,2233494177,3581125,,H1,073,01035301,,A,38073,+46.4492764,-097.6475541,06,,G4020,Ransom,Ransom County,38,676466.6549019607,"{""type"":""MultiPoint"",""coordinates"":[]}"
00000000000000000432,2571370643,47715597,,H1,047,01035620,,A,38047,+46.4692780,-099.5045846,06,,G4020,Logan,Logan County,38,401147.37647058826,"{""type"":""MultiPoint"",""coordinates"":[]}"
00000000000000000433,3499507645,211725374,,H1,043,01034206,,A,38043,+46.9382725,-099.7311980,06,,G4020,Kidder,Kidder County,38,341036.3294117647,"{""type"":""MultiPoint"",""coordinates"":[]}"
00000000000000000434,2524546491,51817666,,H1,051,01034211,,A,38051,+46.1170337,-099.4430409,06,,G4020,McIntosh,McIntosh County,38,513181.9137254902,"{""type"":""MultiPoint"",""coordinates"":[]}"
00000000000000000444,4297180186,17563263,,H1,037,01035300,,A,38037,+46.3578269,-101.6390494,06,,G4020,Grant,Grant County,38,51740.427450980394,"{""type"":""MultiPoint"",""coordinates"":[]}"
00000000000000000446,3912007902,115480697,,H1,029,01035615,,A,38029,+46.2842552,-100.2378424,06,,G4020,Emmons,Emmons County,38,626886.5725490196,"{""type"":""MultiPoint"",""coordinates"":[]}"
00000000000000000449,5466428288,563112256,,H1,055,01034232,,A,38055,+47.6530553,-101.4217937,06,,G4020,McLean,McLean County,38,877415.7803921569,"{""type"":""MultiPoint"",""coordinates"":[]}"
0000000000000000044a,2701239107,180099487,,H1,057,01034233,,A,38057,+47.3071473,-101.8333279,06,,G4020,Mercer,Mercer County,38,94865.58823529413,"{""type"":""MultiPoint"",""coordinates"":[]}"
0000000000000000044b,4727469717,301107657,,H1,061,01035307,,A,38061,+48.2102906,-102.3647561,06,,G4020,Mountrail,Mountrail County,38,201011.01568627454,"{""type"":""MultiPoint"",""coordinates"":[]}"
0000000000000000044d,2518459187,86143151,,H1,083,01034203,,A,38083,+47.5813594,-100.3309858,06,,G4020,Sheridan,Sheridan County,38,469488.694117647,"{""type"":""MultiPoint"",""coordinates"":[]}"
0000000000000000044f,3291081473,50967325,,H1,103,01034204,,A,38103,+47.5808812,-099.6822538,06,,G4020,Wells,Wells County,38,1203110.4705882354,"{""type"":""MultiPoint"",""coordinates"":[]}"
00000000000000000450,2638162562,165070765,,H1,069,01034230,,A,38069,+48.2388827,-099.9664970,06,,G4020,Pierce,Pierce County,38,708729.4588235294,"{""type"":""MultiPoint"",""coordinates"":[]}"
00000000000000000451,2338953788,93938154,,H1,079,01034228,,A,38079,+48.7682715,-099.8404634,06,,G4020,Rolette,Rolette County,38,410437.0196078431,"{""type"":""MultiPoint"",""coordinates"":[]}"
00000000000000000452,4321179405,74882085,,H1,009,01034227,,A,38009,+48.7944116,-100.8312572,06,,G4020,Bottineau,Bottineau County,38,1442302.7960784314,"{""type"":""MultiPoint"",""coordinates"":[]}"
00000000000000000454,2858265922,65700835,,H1,013,01034235,,A,38013,+48.7864534,-102.5200874,06,,G4020,Burke,Burke County,38,194247.09411764707,"{""type"":""MultiPoint"",""coordinates"":[]}"
0000000000000000045a,3265315050,86629398,,H1,023,01034234,,A,38023,+48.8147537,-103.5093256,06,,G4020,Divide,Divide County,38,195756.99215686275,"{""type"":""MultiPoint"",""coordinates"":[]}"
0000000000000000045c,7149551270,260198906,,H1,053,01035299,,A,38053,+47.7424751,-103.4032148,06,,G4020,McKenzie,McKenzie County,38,12119.549019607843,"{""type"":""MultiPoint"",""coordinates"":[]}"
00000000000000000462,2975481418,11990921,,H1,007,01035616,,A,38007,+47.0070440,-103.3640163,06,,G4020,Billings,Billings County,38,1975.0,"{""type"":""MultiPoint"",""coordinates"":[]}"
00000000000000000463,2593894351,4147471,,H1,033,01035617,,A,38033,+46.9389237,-103.8446117,06,,G4020,Golden Valley,Golden Valley County,38,30.0,"{""type"":""MultiPoint"",""coordinates"":[]}"
00000000000000000468,3146544254,10977977,,H1,087,01035896,,A,38087,+46.4458338,-103.4624620,06,,G4020,Slope,Slope County,38,5884.125490196078,"{""type"":""MultiPoint"",""coordinates"":[]}"
0000000000000000046a,5201888622,190575737,,H1,025,01035623,,A,38025,+47.3545477,-102.6123659,06,,G4020,Dunn,Dunn County,38,8372.894117647058,"{""type"":""MultiPoint"",""coordinates"":[]}"
0000000000000000086e,2932411625,4036912,,H1,041,01034209,,A,38041,+46.4357038,-102.4542380,06,,G4020,Hettinger,Hettinger County,38,23656.501960784313,"{""type"":""MultiPoint"",""coordinates"":[]}"
0000000000000000086f,2557960607,2833850,,H1,001,01034210,,A,38001,+46.0968146,-102.5331983,06,,G4020,Adams,Adams County,38,19902.243137254904,"{""type"":""MultiPoint"",""coordinates"":[]}"
00000000000000000879,3009306345,13587978,,H1,011,01035619,,A,38011,+46.1101438,-103.5059433,06,,G4020,Bowman,Bowman County,38,9508.878431372548,"{""type"":""MultiPoint"",""coordinates"":[]}"
000000000000000000d7,1180317768,4495382,,H1,111,01074068,,A,39111,+39.7262533,-081.0909868,06,,G4020,Monroe,Monroe County,39,137.0,"{""type"":""MultiPoint"",""coordinates"":[]}"
000000000000000000d8,1030845400,16985543,,H1,121,01074073,,A,39121,+39.7672325,-081.4525117,06,,G4020,Noble,Noble County,39,547.0313725490196,"{""type"":""MultiPoint"",""coordinates"":[]}"
000000000000000000db,1042034970,21847164,,H1,067,01074046,,A,39067,+40.2923175,-081.0915651,06,,G4020,Harrison,Harrison County,39,11588.184313725491,"{""type"":""MultiPoint"",""coordinates"":[]}"
000000000000000000dd,1094356036,3745075,,H1,075,01074050,,A,39075,+40.5655608,-081.9299879,06,,G4020,Holmes,Holmes County,39,73464.06274509805,"{""type"":""MultiPoint"",""coordinates"":[]}"
000000000000000000e2,1078543401,13869506,,H1,115,01074070,,A,39115,+39.6249458,-081.8616967,06,,G4020,Morgan,Morgan County,39,9872.901960784315,"{""type"":""MultiPoint"",""coordinates"":[]}"
000000000000000000f0,1053773836,1783531,,H1,175,01074099,,A,39175,+40.8397816,-083.3136810,06,,G4020,Wyandot,Wyandot County,39,424386.7450980386,"{""type"":""MultiPoint"",""coordinates"":[]}"
000000000000000000f1,1218342693,629922,,H1,065,01074045,,A,39065,+40.6604152,-083.6640773,06,,G4020,Hardin,Hardin County,39,529791.1058823527,"{""type"":""MultiPoint"",""coordinates"":[]}"
000000000000000000fc,1077461474,9687645,,H1,069,01074047,,A,39069,+41.3315843,-084.0688996,06,,G4020,Henry,Henry County,39,474920.2078431372,"{""type"":""MultiPoint"",""coordinates"":[]}"
000000000000000000fd,1249724511,4603965,,H1,137,01074081,,A,39137,+41.0245334,-084.1298791,06,,G4020,Putnam,Putnam County,39,543874.4666666668,"{""type"":""MultiPoint"",""coordinates"":[]}"
00000000000000000102,1090296605,5507083,,H1,171,01074097,,A,39171,+41.5649581,-084.5843225,06,,G4020,Williams,Williams County,39,331143.7254901961,"{""type"":""MultiPoint"",""coordinates"":[]}"
00000000000000000103,1078561239,6245392,,H1,125,01074075,,A,39125,+41.1189483,-084.5821249,06,,G4020,Paulding,Paulding County,39,398975.2901960784,"{""type"":""MultiPoint"",""coordinates"":[]}"
0000000000000000010d,1098738400,6065437,,H1,135,01074080,,A,39135,+39.7388104,-084.6447584,06,,G4020,Preble,Preble County,39,399970.87058823544,"{""type"":""MultiPoint"",""coordinates"":[]}"
00000000000000000117,1432479994,12194983,,H1,071,01074048,,A,39071,+39.1844221,-083.6013590,06,,G4020,Highland,Highland County,39,197434.84313725494,"{""type"":""MultiPoint"",""coordinates"":[]}"
0000000000000000011b,1512208937,6165939,,H1,001,01074014,,A,39001,+38.8344683,-083.4780816,06,,G4020,Adams,Adams County,39,62736.17254901961,"{""type"":""MultiPoint"",""coordinates"":[]}"
00000000000000000162,1113958479,7519824,,H1,105,01074065,,A,39105,+39.0898068,-082.0283968,06,,G4020,Meigs,Meigs County,39,9668.117647058823,"{""type"":""MultiPoint"",""coordinates"":[]}"
00000000000000000163,1068008731,6781201,,H1,163,01074093,,A,39163,+39.2520144,-082.4859610,06,,G4020,Vinton,Vinton County,39,6506.121568627452,"{""type"":""MultiPoint"",""coordinates"":[]}"
00000000000000000166,1140324458,9567612,,H1,131,01074078,,A,39131,+39.0713596,-083.0529085,06,,G4020,Pike,Pike County,39,54466.9137254902,"{""type"":""MultiPoint"",""coordinates"":[]}"
00000000000000000043,4793135130,133993589,,H1,089,01101835,,A,40089,+34.1170728,-094.7660863,06,,G4020,McCurtain,McCurtain County,40,9124.38431372549,"{""type"":""MultiPoint"",""coordinates"":[]}"
00000000000000000044,3615205224,69981947,,H1,127,01101851,,A,40127,+34.3778990,-095.4080818,06,,G4020,Pushmataha,Pushmataha County,40,49.0,"{""type"":""MultiPoint"",""coordinates"":[]}"
000000000000000000a2,1995215215,75666999,,H1,023,01101799,,A,40023,+34.0276453,-095.5542077,06,,G4020,Choctaw,Choctaw County,40,8947.145098039215,"{""type"":""MultiPoint"",""coordinates"":[]}"
000000000000000000a5,2526582870,37283827,,H1,005,01101790,,A,40005,+34.3924691,-096.0365577,06,,G4020,Atoka,Atoka County,40,144.0,"{""type"":""MultiPoint"",""coordinates"":[]}"
000000000000000000a6,1665212031,39633300,,H1,069,01101822,,A,40069,+34.3134553,-096.6542545,06,,G4020,Johnston,Johnston County,40,171.0,"{""type"":""MultiPoint"",""coordinates"":[]}"
000000000000000000ad,961562655,144194108,,H1,095,01101832,,A,40095,+34.0270068,-096.7705330,06,,G4020,Marshall,Marshall County,40,813.0,"{""type"":""MultiPoint"",""coordinates"":[]}"
000000000000000000af,1331240794,47492824,,H1,085,01101830,,A,40085,+33.9577749,-097.2451238,06,,G4020,Love,Love County,40,207.0,"{""type"":""MultiPoint"",""coordinates"":[]}"
000000000000000000b1,1965365168,39497494,,H1,067,01101821,,A,40067,+34.1050824,-097.8388896,06,,G4020,Jefferson,Jefferson County,40,101.0,"{""type"":""MultiPoint"",""coordinates"":[]}"
0000000000000000047f,2256226760,20894360,,H1,141,01101858,,A,40141,+34.3710852,-098.9317010,06,,G4020,Tillman,Tillman County,40,76907.53333333334,"{""type"":""MultiPoint"",""coordinates"":[]}"
0000000000000000050e,4752113920,15923999,,H1,025,01101800,,A,40025,+36.7483904,-102.5176984,06,,G4020,Cimarron,Cimarron County,40,3070.196078431373,"{""type"":""MultiPoint"",""coordinates"":[]}"
00000000000000000515,4700042738,7347161,,H1,007,01101791,,A,40007,+36.7483343,-100.4830555,06,,G4020,Beaver,Beaver County,40,25483.83529411765,"{""type"":""MultiPoint"",""coordinates"":[]}"
00000000000000000953,2244107192,38546675,,H1,003,01101789,,A,40003,+36.7297032,-098.3234449,06,,G4020,Alfalfa,Alfalfa County,40,81767.03921568631,"{""type"":""MultiPoint"",""coordinates"":[]}"
00000000000000000954,3331900449,9091699,,H1,151,01101863,,A,40151,+36.7269843,-098.8636490,06,,G4020,Woods,Woods County,40,7794.490196078432,"{""type"":""MultiPoint"",""coordinates"":[]}"
00000000000000000957,2691041230,5259447,,H1,059,01101817,,A,40059,+36.8003504,-099.6628052,06,,G4020,Harper,Harper County,40,149.25098039215686,"{""type"":""MultiPoint"",""coordinates"":[]}"
0000000000000000095a,3189606148,952235,,H1,045,01101810,,A,40045,+36.2242576,-099.7501388,06,,G4020,Ellis,Ellis County,40,9112.619607843137,"{""type"":""MultiPoint"",""coordinates"":[]}"
0000000000000000095c,2955528252,13695174,,H1,129,01101852,,A,40129,+35.7085544,-099.7415716,06,,G4020,Roger Mills,Roger Mills County,40,4661.5137254901965,"{""type"":""MultiPoint"",""coordinates"":[]}"
0000000000000000095d,2588642248,22679881,,H1,043,01101809,,A,40043,+35.9779598,-099.0143850,06,,G4020,Dewey,Dewey County,40,4113.972549019608,"{""type"":""MultiPoint"",""coordinates"":[]}"
00000000000000000963,1391326397,3800411,,H1,057,01101816,,A,40057,+34.7459710,-099.8441936,06,,G4020,Harmon,Harmon County,40,11571.729411764705,"{""type"":""MultiPoint"",""coordinates"":[]}"
00000000000000000965,1655842972,11157422,,H1,055,01101815,,A,40055,+34.9338533,-099.5529675,06,,G4020,Greer,Greer County,40,12617.01568627451,"{""type"":""MultiPoint"",""coordinates"":[]}"
00000000000000000967,2629209766,40296743,,H1,075,01101825,,A,40075,+34.9214893,-098.9816168,06,,G4020,Kiowa,Kiowa County,40,62088.149019607845,"{""type"":""MultiPoint"",""coordinates"":[]}"
00000000000000000968,2598189859,14579002,,H1,149,01101862,,A,40149,+35.2894967,-098.9914359,06,,G4020,Washita,Washita County,40,71197.98039215687,"{""type"":""MultiPoint"",""coordinates"":[]}"
00000000000000000969,2404605820,26851760,,H1,011,01101793,,A,40011,+35.8777820,-098.4289343,06,,G4020,Blaine,Blaine County,40,8615.96862745098,"{""type"":""MultiPoint"",""coordinates"":[]}"
0000000000000000096a,3310745124,30820525,,H1,015,01101795,,A,40015,+35.1679202,-098.3810447,06,,G4020,Caddo,Caddo County,40,42297.22352941176,"{""type"":""MultiPoint"",""coordinates"":[]}"
0000000000000000096f,2326224063,20348781,,H1,073,01101824,,A,40073,+35.9494308,-097.9345680,06,,G4020,Kingfisher,Kingfisher County,40,12023.25882352941,"{""type"":""MultiPoint"",""coordinates"":[]}"
00000000000000000971,2473407963,7651201,,H1,093,01101831,,A,40093,+36.3131189,-098.5420147,06,,G4020,Major,Major County,40,18181.4431372549,"{""type"":""MultiPoint"",""coordinates"":[]}"
00000000000000000972,2592245019,7021951,,H1,053,01101814,,A,40053,+36.7882544,-097.7881508,06,,G4020,Grant,Grant County,40,194924.02745098041,"{""type"":""MultiPoint"",""coordinates"":[]}"
00000000000000000974,1895593648,27552185,,H1,103,01101839,,A,40103,+36.3849010,-097.2363345,06,,G4020,Noble,Noble County,40,114589.16078431372,"{""type"":""MultiPoint"",""coordinates"":[]}"
00000000000000000981,2077332603,30111858,,H1,049,01101812,,A,40049,+34.7093497,-097.3127230,06,,G4020,Garvin,Garvin County,40,22522.368627450982,"{""type"":""MultiPoint"",""coordinates"":[]}"
00000000000000000982,1078624676,22365113,,H1,099,01101837,,A,40099,+34.4857664,-097.0715567,06,,G4020,Murray,Murray County,40,440.0,"{""type"":""MultiPoint"",""coordinates"":[]}"
00000000000000000984,1639040855,19778906,,H1,133,01101854,,A,40133,+35.1583657,-096.6028575,06,,G4020,Seminole,Seminole County,40,1161.141176470588,"{""type"":""MultiPoint"",""coordinates"":[]}"
00000000000000000985,1338200617,12079759,,H1,029,01101802,,A,40029,+34.5828612,-096.2880390,06,,G4020,Coal,Coal County,40,347.0,"{""type"":""MultiPoint"",""coordinates"":[]}"
00000000000000000986,2084026137,26504863,,H1,063,01101819,,A,40063,+35.0529339,-096.2511829,06,,G4020,Hughes,Hughes County,40,5823.862745098039,"{""type"":""MultiPoint"",""coordinates"":[]}"
00000000000000000987,1602086607,26680140,,H1,107,01101841,,A,40107,+35.4668040,-096.3277619,06,,G4020,Okfuskee,Okfuskee County,40,3478.713725490196,"{""type"":""MultiPoint"",""coordinates"":[]}"
0000000000000000098a,1601897950,242913899,,H1,091,01101836,,A,40091,+35.3691078,-095.6717865,06,,G4020,McIntosh,McIntosh County,40,1132.7490196078431,"{""type"":""MultiPoint"",""coordinates"":[]}"
0000000000000000098c,1870180320,18213565,,H1,077,01101826,,A,40077,+34.8751365,-095.2722625,06,,G4020,Latimer,Latimer County,40,132.0,"{""type"":""MultiPoint"",""coordinates"":[]}"
0000000000000000098e,1493182633,126266425,,H1,061,01101818,,A,40061,+35.2322937,-095.1095776,06,,G4020,Haskell,Haskell County,40,3180.835294117647,"{""type"":""MultiPoint"",""coordinates"":[]}"
00000000000000000992,1697432142,72855332,,H1,097,01101833,,A,40097,+36.3038040,-095.2356382,06,,G4020,Mayes,Mayes County,40,12784.709803921569,"{""type"":""MultiPoint"",""coordinates"":[]}"
00000000000000000996,1465358448,38869450,,H1,105,01101840,,A,40105,+36.7896148,-095.6133123,06,,G4020,Nowata,Nowata County,40,11313.984313725488,"{""type"":""MultiPoint"",""coordinates"":[]}"
00000000000000000999,1971897021,3697828,,H1,035,01101805,,A,40035,+36.7638896,-095.2015531,06,,G4020,Craig,Craig County,40,21732.70980392157,"{""type"":""MultiPoint"",""coordinates"":[]}"
000000000000000009eb,1911820030,140253641,,H1,041,01101808,,A,40041,+36.3933755,-094.8082170,06,,G4020,Delaware,Delaware County,40,7951.223529411765,"{""type"":""MultiPoint"",""coordinates"":[]}"
000000000000000009f3,1485305064,9254749,,H1,001,01101788,,A,40001,+35.8980428,-094.6510258,06,,G4020,Adair,Adair County,40,248.0,"{""type"":""MultiPoint"",""coordinates"":[]}"
0000000000000000060e,2855122943,595798838,,H1,057,01135864,,A,41057,+45.4558895,-123.7592988,06,,G4020,Tillamook,Tillamook County,41,0.0,"{""type"":""MultiPoint"",""coordinates"":[]}"
00000000000000000616,3120213949,46914718,,H1,021,01135850,,A,41021,+45.3829550,-120.2762460,06,,G4020,Gilliam,Gilliam County,41,1.0,"{""type"":""MultiPoint"",""coordinates"":[]}"
00000000000000000617,2133151552,19617470,,H1,055,01135863,,A,41055,+45.3992158,-120.6785124,06,,G4020,Sherman,Sherman County,41,0.0,"{""type"":""MultiPoint"",""coordinates"":[]}"
00000000000000000625,8147836571,14191615,,H1,063,01155135,,A,41063,+45.5937530,-117.1855796,06,,G4020,Wallowa,Wallowa County,41,0.0,"{""type"":""MultiPoint"",""coordinates"":[]}"
00000000000000000629,11726927791,1893807,,H1,023,01135851,,A,41023,+44.4963261,-119.0140572,06,,G4020,Grant,Grant County,41,5.0,"{""type"":""MultiPoint"",""coordinates"":[]}"
0000000000000000062a,7945996927,51832632,,H1,001,01135845,,A,41001,+44.7034268,-117.6919334,06,,G4020,Baker,Baker County,41,8.0,"{""type"":""MultiPoint"",""coordinates"":[]}"
00000000000000000639,26248071434,241568256,,H1,025,01135852,,A,41025,+43.0644492,-118.9871695,06,,G4020,Harney,Harney County,41,3.0,"{""type"":""MultiPoint"",""coordinates"":[]}"
0000000000000000063d,21078875989,568514572,,H1,037,01135854,,A,41037,+42.7884009,-120.3897896,06,,G4020,Lake,Lake County,41,0.0,"{""type"":""MultiPoint"",""coordinates"":[]}"
00000000000000000642,4444476926,1241033,,H1,069,01135865,,A,41069,+44.7364146,-120.0268608,06,,G4020,Wheeler,Wheeler County,41,0.0,"{""type"":""MultiPoint"",""coordinates"":[]}"
00000000000000000643,4615975256,26213922,,H1,031,01155132,,A,41031,+44.6451505,-121.1786315,06,,G4020,Jefferson,Jefferson County,41,1.0,"{""type"":""MultiPoint"",""coordinates"":[]}"
000000000000000000be,1106623936,8356610,,H1,053,01213669,,A,42053,+41.5133040,-079.2497050,06,,G4020,Forest,Forest County,42,1743.8745098039217,"{""type"":""MultiPoint"",""coordinates"":[]}"
000000000000000000bf,1556152465,23335885,,H1,031,01210234,,A,42031,+41.1981594,-079.4203691,06,,G4020,Clarion,Clarion County,42,34906.60784313725,"{""type"":""MultiPoint"",""coordinates"":[]}"
000000000000000000cc,1491700969,5253864,,H1,059,01214033,,A,42059,+39.8477067,-080.2256552,06,,G4020,Greene,Greene County,42,1576.0,"{""type"":""MultiPoint"",""coordinates"":[]}"
00000000000000000851,930141784,89983085,,H1,065,01248012,,A,45065,+33.8976052,-082.3161920,06,,G4020,McCormick,McCormick County,45,88.0,"{""type"":""MultiPoint"",""coordinates"":[]}"
00000000000000000858,1420294942,23008120,,H1,011,01247983,,A,45011,+33.2605516,-081.4342278,06,,G4020,Barnwell,Barnwell County,45,30365.121568627455,"{""type"":""MultiPoint"",""coordinates"":[]}"
00000000000000000859,1056948589,11208070,,H1,005,01247980,,A,45005,+32.9797838,-081.3634213,06,,G4020,Allendale,Allendale County,45,51185.70196078431,"{""type"":""MultiPoint"",""coordinates"":[]}"
0000000000000000085a,1018815536,5685860,,H1,009,01247982,,A,45009,+33.2030211,-081.0531607,06,,G4020,Bamberg,Bamberg County,45,37989.074509803926,"{""type"":""MultiPoint"",""coordinates"":[]}"
0000000000000000085b,2736299921,198896760,,H1,029,01247991,,A,45029,+32.8350184,-080.6552438,06,,G4020,Colleton,Colleton County,45,42526.36078431372,"{""type"":""MultiPoint"",""coordinates"":[]}"
0000000000000000085c,1450121734,7276755,,H1,049,01248004,,A,45049,+32.7783349,-081.1438173,06,,G4020,Hampton,Hampton County,45,51653.243137254896,"{""type"":""MultiPoint"",""coordinates"":[]}"
0000000000000000086b,2419464742,7469568,,H1,089,01248018,,A,45089,+33.6264629,-079.7164752,06,,G4020,Williamsburg,Williamsburg County,45,90491.67450980391,"{""type"":""MultiPoint"",""coordinates"":[]}"
0000000000000000086d,1571964063,229790157,,H1,027,01247990,,A,45027,+33.6646821,-080.2178886,06,,G4020,Clarendon,Clarendon County,45,131200.30196078433,"{""type"":""MultiPoint"",""coordinates"":[]}"
00000000000000000a02,2069534791,17248205,,H1,025,01247989,,A,45025,+34.6370178,-080.1592269,06,,G4020,Chesterfield,Chesterfield County,45,44628.56862745099,"{""type"":""MultiPoint"",""coordinates"":[]}"
00000000000000000a05,1048523624,4545513,,H1,033,01247993,,A,45033,+34.3901723,-079.3749638,06,,G4020,Dillon,Dillon County,45,107503.89411764707,"{""type"":""MultiPoint"",""coordinates"":[]}"
00000000000000000a07,1267162023,12643194,,H1,067,01248010,,A,45067,+34.0836195,-079.3540014,06,,G4020,Marion,Marion County,45,52846.6039215686,"{""type"":""MultiPoint"",""coordinates"":[]}"
00000000000000000a08,1062372381,2715077,,H1,061,01245652,,A,45061,+34.1586401,-080.2512086,06,,G4020,Lee,Lee County,45,97311.06274509802,"{""type"":""MultiPoint"",""coordinates"":[]}"
00000000000000000425,1764949265,15753610,,H1,051,01265782,,A,46051,+45.1726366,-096.7722606,06,,G4020,Grant,Grant County,46,651777.7098039215,"{""type"":""MultiPoint"",""coordinates"":[]}"
00000000000000000426,2851702828,89947545,,H1,109,01265786,,A,46109,+45.6233973,-096.9475513,06,,G4020,Roberts,Roberts County,46,1071464.0470588235,"{""type"":""MultiPoint"",""coordinates"":[]}"
00000000000000000427,2170630077,124680563,,H1,091,01265759,,A,46091,+45.7370443,-097.5808695,06,,G4020,Marshall,Marshall County,46,616518.2274509805,"{""type"":""MultiPoint"",""coordinates"":[]}"
00000000000000000429,2662165811,163751128,,H1,037,01265790,,A,46037,+45.3550335,-097.5814295,06,,G4020,Day,Day County,46,882263.290196079,"{""type"":""MultiPoint"",""coordinates"":[]}"
0000000000000000042a,1612750054,36071554,,H1,039,01265781,,A,46039,+44.7562899,-096.6902393,06,,G4020,Deuel,Deuel County,46,519217.9019607843,"{""type"":""MultiPoint"",""coordinates"":[]}"
0000000000000000042c,1313731177,79864239,,H1,057,01265766,,A,46057,+44.6806187,-097.1785980,06,,G4020,Hamlin,Hamlin County,46,588259.5803921568,"{""type"":""MultiPoint"",""coordinates"":[]}"
0000000000000000042d,2480181925,25627353,,H1,025,01266985,,A,46025,+44.8552107,-097.7249124,06,,G4020,Clark,Clark County,46,839459.0627450978,"{""type"":""MultiPoint"",""coordinates"":[]}"
00000000000000000435,2943892856,38569612,,H1,089,01265762,,A,46089,+45.7842491,-099.2114212,06,,G4020,McPherson,McPherson County,46,459238.694117647,"{""type"":""MultiPoint"",""coordinates"":[]}"
00000000000000000437,3894133600,16076446,,H1,115,01266987,,A,46115,+44.9237717,-098.3396152,06,,G4020,Spink,Spink County,46,1677838.7882352942,"{""type"":""MultiPoint"",""coordinates"":[]}"
00000000000000000438,2542574624,62678931,,H1,049,01265760,,A,46049,+45.0654764,-099.1535637,06,,G4020,Faulk,Faulk County,46,764093.9960784315,"{""type"":""MultiPoint"",""coordinates"":[]}"
00000000000000000439,3720897237,9241423,,H1,059,01265783,,A,46059,+44.5467133,-099.0045751,06,,G4020,Hand,Hand County,46,913556.6431372549,"{""type"":""MultiPoint"",""coordinates"":[]}"
0000000000000000043a,1900214169,96243721,,H1,021,01266974,,A,46021,+45.7855747,-100.0021074,06,,G4020,Campbell,Campbell County,46,396767.59607843135,"{""type"":""MultiPoint"",""coordinates"":[]}"
0000000000000000043b,1835347958,93215017,,H1,129,01266973,,A,46129,+45.4276046,-100.0278563,06,,G4020,Walworth,Walworth County,46,370300.00392156874,"{""type"":""MultiPoint"",""coordinates"":[]}"
0000000000000000043c,2230366853,97171992,,H1,107,01265761,,A,46107,+45.0527131,-099.9620034,06,,G4020,Potter,Potter County,46,436229.04313725495,"{""type"":""MultiPoint"",""coordinates"":[]}"
0000000000000000043d,2228778417,14541547,,H1,069,01266984,,A,46069,+44.5373012,-099.4921478,06,,G4020,Hyde,Hyde County,46,282560.47843137255,"{""type"":""MultiPoint"",""coordinates"":[]}"
0000000000000000043f,5963430695,369819592,,H1,041,01266994,,A,46041,+45.1480490,-100.8379534,06,,G4020,Dewey,Dewey County,46,18759.843137254902,"{""type"":""MultiPoint"",""coordinates"":[]}"
00000000000000000442,6396478549,155287213,,H1,031,01265811,,A,46031,+45.6856708,-101.1796647,06,,G4020,Corson,Corson County,46,65235.015686274506,"{""type"":""MultiPoint"",""coordinates"":[]}"
0000000000000000058b,4506085742,24080933,,H1,047,01265787,,A,46047,+43.2216189,-103.5126087,06,,G4020,Fall River,Fall River County,46,19.0,"{""type"":""MultiPoint"",""coordinates"":[]}"
00000000000000000870,7434503516,50539648,,H1,105,01266990,,A,46105,+45.4833865,-102.4679947,06,,G4020,Perkins,Perkins County,46,13031.827450980392,"{""type"":""MultiPoint"",""coordinates"":[]}"
00000000000000000871,5079575455,24212303,,H1,137,01266993,,A,46137,+44.9897638,-101.6608274,06,,G4020,Ziebach,Ziebach County,46,69580.72941176471,"{""type"":""MultiPoint"",""coordinates"":[]}"
00000000000000000872,4689280306,42449688,,H1,055,01266988,,A,46055,+44.2828847,-101.5954603,06,,G4020,Haakon,Haakon County,46,4888.858823529412,"{""type"":""MultiPoint"",""coordinates"":[]}"
00000000000000000875,6919334580,16956320,,H1,063,01265792,,A,46063,+45.5966116,-103.4738669,06,,G4020,Harding,Harding County,46,39.0,"{""type"":""MultiPoint"",""coordinates"":[]}"
00000000000000000876,5827518048,42730886,,H1,019,01265793,,A,46019,+44.8962264,-103.5014361,06,,G4020,Butte,Butte County,46,14260.0,"{""type"":""MultiPoint"",""coordinates"":[]}"
000000000000000008a0,3596269877,5854544,,H1,121,01266989,,A,46121,+43.2087936,-100.7076636,06,,G4020,Todd,Todd County,46,32664.427450980398,"{""type"":""MultiPoint"",""coordinates"":[]}"
000000000000000008a1,3068383088,15010866,,H1,007,01265812,,A,46007,+43.1869121,-101.6771810,06,,G4020,Bennett,Bennett County,46,30225.650980392158,"{""type"":""MultiPoint"",""coordinates"":[]}"
000000000000000008a5,5422847813,7126221,,H1,102,01266992,,A,46102,+43.3336299,-102.5616990,06,,G4020,Oglala Lakota,Oglala Lakota County,46,9271.141176470588,"{""type"":""MultiPoint"",""coordinates"":[]}"
000000000000000008a6,4827513893,19097106,,H1,071,01265794,,A,46071,+43.6775056,-101.6263228,06,,G4020,Jackson,Jackson County,46,13719.713725490195,"{""type"":""MultiPoint"",""coordinates"":[]}"
000000000000000008a7,3385868883,9219640,,H1,095,01267177,,A,46095,+43.5846896,-100.7609555,06,,G4020,Mellette,Mellette County,46,21379.41568627451,"{""type"":""MultiPoint"",""coordinates"":[]}"
000000000000000008a8,2511453379,3147180,,H1,075,01266981,,A,46075,+43.9519896,-100.6861386,06,,G4020,Jones,Jones County,46,11494.129411764705,"{""type"":""MultiPoint"",""coordinates"":[]}"
000000000000000008a9,4253153646,167659051,,H1,085,01265789,,A,46085,+43.8948122,-099.8419253,06,,G4020,Lyman,Lyman County,46,124930.61176470589,"{""type"":""MultiPoint"",""coordinates"":[]}"
000000000000000008aa,1220892945,42362357,,H1,017,01265767,,A,46017,+44.0443062,-099.2039983,06,,G4020,Buffalo,Buffalo County,46,121573.25490196081,"{""type"":""MultiPoint"",""coordinates"":[]}"
000000000000000008ab,4176233699,13272785,,H1,123,01265784,,A,46123,+43.3497292,-099.8762186,06,,G4020,Tripp,Tripp County,46,305133.9960784314,"{""type"":""MultiPoint"",""coordinates"":[]}"
000000000000000008ac,2116642546,75721265,,H1,015,01265768,,A,46015,+43.7298803,-099.0929410,06,,G4020,Brule,Brule County,46,443109.5019607844,"{""type"":""MultiPoint"",""coordinates"":[]}"
000000000000000008ad,2628707427,99900775,,H1,053,01265765,,A,46053,+43.1790977,-099.2021531,06,,G4020,Gregory,Gregory County,46,263001.5450980392,"{""type"":""MultiPoint"",""coordinates"":[]}"
000000000000000008ae,2842480887,136616766,,H1,023,01266976,,A,46023,+43.2061853,-098.5951429,06,,G4020,Charles Mix,Charles Mix County,46,777109.1960784313,"{""type"":""MultiPoint"",""coordinates"":[]}"
000000000000000008b4,1118359040,4832944,,H1,043,01266978,,A,46043,+43.3915064,-098.3584331,06,,G4020,Douglas,Douglas County,46,420090.12549019617,"{""type"":""MultiPoint"",""coordinates"":[]}"
000000000000000008b6,1459978989,46518944,,H1,009,01266997,,A,46009,+42.9857990,-097.8841987,06,,G4020,Bon Homme,Bon Homme County,46,552176.6666666649,"{""type"":""MultiPoint"",""coordinates"":[]}"
000000000000000008b9,2105411239,3928766,,H1,067,01265771,,A,46067,+43.3367101,-097.7493828,06,,G4020,Hutchinson,Hutchinson County,46,949420.4470588237,"{""type"":""MultiPoint"",""coordinates"":[]}"
000000000000000008bc,1476889389,4382648,,H1,097,01265777,,A,46097,+44.0215411,-097.6081220,06,,G4020,Miner,Miner County,46,507758.4235294121,"{""type"":""MultiPoint"",""coordinates"":[]}"
000000000000000008bd,1474586445,2938339,,H1,111,01266977,,A,46111,+44.0210318,-098.0921054,06,,G4020,Sanborn,Sanborn County,46,380852.30196078436,"{""type"":""MultiPoint"",""coordinates"":[]}"
000000000000000008be,1362808084,16668604,,H1,073,01265778,,A,46073,+44.0634099,-098.6231702,06,,G4020,Jerauld,Jerauld County,46,251283.55686274517,"{""type"":""MultiPoint"",""coordinates"":[]}"
000000000000000008bf,1834813753,11201379,,H1,003,01266983,,A,46003,+43.7247191,-098.5775872,06,,G4020,Aurora,Aurora County,46,459863.4274509807,"{""type"":""MultiPoint"",""coordinates"":[]}"
000000000000000008c1,2155483523,81655092,,H1,077,01265780,,A,46077,+44.3629687,-097.4993130,06,,G4020,Kingsbury,Kingsbury County,46,871306.2823529412,"{""type"":""MultiPoint"",""coordinates"":[]}"
000000000000000008c3,1458881288,30781779,,H1,079,01265776,,A,46079,+44.0284497,-097.1232229,06,,G4020,Lake,Lake County,46,691801.6,"{""type"":""MultiPoint"",""coordinates"":[]}"
000000000000000008c6,1345200317,3679400,,H1,101,01265775,,A,46101,+44.0124293,-096.6760536,06,,G4020,Moody,Moody County,46,634301.196078431,"{""type"":""MultiPoint"",""coordinates"":[]}"
000000000000000001af,772960232,11007740,,H1,091,01639760,,A,47091,+36.4532029,-081.8612467,06,,G4020,Johnson,Johnson County,47,175.0,"{""type"":""MultiPoint"",""coordinates"":[]}"
0000000000000000070b,429381245,72799687,,H1,095,01639762,,A,47095,+36.3339054,-089.4855365,06,,G4020,Lake,Lake County,47,48133.01960784314,"{""type"":""MultiPoint"",""coordinates"":[]}"
0000000000000000070c,1222389178,92231168,,H1,097,01639763,,A,47097,+35.7629507,-089.6277318,06,,G4020,Lauderdale,Lauderdale County,47,70839.6549019608,"{""type"":""MultiPoint"",""coordinates"":[]}"
00000000000000000710,1561106430,2341447,,H1,053,01639745,,A,47053,+35.9916366,-088.9338103,06,,G4020,Gibson,Gibson County,47,350777.50588235294,"{""type"":""MultiPoint"",""coordinates"":[]}"
0000000000000000071b,1189647479,87249819,,H1,161,01639792,,A,47161,+36.4584642,-087.8118894,06,,G4020,Stewart,Stewart County,47,11127.372549019608,"{""type"":""MultiPoint"",""coordinates"":[]}"
0000000000000000071d,1021248374,108583506,,H1,005,01639724,,A,47005,+36.0692530,-088.0712118,06,,G4020,Benton,Benton County,47,23796.41176470588,"{""type"":""MultiPoint"",""coordinates"":[]}"
0000000000000000071e,1547925982,6308712,,H1,017,01639729,,A,47017,+35.9659184,-088.4522981,06,,G4020,Carroll,Carroll County,47,127009.45098039217,"{""type"":""MultiPoint"",""coordinates"":[]}"
00000000000000000720,1346816702,15219341,,H1,077,01639754,,A,47077,+35.6539945,-088.3876742,06,,G4020,Henderson,Henderson County,47,44677.243137254896,"{""type"":""MultiPoint"",""coordinates"":[]}"
00000000000000000722,1729454854,6823705,,H1,069,01639750,,A,47069,+35.2187853,-088.9886970,06,,G4020,Hardeman,Hardeman County,47,41486.72941176472,"{""type"":""MultiPoint"",""coordinates"":[]}"
00000000000000000723,1457754835,1994987,,H1,109,01639774,,A,47109,+35.1752280,-088.5636295,06,,G4020,McNairy,McNairy County,47,24450.26666666667,"{""type"":""MultiPoint"",""coordinates"":[]}"
00000000000000000724,1495279386,49111071,,H1,071,01639751,,A,47071,+35.2018926,-088.1856958,06,,G4020,Hardin,Hardin County,47,43647.8705882353,"{""type"":""MultiPoint"",""coordinates"":[]}"
00000000000000000725,864665743,28577041,,H1,039,01639739,,A,47039,+35.6031362,-088.1102917,06,,G4020,Decatur,Decatur County,47,17550.129411764705,"{""type"":""MultiPoint"",""coordinates"":[]}"
00000000000000000726,1074197591,21034746,,H1,135,01639781,,A,47135,+35.6637491,-087.8693294,06,,G4020,Perry,Perry County,47,11343.156862745098,"{""type"":""MultiPoint"",""coordinates"":[]}"
00000000000000000727,1901315006,4023416,,H1,181,01639798,,A,47181,+35.2428473,-087.8198433,06,,G4020,Wayne,Wayne County,47,20875.803921568626,"{""type"":""MultiPoint"",""coordinates"":[]}"
00000000000000000a3a,575820508,2984310,,H1,067,01648577,,A,47067,+36.5214195,-083.2274526,06,,G4020,Hancock,Hancock County,47,401.74117647058824,"{""type"":""MultiPoint"",""coordinates"":[]}"
00000000000000000a3d,1125581221,18090601,,H1,025,01639733,,A,47025,+36.5015422,-083.6607217,06,,G4020,Claiborne,Claiborne County,47,372.10196078431375,"{""type"":""MultiPoint"",""coordinates"":[]}"
00000000000000000a4a,1378656638,2414254,,H1,151,01639788,,A,47151,+36.4352757,-084.5035281,06,,G4020,Scott,Scott County,47,243.0,"{""type"":""MultiPoint"",""coordinates"":[]}"
00000000000000000a4d,422113138,29822859,,H1,137,01648580,,A,47137,+36.5593638,-085.0757410,06,,G4020,Pickett,Pickett County,47,1327.2470588235294,"{""type"":""MultiPoint"",""coordinates"":[]}"
00000000000000000a4e,1291397312,829331,,H1,049,01639743,,A,47049,+36.3698878,-084.9377640,06,,G4020,Fentress,Fentress County,47,1742.2509803921569,"{""type"":""MultiPoint"",""coordinates"":[]}"
00000000000000000a52,1052635798,838360,,H1,007,01639725,,A,47007,+35.5936683,-085.2059790,06,,G4020,Bledsoe,Bledsoe County,47,5509.96862745098,"{""type"":""MultiPoint"",""coordinates"":[]}"
00000000000000000a53,505410612,55964031,,H1,121,01639775,,A,47121,+35.5122029,-084.8161018,06,,G4020,Meigs,Meigs County,47,2977.1176470588234,"{""type"":""MultiPoint"",""coordinates"":[]}"
00000000000000000a57,1646324247,43852639,,H1,123,01639776,,A,47123,+35.4478181,-084.2497050,06,,G4020,Monroe,Monroe County,47,10702.70980392157,"{""type"":""MultiPoint"",""coordinates"":[]}"
00000000000000000a71,975592097,7113368,,H1,185,01639800,,A,47185,+35.9270486,-085.4557854,06,,G4020,White,White County,47,10374.0,"{""type"":""MultiPoint"",""coordinates"":[]}"
00000000000000000a72,708142422,2893455,,H1,175,01648584,,A,47175,+35.6992335,-085.4584092,06,,G4020,Van Buren,Van Buren County,47,1797.0,"{""type"":""MultiPoint"",""coordinates"":[]}"
00000000000000000a74,933549061,1752165,,H1,061,01639748,,A,47061,+35.3933560,-085.7103893,06,,G4020,Grundy,Grundy County,47,11051.38431372549,"{""type"":""MultiPoint"",""coordinates"":[]}"
00000000000000000a77,788283759,63786567,,H1,041,01639738,,A,47041,+35.9822191,-085.8335959,06,,G4020,DeKalb,DeKalb County,47,17214.780392156863,"{""type"":""MultiPoint"",""coordinates"":[]}"
00000000000000000a7f,1477188735,971039,,H1,103,01639766,,A,47103,+35.1429163,-086.5932976,06,,G4020,Lincoln,Lincoln County,47,80563.71372549019,"{""type"":""MultiPoint"",""coordinates"":[]}"
00000000000000000a80,1582294988,642572,,H1,055,01639746,,A,47055,+35.2027228,-087.0353190,06,,G4020,Giles,Giles County,47,60714.70196078432,"{""type"":""MultiPoint"",""coordinates"":[]}"
00000000000000000a89,730608072,1031592,,H1,101,01639765,,A,47101,+35.5232441,-087.4969827,06,,G4020,Lewis,Lewis County,47,2099.639215686275,"{""type"":""MultiPoint"",""coordinates"":[]}"
00000000000000000a93,1374668749,67184106,,H1,085,01639757,,A,47085,+36.0408218,-087.7904526,06,,G4020,Humphreys,Humphreys County,47,28877.90588235294,"{""type"":""MultiPoint"",""coordinates"":[]}"
00000000000000000a94,518749022,17312576,,H1,083,01648578,,A,47083,+36.2857824,-087.7055983,06,,G4020,Houston,Houston County,47,2165.5450980392156,"{""type"":""MultiPoint"",""coordinates"":[]}"
00000000000000000aa6,612626307,59071215,,H1,027,01648573,,A,47027,+36.5457881,-085.5458160,06,,G4020,Clay,Clay County,47,1807.9333333333334,"{""type"":""MultiPoint"",""coordinates"":[]}"
0000000000000000003e,2426724487,60499731,,H1,067,01383819,,A,48067,+33.0836979,-094.3575786,06,,G4020,Cass,Cass County,48,348.0,"{""type"":""MultiPoint"",""coordinates"":[]}"
00000000000000000045,2703626758,33305608,,H1,387,01383979,,A,48387,+33.6196255,-095.0484293,06,,G4020,Red River,Red River County,48,80408.8431372549,"{""type"":""MultiPoint"",""coordinates"":[]}"
00000000000000000047,652637706,17393789,,H1,343,01383957,,A,48343,+33.1164660,-094.7312653,06,,G4020,Morris,Morris County,48,102.0,"{""type"":""MultiPoint"",""coordinates"":[]}"
00000000000000000048,507184765,19186958,,H1,063,01383817,,A,48063,+32.9745813,-094.9790850,06,,G4020,Camp,Camp County,48,25.0,"{""type"":""MultiPoint"",""coordinates"":[]}"
0000000000000000004e,2101400692,25810622,,H1,365,01383968,,A,48365,+32.1639784,-094.3051563,06,,G4020,Panola,Panola County,48,28.0,"{""type"":""MultiPoint"",""coordinates"":[]}"
0000000000000000004f,986503063,102126745,,H1,315,01383940,,A,48315,+32.7981818,-094.3568528,06,,G4020,Marion,Marion County,48,235.0,"{""type"":""MultiPoint"",""coordinates"":[]}"
00000000000000000050,2060566167,101081674,,H1,419,01383995,,A,48419,+31.7901394,-094.1425794,06,,G4020,Shelby,Shelby County,48,2.0,"{""type"":""MultiPoint"",""coordinates"":[]}"
00000000000000000051,1272739767,220719716,,H1,403,01383987,,A,48403,+31.3432997,-093.8519129,06,,G4020,Sabine,Sabine County,48,0.0,"{""type"":""MultiPoint"",""coordinates"":[]}"
00000000000000000052,1374395181,159644687,,H1,405,01383988,,A,48405,+31.3824492,-094.1631796,06,,G4020,San Augustine,San Augustine County,48,0.0,"{""type"":""MultiPoint"",""coordinates"":[]}"
00000000000000000055,3188288247,14426022,,H1,225,01383898,,A,48225,+31.3230362,-095.4215995,06,,G4020,Houston,Houston County,48,9793.674509803923,"{""type"":""MultiPoint"",""coordinates"":[]}"
00000000000000000058,2737733226,136271621,,H1,373,01383972,,A,48373,+30.7845525,-094.8373376,06,,G4020,Polk,Polk County,48,121.21960784313725,"{""type"":""MultiPoint"",""coordinates"":[]}"
00000000000000000059,2394430925,28821288,,H1,457,01384014,,A,48457,+30.7692953,-094.3756561,06,,G4020,Tyler,Tyler County,48,5.8392156862745095,"{""type"":""MultiPoint"",""coordinates"":[]}"
0000000000000000005a,2431105375,80399908,,H1,241,01383906,,A,48241,+30.7529323,-094.0222943,06,,G4020,Jasper,Jasper County,48,27.15686274509804,"{""type"":""MultiPoint"",""coordinates"":[]}"
0000000000000000005b,1474332261,151949236,,H1,407,01383989,,A,48407,+30.5743884,-095.1631363,06,,G4020,San Jacinto,San Jacinto County,48,94.57647058823531,"{""type"":""MultiPoint"",""coordinates"":[]}"
00000000000000000071,2487151628,34682260,,H1,089,01383830,,A,48089,+29.5962960,-096.5089347,06,,G4020,Colorado,Colorado County,48,69934.90980392158,"{""type"":""MultiPoint"",""coordinates"":[]}"
00000000000000000072,2148246647,71039573,,H1,239,01383905,,A,48239,+28.9598019,-096.5890800,06,,G4020,Jackson,Jackson County,48,146352.4470588235,"{""type"":""MultiPoint"",""coordinates"":[]}"
00000000000000000075,2511535247,1882216,,H1,285,01383928,,A,48285,+29.3825778,-096.9236334,06,,G4020,Lavaca,Lavaca County,48,11315.81568627451,"{""type"":""MultiPoint"",""coordinates"":[]}"
00000000000000000076,2354237949,3919919,,H1,123,01383844,,A,48123,+29.0823457,-097.3616543,06,,G4020,DeWitt,DeWitt County,48,7689.094117647059,"{""type"":""MultiPoint"",""coordinates"":[]}"
00000000000000000077,1995545559,123687613,,H1,391,01383981,,A,48391,+28.3127162,-097.1613657,06,,G4020,Refugio,Refugio County,48,127797.6980392157,"{""type"":""MultiPoint"",""coordinates"":[]}"
0000000000000000007a,1936189586,15490412,,H1,255,01383913,,A,48255,+28.9089957,-097.8522048,06,,G4020,Karnes,Karnes County,48,19746.972549019603,"{""type"":""MultiPoint"",""coordinates"":[]}"
0000000000000000007c,2762704869,8204086,,H1,177,01383874,,A,48177,+29.4619169,-097.4918609,06,,G4020,Gonzales,Gonzales County,48,2018.392156862745,"{""type"":""MultiPoint"",""coordinates"":[]}"
00000000000000000080,2460509745,25381859,,H1,149,01383860,,A,48149,+29.8778861,-096.9212309,06,,G4020,Fayette,Fayette County,48,2896.913725490196,"{""type"":""MultiPoint"",""coordinates"":[]}"
00000000000000000082,1629205100,13106452,,H1,287,01383929,,A,48287,+30.3210784,-096.9763206,06,,G4020,Lee,Lee County,48,1457.2039215686275,"{""type"":""MultiPoint"",""coordinates"":[]}"
00000000000000000086,2633655687,12720745,,H1,331,01383951,,A,48331,+30.7912420,-096.9843946,06,,G4020,Milam,Milam County,48,49693.325490196105,"{""type"":""MultiPoint"",""coordinates"":[]}"
0000000000000000008e,2344685542,72197849,,H1,293,01383932,,A,48293,+31.5475427,-096.5936230,06,,G4020,Limestone,Limestone County,48,13753.007843137257,"{""type"":""MultiPoint"",""coordinates"":[]}"
0000000000000000008f,2273311879,36936952,,H1,161,01383866,,A,48161,+31.7012602,-096.1444867,06,,G4020,Freestone,Freestone County,48,283.7019607843137,"{""type"":""MultiPoint"",""coordinates"":[]}"
00000000000000000090,2779462016,19328383,,H1,289,01383930,,A,48289,+31.3004926,-095.9956219,06,,G4020,Leon,Leon County,48,5886.84705882353,"{""type"":""MultiPoint"",""coordinates"":[]}"
00000000000000000091,1207103466,16493254,,H1,313,01383939,,A,48313,+30.9668782,-095.9303719,06,,G4020,Madison,Madison County,48,2769.1568627450984,"{""type"":""MultiPoint"",""coordinates"":[]}"
00000000000000000092,2039539026,36603914,,H1,185,01383878,,A,48185,+30.5432314,-095.9880820,06,,G4020,Grimes,Grimes County,48,3394.8235294117644,"{""type"":""MultiPoint"",""coordinates"":[]}"
00000000000000000097,2182235683,44142175,,H1,467,01384019,,A,48467,+32.5587866,-095.8369057,06,,G4020,Van Zandt,Van Zandt County,48,406.0,"{""type"":""MultiPoint"",""coordinates"":[]}"
0000000000000000009c,594280566,76080004,,H1,379,01383975,,A,48379,+32.8705795,-095.7954400,06,,G4020,Rains,Rains County,48,152.0,"{""type"":""MultiPoint"",""coordinates"":[]}"
0000000000000000009d,1671154350,130748983,,H1,499,01384035,,A,48499,+32.7835881,-095.3821664,06,,G4020,Wood,Wood County,48,127.36470588235295,"{""type"":""MultiPoint"",""coordinates"":[]}"
0000000000000000009f,736570307,26874743,,H1,159,01383865,,A,48159,+33.1758457,-095.2190662,06,,G4020,Franklin,Franklin County,48,844.9450980392157,"{""type"":""MultiPoint"",""coordinates"":[]}"
000000000000000000a0,665174299,54666016,,H1,119,01383846,,A,48119,+33.3859329,-095.6733504,06,,G4020,Delta,Delta County,48,44058.09019607843,"{""type"":""MultiPoint"",""coordinates"":[]}"
000000000000000000b0,2411034614,19087361,,H1,337,01383954,,A,48337,+33.6783558,-097.7250138,06,,G4020,Montague,Montague County,48,35.0,"{""type"":""MultiPoint"",""coordinates"":[]}"
000000000000000000b7,2545904359,50670002,,H1,035,01383803,,A,48035,+31.9008189,-097.6376407,06,,G4020,Bosque,Bosque County,48,4252.333333333333,"{""type"":""MultiPoint"",""coordinates"":[]}"
0000000000000000046b,2483455057,69547484,,H1,217,01383894,,A,48217,+31.9826809,-097.1306680,06,,G4020,Hill,Hill County,48,89496.53725490197,"{""type"":""MultiPoint"",""coordinates"":[]}"
0000000000000000046c,2165008339,1238628,,H1,193,01383882,,A,48193,+31.7073424,-098.1117562,06,,G4020,Hamilton,Hamilton County,48,1861.2980392156862,"{""type"":""MultiPoint"",""coordinates"":[]}"
0000000000000000046f,2428770452,25718009,,H1,093,01383832,,A,48093,+31.9516447,-098.5496169,06,,G4020,Comanche,Comanche County,48,5664.321568627451,"{""type"":""MultiPoint"",""coordinates"":[]}"
00000000000000000470,1937987426,3902625,,H1,333,01383952,,A,48333,+31.4948885,-098.5946231,06,,G4020,Mills,Mills County,48,123.0,"{""type"":""MultiPoint"",""coordinates"":[]}"
00000000000000000471,2940440305,8072142,,H1,411,01383991,,A,48411,+31.1551375,-098.8192922,06,,G4020,San Saba,San Saba County,48,72.97647058823529,"{""type"":""MultiPoint"",""coordinates"":[]}"
00000000000000000473,2759894991,20284774,,H1,307,01383945,,A,48307,+31.2054766,-099.3598557,06,,G4020,McCulloch,McCulloch County,48,15756.196078431372,"{""type"":""MultiPoint"",""coordinates"":[]}"
00000000000000000474,2399599307,14047795,,H1,133,01383852,,A,48133,+32.3246454,-098.8365596,06,,G4020,Eastland,Eastland County,48,967.0,"{""type"":""MultiPoint"",""coordinates"":[]}"
00000000000000000476,2322492641,64152295,,H1,429,01384000,,A,48429,+32.7363063,-098.8361192,06,,G4020,Stephens,Stephens County,48,257.0,"{""type"":""MultiPoint"",""coordinates"":[]}"
00000000000000000477,2367989256,3268209,,H1,417,01383994,,A,48417,+32.7438198,-099.3470045,06,,G4020,Shackelford,Shackelford County,48,8236.231372549013,"{""type"":""MultiPoint"",""coordinates"":[]}"
00000000000000000479,2358612572,24503194,,H1,237,01383904,,A,48237,+33.2320933,-098.1716089,06,,G4020,Jack,Jack County,48,21.0,"{""type"":""MultiPoint"",""coordinates"":[]}"
0000000000000000047a,2368463881,42447713,,H1,503,01384037,,A,48503,+33.1587884,-098.6782806,06,,G4020,Young,Young County,48,4136.0,"{""type"":""MultiPoint"",""coordinates"":[]}"
00000000000000000480,2246768188,86991036,,H1,023,01383797,,A,48023,+33.6188024,-099.2081888,06,,G4020,Baylor,Baylor County,48,20893.909803921568,"{""type"":""MultiPoint"",""coordinates"":[]}"
00000000000000000482,2363499442,7586186,,H1,447,01384009,,A,48447,+33.1706954,-099.2057960,06,,G4020,Throckmorton,Throckmorton County,48,9311.58823529413,"{""type"":""MultiPoint"",""coordinates"":[]}"
00000000000000000483,2339103809,18465208,,H1,207,01383889,,A,48207,+33.1759650,-099.7307731,06,,G4020,Haskell,Haskell County,48,272795.00000000006,"{""type"":""MultiPoint"",""coordinates"":[]}"
00000000000000000485,2203109043,12577261,,H1,275,01383923,,A,48275,+33.6166569,-099.7471116,06,,G4020,Knox,Knox County,48,51969.91764705883,"{""type"":""MultiPoint"",""coordinates"":[]}"
00000000000000000486,1824378633,8514740,,H1,155,01383863,,A,48155,+33.9633063,-099.8168285,06,,G4020,Foard,Foard County,48,5736.886274509804,"{""type"":""MultiPoint"",""coordinates"":[]}"
00000000000000000487,1800337387,4548860,,H1,197,01383884,,A,48197,+34.2899036,-099.7456973,06,,G4020,Hardeman,Hardeman County,48,23099.27843137255,"{""type"":""MultiPoint"",""coordinates"":[]}"
00000000000000000488,2373238706,10177387,,H1,433,01384002,,A,48433,+33.1795797,-100.2538069,06,,G4020,Stonewall,Stonewall County,48,21557.050980392156,"{""type"":""MultiPoint"",""coordinates"":[]}"
00000000000000000489,2359148815,6398045,,H1,269,01383920,,A,48269,+33.6142675,-100.2453455,06,,G4020,King,King County,48,5378.349019607844,"{""type"":""MultiPoint"",""coordinates"":[]}"
0000000000000000048a,2332448739,2723996,,H1,101,01383836,,A,48101,+34.0919063,-100.2764416,06,,G4020,Cottle,Cottle County,48,14364.615686274508,"{""type"":""MultiPoint"",""coordinates"":[]}"
0000000000000000048b,2562963901,644140,,H1,345,01383958,,A,48345,+34.0578993,-100.7931519,06,,G4020,Motley,Motley County,48,9547.050980392152,"{""type"":""MultiPoint"",""coordinates"":[]}"
0000000000000000048c,2335454690,9057848,,H1,125,01383848,,A,48125,+33.6153628,-100.7876173,06,,G4020,Dickens,Dickens County,48,5275.725490196079,"{""type"":""MultiPoint"",""coordinates"":[]}"
0000000000000000048d,2337482011,1065195,,H1,263,01383917,,A,48263,+33.1847797,-100.7697199,06,,G4020,Kent,Kent County,48,2398.8745098039217,"{""type"":""MultiPoint"",""coordinates"":[]}"
0000000000000000048e,2328246699,7283897,,H1,151,01383861,,A,48151,+32.7404728,-100.4031198,06,,G4020,Fisher,Fisher County,48,37355.71764705882,"{""type"":""MultiPoint"",""coordinates"":[]}"
00000000000000000490,2360696270,42788774,,H1,081,01383826,,A,48081,+31.8771050,-100.6352358,06,,G4020,Coke,Coke County,48,3813.956862745098,"{""type"":""MultiPoint"",""coordinates"":[]}"
00000000000000000492,2721934016,15930084,,H1,399,01383985,,A,48399,+31.8451118,-099.9827145,06,,G4020,Runnels,Runnels County,48,181356.87843137258,"{""type"":""MultiPoint"",""coordinates"":[]}"
00000000000000000493,3268424413,50472148,,H1,083,01383827,,A,48083,+31.9142052,-099.3466223,06,,G4020,Coleman,Coleman County,48,14612.211764705882,"{""type"":""MultiPoint"",""coordinates"":[]}"
00000000000000000494,2547913999,25740027,,H1,095,01383833,,A,48095,+31.3188647,-099.8636483,06,,G4020,Concho,Concho County,48,82859.97254901961,"{""type"":""MultiPoint"",""coordinates"":[]}"
00000000000000000496,3394546071,87401,,H1,413,01383992,,A,48413,+30.8962331,-100.5272161,06,,G4020,Schleicher,Schleicher County,48,5842.0,"{""type"":""MultiPoint"",""coordinates"":[]}"
00000000000000000497,2336237920,613559,,H1,327,01383949,,A,48327,+30.8843921,-099.8539616,06,,G4020,Menard,Menard County,48,512.0,"{""type"":""MultiPoint"",""coordinates"":[]}"
00000000000000000498,3765674653,1277066,,H1,435,01384003,,A,48435,+30.5176801,-100.5052697,06,,G4020,Sutton,Sutton County,48,101.0,"{""type"":""MultiPoint"",""coordinates"":[]}"
00000000000000000499,3240036002,493584,,H1,267,01383919,,A,48267,+30.4794720,-099.7463959,06,,G4020,Kimble,Kimble County,48,315.0,"{""type"":""MultiPoint"",""coordinates"":[]}"
0000000000000000049a,5485259829,5199800,,H1,137,01383854,,A,48137,+29.9858774,-100.3073732,06,,G4020,Edwards,Edwards County,48,26.0,"{""type"":""MultiPoint"",""coordinates"":[]}"
0000000000000000049b,1810812906,2346258,,H1,385,01383978,,A,48385,+29.8300967,-099.8125490,06,,G4020,Real,Real County,48,2.0,"{""type"":""MultiPoint"",""coordinates"":[]}"
0000000000000000049f,2405588905,8833381,,H1,319,01383942,,A,48319,+30.7032288,-099.2376134,06,,G4020,Mason,Mason County,48,357.0,"{""type"":""MultiPoint"",""coordinates"":[]}"
000000000000000004a0,2419183499,82373072,,H1,299,01383935,,A,48299,+30.7075845,-098.6846901,06,,G4020,Llano,Llano County,48,66.82352941176471,"{""type"":""MultiPoint"",""coordinates"":[]}"
000000000000000004a1,2575134228,69922922,,H1,053,01383812,,A,48053,+30.7896305,-098.2011867,06,,G4020,Burnet,Burnet County,48,136.18823529411765,"{""type"":""MultiPoint"",""coordinates"":[]}"
000000000000000004a2,1836948441,10818221,,H1,031,01383801,,A,48031,+30.2664556,-098.3992170,06,,G4020,Blanco,Blanco County,48,21.854901960784314,"{""type"":""MultiPoint"",""coordinates"":[]}"
000000000000000004a8,2692796907,101483817,,H1,297,01383934,,A,48297,+28.3515349,-098.1269608,06,,G4020,Live Oak,Live Oak County,48,13278.756862745096,"{""type"":""MultiPoint"",""coordinates"":[]}"
000000000000000004a9,2952065876,43985815,,H1,311,01383947,,A,48311,+28.3849220,-098.5788529,06,,G4020,McMullen,McMullen County,48,473.0,"{""type"":""MultiPoint"",""coordinates"":[]}"
000000000000000004aa,3850545746,19503743,,H1,283,01383924,,A,48283,+28.3510976,-099.0967743,06,,G4020,La Salle,La Salle County,48,3740.133333333333,"{""type"":""MultiPoint"",""coordinates"":[]}"
000000000000000004ab,2935753508,2193620,,H1,163,01383867,,A,48163,+28.8693343,-099.1087876,06,,G4020,Frio,Frio County,48,52656.156862745105,"{""type"":""MultiPoint"",""coordinates"":[]}"
000000000000000004ac,3441795365,14576538,,H1,127,01383849,,A,48127,+28.4235871,-099.7658713,06,,G4020,Dimmit,Dimmit County,48,2567.5058823529425,"{""type"":""MultiPoint"",""coordinates"":[]}"
000000000000000004ad,3360268173,11209416,,H1,507,01384039,,A,48507,+28.8646523,-099.7598304,06,,G4020,Zavala,Zavala County,48,26889.49411764706,"{""type"":""MultiPoint"",""coordinates"":[]}"
000000000000000004b0,3522525623,13124946,,H1,271,01383921,,A,48271,+29.3470865,-100.4177003,06,,G4020,Kinney,Kinney County,48,3135.2274509803924,"{""type"":""MultiPoint"",""coordinates"":[]}"
000000000000000004b4,2942674728,92565,,H1,247,01383909,,A,48247,+27.0412118,-098.7001270,06,,G4020,Jim Hogg,Jim Hogg County,48,17.0,"{""type"":""MultiPoint"",""coordinates"":[]}"
000000000000000004b8,2443277015,741627,,H1,047,01383809,,A,48047,+27.0349936,-098.2152756,06,,G4020,Brooks,Brooks County,48,2408.027450980392,"{""type"":""MultiPoint"",""coordinates"":[]}"
000000000000000004bd,4645085815,5478267,,H1,131,01383851,,A,48131,+27.6811232,-098.4973933,06,,G4020,Duval,Duval County,48,1839.8235294117646,"{""type"":""MultiPoint"",""coordinates"":[]}"
000000000000000004d2,9873439554,556134,,H1,109,01383840,,A,48109,+31.4459085,-104.5269447,06,,G4020,Culberson,Culberson County,48,12184.0,"{""type"":""MultiPoint"",""coordinates"":[]}"
000000000000000004d4,1732059386,20151852,,H1,301,01383936,,A,48301,+31.8449361,-103.5612293,06,,G4020,Loving,Loving County,48,276.0,"{""type"":""MultiPoint"",""coordinates"":[]}"
000000000000000004d5,2164201089,624206,,H1,475,01384023,,A,48475,+31.5130687,-103.1051127,06,,G4020,Ward,Ward County,48,99.0,"{""type"":""MultiPoint"",""coordinates"":[]}"
000000000000000004d6,5865172197,206206,,H1,243,01383907,,A,48243,+30.6219570,-104.1913042,06,,G4020,Jeff Davis,Jeff Davis County,48,60.0,"{""type"":""MultiPoint"",""coordinates"":[]}"
000000000000000004d7,9985057447,1773188,,H1,377,01383974,,A,48377,+30.0058912,-104.2616192,06,,G4020,Presidio,Presidio County,48,396.0509803921569,"{""type"":""MultiPoint"",""coordinates"":[]}"
000000000000000004d8,16015870002,22063764,,H1,043,01383807,,A,48043,+29.8089965,-103.2524579,06,,G4020,Brewster,Brewster County,48,372.0,"{""type"":""MultiPoint"",""coordinates"":[]}"
000000000000000004d9,12338274941,2532275,,H1,371,01383971,,A,48371,+30.7708943,-102.7198600,06,,G4020,Pecos,Pecos County,48,8330.549019607843,"{""type"":""MultiPoint"",""coordinates"":[]}"
000000000000000004da,7270935065,53329,,H1,105,01383838,,A,48105,+30.7175316,-101.4042113,06,,G4020,Crockett,Crockett County,48,9.0,"{""type"":""MultiPoint"",""coordinates"":[]}"
000000000000000004db,6107235409,105866,,H1,443,01384007,,A,48443,+30.2323427,-102.0725126,06,,G4020,Terrell,Terrell County,48,6.0,"{""type"":""MultiPoint"",""coordinates"":[]}"
000000000000000004dd,3215010601,464309,,H1,461,01384016,,A,48461,+31.3538163,-102.0415461,06,,G4020,Upton,Upton County,48,13220.992156862743,"{""type"":""MultiPoint"",""coordinates"":[]}"
000000000000000004de,3044049124,1792716,,H1,383,01383977,,A,48383,+31.3751911,-101.5143954,06,,G4020,Reagan,Reagan County,48,6317.4862745098035,"{""type"":""MultiPoint"",""coordinates"":[]}"
000000000000000004e0,2391722776,167451,,H1,431,01384001,,A,48431,+31.8357735,-101.0549114,06,,G4020,Sterling,Sterling County,48,219.0,"{""type"":""MultiPoint"",""coordinates"":[]}"
000000000000000004e2,2359710934,12489774,,H1,335,01383953,,A,48335,+32.3041168,-100.9243924,06,,G4020,Mitchell,Mitchell County,48,14673.835294117649,"{""type"":""MultiPoint"",""coordinates"":[]}"
000000000000000004e5,2324366073,22297610,,H1,033,01383802,,A,48033,+32.7385899,-101.4391990,06,,G4020,Borden,Borden County,48,10901.890196078431,"{""type"":""MultiPoint"",""coordinates"":[]}"
000000000000000004e9,2033319713,1695980,,H1,103,01383837,,A,48103,+31.4227965,-102.4877739,06,,G4020,Crane,Crane County,48,54.0,"{""type"":""MultiPoint"",""coordinates"":[]}"
000000000000000004eb,2178481652,414369,,H1,495,01384033,,A,48495,+31.8314155,-103.0559860,06,,G4020,Winkler,Winkler County,48,327.0,"{""type"":""MultiPoint"",""coordinates"":[]}"
000000000000000004ed,3891105277,1262946,,H1,165,01383868,,A,48165,+32.7439423,-102.6315614,06,,G4020,Gaines,Gaines County,48,197756.12156862748,"{""type"":""MultiPoint"",""coordinates"":[]}"
000000000000000004ee,2302083227,5443861,,H1,445,01384008,,A,48445,+33.1712290,-102.3392840,06,,G4020,Terry,Terry County,48,77824.59215686274,"{""type"":""MultiPoint"",""coordinates"":[]}"
000000000000000004f0,2071252515,34329,,H1,501,01384036,,A,48501,+33.1623979,-102.8322422,06,,G4020,Yoakum,Yoakum County,48,66789.05098039216,"{""type"":""MultiPoint"",""coordinates"":[]}"
000000000000000004f1,2007453829,229068,,H1,079,01383825,,A,48079,+33.6084401,-102.8304490,06,,G4020,Cochran,Cochran County,48,167171.52941176464,"{""type"":""MultiPoint"",""coordinates"":[]}"
000000000000000004f2,2141847186,1775275,,H1,017,01383794,,A,48017,+34.0675209,-102.8303446,06,,G4020,Bailey,Bailey County,48,283126.57647058816,"{""type"":""MultiPoint"",""coordinates"":[]}"
000000000000000004f3,2631897575,3973764,,H1,279,01383926,,A,48279,+34.0688615,-102.3480182,06,,G4020,Lamb,Lamb County,48,282790.1843137256,"{""type"":""MultiPoint"",""coordinates"":[]}"
000000000000000004f8,2569637276,983737,,H1,153,01383862,,A,48153,+34.0737305,-101.3032742,06,,G4020,Floyd,Floyd County,48,326608.4274509803,"{""type"":""MultiPoint"",""coordinates"":[]}"
000000000000000004f9,2313930840,7215530,,H1,169,01383870,,A,48169,+33.1837920,-101.3011341,06,,G4020,Garza,Garza County,48,12757.341176470583,"{""type"":""MultiPoint"",""coordinates"":[]}"
000000000000000004fa,2288233622,53366404,,H1,191,01383881,,A,48191,+34.4531894,-100.5763434,06,,G4020,Hall,Hall County,48,23938.36862745098,"{""type"":""MultiPoint"",""coordinates"":[]}"
000000000000000004fb,2330991086,4068657,,H1,045,01383808,,A,48045,+34.5251725,-101.2058930,06,,G4020,Briscoe,Briscoe County,48,62366.101960784334,"{""type"":""MultiPoint"",""coordinates"":[]}"
000000000000000004fc,2400623972,15954005,,H1,129,01383850,,A,48129,+34.9550364,-100.8158457,06,,G4020,Donley,Donley County,48,28504.470588235286,"{""type"":""MultiPoint"",""coordinates"":[]}"
00000000000000000500,2305502705,27277987,,H1,437,01384004,,A,48437,+34.5263192,-101.7438622,06,,G4020,Swisher,Swisher County,48,210130.0313725491,"{""type"":""MultiPoint"",""coordinates"":[]}"
00000000000000000503,2316573414,12584396,,H1,069,01383820,,A,48069,+34.5336207,-102.2587856,06,,G4020,Castro,Castro County,48,224019.53725490195,"{""type"":""MultiPoint"",""coordinates"":[]}"
00000000000000000504,2281312151,11355762,,H1,369,01383970,,A,48369,+34.5321628,-102.7848533,06,,G4020,Parmer,Parmer County,48,175255.05882352943,"{""type"":""MultiPoint"",""coordinates"":[]}"
00000000000000000509,3786435542,3023182,,H1,205,01383888,,A,48205,+35.8402444,-102.6100473,06,,G4020,Hartley,Hartley County,48,79825.03921568628,"{""type"":""MultiPoint"",""coordinates"":[]}"
0000000000000000050d,3893093452,5182189,,H1,111,01383841,,A,48111,+36.2863696,-102.5940204,06,,G4020,Dallam,Dallam County,48,174095.54901960786,"{""type"":""MultiPoint"",""coordinates"":[]}"
0000000000000000050f,2390651189,428754,,H1,421,01383996,,A,48421,+36.2785929,-101.8992648,06,,G4020,Sherman,Sherman County,48,224045.4352941175,"{""type"":""MultiPoint"",""coordinates"":[]}"
00000000000000000511,2382296647,1548341,,H1,195,01383883,,A,48195,+36.2728469,-101.3569304,06,,G4020,Hansford,Hansford County,48,195887.61960784302,"{""type"":""MultiPoint"",""coordinates"":[]}"
00000000000000000513,2393298446,346846,,H1,393,01383982,,A,48393,+35.8362157,-100.8075549,06,,G4020,Roberts,Roberts County,48,22042.039215686273,"{""type"":""MultiPoint"",""coordinates"":[]}"
00000000000000000514,2376792102,1331778,,H1,357,01383964,,A,48357,+36.2787442,-100.8158636,06,,G4020,Ochiltree,Ochiltree County,48,159899.65490196078,"{""type"":""MultiPoint"",""coordinates"":[]}"
00000000000000000959,2414327231,298741,,H1,295,01383933,,A,48295,+36.2801998,-100.2726827,06,,G4020,Lipscomb,Lipscomb County,48,13840.541176470582,"{""type"":""MultiPoint"",""coordinates"":[]}"
0000000000000000095f,2368603567,2481258,,H1,483,01384027,,A,48483,+35.3925926,-100.2531067,06,,G4020,Wheeler,Wheeler County,48,30330.039215686276,"{""type"":""MultiPoint"",""coordinates"":[]}"
00000000000000000960,2347270020,15205585,,H1,211,01383891,,A,48211,+35.8159564,-100.2792102,06,,G4020,Hemphill,Hemphill County,48,2202.572549019608,"{""type"":""MultiPoint"",""coordinates"":[]}"
00000000000000000961,2378749932,2279193,,H1,087,01383829,,A,48087,+34.9633577,-100.2721351,06,,G4020,Collingsworth,Collingsworth County,48,21296.90588235294,"{""type"":""MultiPoint"",""coordinates"":[]}"
00000000000000000964,1803680231,44835076,,H1,075,01383823,,A,48075,+34.5293372,-100.2083364,06,,G4020,Childress,Childress County,48,12971.03137254902,"{""type"":""MultiPoint"",""coordinates"":[]}"
00000000000000000559,20253728330,293012726,,H1,037,01448032,,A,49037,+37.6026332,-109.7915742,06,,G4020,San Juan,San Juan County,49,0.0,"{""type"":""MultiPoint"",""coordinates"":[]}"
0000000000000000055a,6374158878,15154124,,H1,055,01448041,,A,49055,+38.2598402,-110.9908770,06,,G4020,Wayne,Wayne County,49,0.0,"{""type"":""MultiPoint"",""coordinates"":[]}"
00000000000000000573,1804970587,61445340,,H1,009,01448019,,A,49009,+40.8900990,-109.5057855,06,,G4020,Daggett,Daggett County,49,0.0,"{""type"":""MultiPoint"",""coordinates"":[]}"
00000000000000000574,9512637583,31276421,,H1,019,01448024,,A,49019,+38.9743261,-109.5734502,06,,G4020,Grand,Grand County,49,0.0,"{""type"":""MultiPoint"",""coordinates"":[]}"
00000000000000000575,11557242845,24843843,,H1,015,01448022,,A,49015,+39.0090246,-110.7210999,06,,G4020,Emery,Emery County,49,0.0,"{""type"":""MultiPoint"",""coordinates"":[]}"
00000000000000000577,4948000000,20260738,,H1,041,01448034,,A,49041,+38.7468245,-111.8119299,06,,G4020,Sevier,Sevier County,49,0.0,"{""type"":""MultiPoint"",""coordinates"":[]}"
00000000000000000578,1964345914,20285697,,H1,031,01448029,,A,49031,+38.3358805,-112.1293755,06,,G4020,Piute,Piute County,49,0.0,"{""type"":""MultiPoint"",""coordinates"":[]}"
00000000000000000579,4117901452,32049371,,H1,039,01448033,,A,49039,+39.3825309,-111.5728826,06,,G4020,Sanpete,Sanpete County,49,0.0,"{""type"":""MultiPoint"",""coordinates"":[]}"
0000000000000000057d,8379502089,38798289,,H1,013,01448021,,A,49013,+40.2896487,-110.4298303,06,,G4020,Duchesne,Duchesne County,49,0.0,"{""type"":""MultiPoint"",""coordinates"":[]}"
0000000000000000057f,2664700942,149106532,,H1,033,01448030,,A,49033,+41.6275976,-111.2402269,06,,G4020,Rich,Rich County,49,0.0,"{""type"":""MultiPoint"",""coordinates"":[]}"
000000000000000006a7,17106839742,600835682,,H1,027,01448027,,A,49027,+39.0945348,-113.5250088,06,,G4020,Millard,Millard County,49,0.0,"{""type"":""MultiPoint"",""coordinates"":[]}"
000000000000000006a8,6689681812,5298466,,H1,001,01448015,,A,49001,+38.3575350,-113.2389481,06,,G4020,Beaver,Beaver County,49,0.0,"{""type"":""MultiPoint"",""coordinates"":[]}"
000000000000000006aa,13403572554,85610784,,H1,017,01448023,,A,49017,+37.8316645,-111.4509076,06,,G4020,Garfield,Garfield County,49,0.0,"{""type"":""MultiPoint"",""coordinates"":[]}"
000000000000000006b5,10333912544,306169207,,H1,025,01448026,,A,49025,+37.2750892,-111.8153290,06,,G4020,Kane,Kane County,49,0.0,"{""type"":""MultiPoint"",""coordinates"":[]}"
00000000000000000386,1680951765,22386314,,H1,005,01461759,,A,50005,+44.4687907,-072.1121676,06,,G4020,Caledonia,Caledonia County,50,17.0,"{""type"":""MultiPoint"",""coordinates"":[]}"
00000000000000000387,1796376281,71442197,,H1,019,01461766,,A,50019,+44.8284417,-072.2516300,06,,G4020,Orleans,Orleans County,50,78.0,"{""type"":""MultiPoint"",""coordinates"":[]}"
0000000000000000038c,1984780358,107303299,,H1,001,01461757,,A,50001,+44.0312479,-073.1415807,06,,G4020,Addison,Addison County,50,4114.843137254902,"{""type"":""MultiPoint"",""coordinates"":[]}"
00000000000000000391,1188473310,12658077,,H1,015,01461764,,A,50015,+44.6037037,-072.6389224,06,,G4020,Lamoille,Lamoille County,50,312.0,"{""type"":""MultiPoint"",""coordinates"":[]}"
00000000000000000159,1302149875,2797157,,H1,027,01497431,,A,51027,+37.2681198,-082.0381508,06,,G4020,Buchanan,Buchanan County,51,0.0,"{""type"":""MultiPoint"",""coordinates"":[]}"
00000000000000000184,1075249033,1805613,,H1,091,01673774,,A,51091,+38.3662431,-079.5644718,06,,G4020,Highland,Highland County,51,87.0,"{""type"":""MultiPoint"",""coordinates"":[]}"
00000000000000000186,1370518838,14044111,,H1,017,01673638,,A,51017,+38.0683679,-079.7312032,06,,G4020,Bath,Bath County,51,144.0,"{""type"":""MultiPoint"",""coordinates"":[]}"
0000000000000000018d,1153749874,8510738,,H1,005,01673675,,A,51005,+37.7879048,-080.0086690,06,,G4020,Alleghany,Alleghany County,51,99.27450980392157,"{""type"":""MultiPoint"",""coordinates"":[]}"
0000000000000000018e,1547687325,8845046,,H1,163,01480166,,A,51163,+37.8145174,-079.4477537,06,,G4020,Rockbridge,Rockbridge County,51,1914.0,"{""type"":""MultiPoint"",""coordinates"":[]}"
00000000000000000190,6467874,68429,,C7,678,01789071,,F,51678,+37.7823316,-079.4443196,25,,G4020,Lexington,Lexington city,51,1.0,"{""type"":""MultiPoint"",""coordinates"":[]}"
00000000000000000191,17350500,222803,,C7,530,01498417,,F,51530,+37.7313646,-079.3566352,25,,G4020,Buena Vista,Buena Vista city,51,1.0,"{""type"":""MultiPoint"",""coordinates"":[]}"
00000000000000000194,14163308,522024,,C7,580,01789069,,F,51580,+37.7781426,-079.9860390,25,,G4020,Covington,Covington city,51,4.0,"{""type"":""MultiPoint"",""coordinates"":[]}"
000000000000000001a1,1229346446,7645484,,H1,035,01480108,,A,51035,+36.7319275,-080.7278646,06,,G4020,Carroll,Carroll County,51,754.4901960784314,"{""type"":""MultiPoint"",""coordinates"":[]}"
000000000000000001a2,1196105331,7310964,,H1,197,01501379,,A,51197,+36.8998725,-081.0830053,06,,G4020,Wythe,Wythe County,51,557.4274509803922,"{""type"":""MultiPoint"",""coordinates"":[]}"
000000000000000001a3,926515821,2585515,,H1,021,01494613,,A,51021,+37.1306124,-081.1258532,06,,G4020,Bland,Bland County,51,37.0,"{""type"":""MultiPoint"",""coordinates"":[]}"
000000000000000001a6,1167904202,3519357,,H1,173,01500545,,A,51173,+36.8423183,-081.5397861,06,,G4020,Smyth,Smyth County,51,202.0,"{""type"":""MultiPoint"",""coordinates"":[]}"
000000000000000001ac,1227192256,7593493,,H1,167,01497573,,A,51167,+36.9334198,-082.0959342,06,,G4020,Russell,Russell County,51,42.0,"{""type"":""MultiPoint"",""coordinates"":[]}"
000000000000000001ae,1145336445,9792918,,H1,077,01501196,,A,51077,+36.6522288,-081.2153240,06,,G4020,Grayson,Grayson County,51,49.0,"{""type"":""MultiPoint"",""coordinates"":[]}"
000000000000000001c2,21506088,103777,,C7,640,01498426,,F,51640,+36.6656397,-080.9143083,25,,G4020,Galax,Galax city,51,5.0,"{""type"":""MultiPoint"",""coordinates"":[]}"
000000000000000001c3,1250857870,7142208,,H1,141,01497999,,A,51141,+36.6671277,-080.2864131,06,,G4020,Patrick,Patrick County,51,2701.901960784314,"{""type"":""MultiPoint"",""coordinates"":[]}"
00000000000000000a39,1127988646,4896425,,H1,105,01496538,,A,51105,+36.7017206,-083.1301117,06,,G4020,Lee,Lee County,51,235.24313725490197,"{""type"":""MultiPoint"",""coordinates"":[]}"
000000000000000005e6,5706360691,140294376,,H1,019,01531821,,A,53019,+48.4732563,-118.5335894,06,,G4020,Ferry,Ferry County,53,0.0,"{""type"":""MultiPoint"",""coordinates"":[]}"
000000000000000005f3,13639258855,120536293,,H1,047,01531928,,A,53047,+48.5513865,-119.6858767,06,,G4020,Okanogan,Okanogan County,53,0.0,"{""type"":""MultiPoint"",""coordinates"":[]}"
000000000000000005f9,450428674,1157428261,,H1,055,01531931,,A,53055,+48.5071904,-123.1037693,06,,G4020,San Juan,San Juan County,53,0.0,"{""type"":""MultiPoint"",""coordinates"":[]}"
000000000000000005fb,4671790710,994835539,,H1,031,01531936,,A,53031,+47.8053465,-123.5271357,06,,G4020,Jefferson,Jefferson County,53,0.0,"{""type"":""MultiPoint"",""coordinates"":[]}"
00000000000000000605,2415875255,760842647,,H1,049,01513274,,A,53049,+46.5565866,-123.7824193,06,,G4020,Pacific,Pacific County,53,0.0,"{""type"":""MultiPoint"",""coordinates"":[]}"
00000000000000000607,680956787,61588406,,H1,069,01513275,,A,53069,+46.2946377,-123.4244583,06,,G4020,Wahkiakum,Wahkiakum County,53,0.0,"{""type"":""MultiPoint"",""coordinates"":[]}"
00000000000000000615,4847516018,84930621,,H1,039,01529219,,A,53039,+45.8704463,-120.7793049,06,,G4020,Klickitat,Klickitat County,53,0.0,"{""type"":""MultiPoint"",""coordinates"":[]}"
0000000000000000061f,5984258955,75428245,,H1,043,01514052,,A,53043,+47.5827433,-118.4176925,06,,G4020,Lincoln,Lincoln County,53,0.0,"{""type"":""MultiPoint"",""coordinates"":[]}"
00000000000000000621,1841054914,19294817,,H1,023,01533500,,A,53023,+46.4294779,-117.5367111,06,,G4020,Garfield,Garfield County,53,0.0,"{""type"":""MultiPoint"",""coordinates"":[]}"
000000000000000000d3,927380674,8458366,,H1,103,01717836,,A,54103,+39.6006015,-080.6281566,06,,G4020,Wetzel,Wetzel County,54,12.0,"{""type"":""MultiPoint"",""coordinates"":[]}"
0000000000000000015a,1095914381,2190076,,H1,059,01550036,,A,54059,+37.7211608,-082.1589891,06,,G4020,Mingo,Mingo County,54,0.0,"{""type"":""MultiPoint"",""coordinates"":[]}"
0000000000000000016d,1202677932,18836099,,H1,035,01559963,,A,54035,+38.8342339,-081.6777168,06,,G4020,Jackson,Jackson County,54,1042.0,"{""type"":""MultiPoint"",""coordinates"":[]}"
00000000000000000170,1252422377,404682,,H1,087,01550050,,A,54087,+38.7430030,-081.3545223,06,,G4020,Roane,Roane County,54,0.0,"{""type"":""MultiPoint"",""coordinates"":[]}"
00000000000000000171,723252434,3704539,,H1,013,01696945,,A,54013,+38.8441591,-081.1154775,06,,G4020,Calhoun,Calhoun County,54,0.0,"{""type"":""MultiPoint"",""coordinates"":[]}"
00000000000000000173,1322996693,14144661,,H1,007,01550010,,A,54007,+38.6993418,-080.7316565,06,,G4020,Braxton,Braxton County,54,75.0,"{""type"":""MultiPoint"",""coordinates"":[]}"
00000000000000000174,1675296013,19608975,,H1,067,01550040,,A,54067,+38.2914157,-080.7975160,06,,G4020,Nicholas,Nicholas County,54,117.0,"{""type"":""MultiPoint"",""coordinates"":[]}"
00000000000000000175,876717634,4082111,,H1,021,01689673,,A,54021,+38.9158671,-080.8494132,06,,G4020,Gilmer,Gilmer County,54,18.768627450980393,"{""type"":""MultiPoint"",""coordinates"":[]}"
00000000000000000176,1170648311,4425143,,H1,085,01689049,,A,54085,+39.1771118,-081.0663167,06,,G4020,Ritchie,Ritchie County,54,18.0,"{""type"":""MultiPoint"",""coordinates"":[]}"
00000000000000000178,663797704,11403003,,H1,095,01678706,,A,54095,+39.4656340,-080.8772193,06,,G4020,Tyler,Tyler County,54,96.0,"{""type"":""MultiPoint"",""coordinates"":[]}"
00000000000000000179,336965607,11510007,,H1,073,01678557,,A,54073,+39.3681331,-081.1611724,06,,G4020,Pleasants,Pleasants County,54,60.0,"{""type"":""MultiPoint"",""coordinates"":[]}"
0000000000000000017b,1002071716,7108412,,H1,041,01550027,,A,54041,+38.9888773,-080.4954773,06,,G4020,Lewis,Lewis County,54,35.227450980392156,"{""type"":""MultiPoint"",""coordinates"":[]}"
0000000000000000017c,918506895,302703,,H1,097,01696800,,A,54097,+38.9025365,-080.2313352,06,,G4020,Upshur,Upshur County,54,30.0,"{""type"":""MultiPoint"",""coordinates"":[]}"
0000000000000000017e,883338731,4639232,,H1,001,01696996,,A,54001,+39.1397248,-079.9969466,06,,G4020,Barbour,Barbour County,54,13.0,"{""type"":""MultiPoint"",""coordinates"":[]}"
00000000000000000180,1085094884,5528932,,H1,093,01689423,,A,54093,+39.1111751,-079.5599678,06,,G4020,Tucker,Tucker County,54,83.0,"{""type"":""MultiPoint"",""coordinates"":[]}"
00000000000000000181,1236390684,7545524,,H1,023,01697238,,A,54023,+39.1059882,-079.1950640,06,,G4020,Grant,Grant County,54,106.0,"{""type"":""MultiPoint"",""coordinates"":[]}"
00000000000000000182,1802751456,5437237,,H1,071,01550042,,A,54071,+38.6744501,-079.3406175,06,,G4020,Pendleton,Pendleton County,54,807.0,"{""type"":""MultiPoint"",""coordinates"":[]}"
00000000000000000183,2435322188,3978619,,H1,075,01550044,,A,54075,+38.3326060,-080.0101207,06,,G4020,Pocahontas,Pocahontas County,54,146.0,"{""type"":""MultiPoint"",""coordinates"":[]}"
00000000000000000187,1433477403,7148637,,H1,101,01550057,,A,54101,+38.4834590,-080.4490515,06,,G4020,Webster,Webster County,54,17.0,"{""type"":""MultiPoint"",""coordinates"":[]}"
00000000000000000188,2640889622,12578200,,H1,025,01557518,,A,54025,+37.9244184,-080.4505902,06,,G4020,Greenbrier,Greenbrier County,54,3393.6823529411763,"{""type"":""MultiPoint"",""coordinates"":[]}"
0000000000000000018a,933901347,18506974,,H1,089,01557805,,A,54089,+37.6560029,-080.8563149,06,,G4020,Summers,Summers County,54,4.0,"{""type"":""MultiPoint"",""coordinates"":[]}"
0000000000000000018b,1224422315,2298715,,H1,063,01557702,,A,54063,+37.5503396,-080.5478898,06,,G4020,Monroe,Monroe County,54,731.035294117647,"{""type"":""MultiPoint"",""coordinates"":[]}"
000000000000000001a7,1381646921,3733264,,H1,047,01689162,,A,54047,+37.3826627,-081.6582048,06,,G4020,McDowell,McDowell County,54,3.0,"{""type"":""MultiPoint"",""coordinates"":[]}"
000000000000000001a8,1293577262,6126986,,H1,109,01550061,,A,54109,+37.6037173,-081.5488840,06,,G4020,Wyoming,Wyoming County,54,0.0,"{""type"":""MultiPoint"",""coordinates"":[]}"
00000000000000000249,1640985291,2539100,,H1,065,01581092,,A,55065,+42.6555781,-090.1302916,06,,G4020,Lafayette,Lafayette County,55,335655.6156862746,"{""type"":""MultiPoint"",""coordinates"":[]}"
000000000000000002aa,600853204,43282752,,H1,091,01581106,,A,55091,+44.6274362,-091.8348898,06,,G4020,Pepin,Pepin County,55,92774.12156862745,"{""type"":""MultiPoint"",""coordinates"":[]}"
000000000000000002ab,1739529647,98310690,,H1,011,01581065,,A,55011,+44.3856419,-091.7612289,06,,G4020,Buffalo,Buffalo County,55,187764.59215686272,"{""type"":""MultiPoint"",""coordinates"":[]}"
000000000000000002ad,1898472856,23370973,,H1,121,01581120,,A,55121,+44.3030501,-091.3588668,06,,G4020,Trempealeau,Trempealeau County,55,246115.3725490196,"{""type"":""MultiPoint"",""coordinates"":[]}"
000000000000000002b6,1478001878,73945441,,H1,023,01581071,,A,55023,+43.2499100,-090.9512302,06,,G4020,Crawford,Crawford County,55,108425.79607843138,"{""type"":""MultiPoint"",""coordinates"":[]}"
000000000000000002b7,2050129169,64295772,,H1,123,01581121,,A,55123,+43.5993661,-090.8219835,06,,G4020,Vernon,Vernon County,55,177458.76862745098,"{""type"":""MultiPoint"",""coordinates"":[]}"
000000000000000002b8,2333340999,18589292,,H1,081,01581101,,A,55081,+43.9451751,-090.6199687,06,,G4020,Monroe,Monroe County,55,154987.6156862745,"{""type"":""MultiPoint"",""coordinates"":[]}"
000000000000000002b9,1518121192,8153427,,H1,103,01581112,,A,55103,+43.3761994,-090.4356927,06,,G4020,Richland,Richland County,55,94065.87450980389,"{""type"":""MultiPoint"",""coordinates"":[]}"
000000000000000002bc,1986636006,98723936,,H1,057,01581088,,A,55057,+43.9328362,-090.1139837,06,,G4020,Juneau,Juneau County,55,149212.01176470588,"{""type"":""MultiPoint"",""coordinates"":[]}"
000000000000000002bd,1672140739,108432131,,H1,001,01581060,,A,55001,+43.9737629,-089.7672232,06,,G4020,Adams,Adams County,55,79690.85098039216,"{""type"":""MultiPoint"",""coordinates"":[]}"
000000000000000002bf,2558227999,32986244,,H1,053,01581086,,A,55053,+44.3267574,-090.7960178,06,,G4020,Jackson,Jackson County,55,159893.6588235294,"{""type"":""MultiPoint"",""coordinates"":[]}"
000000000000000002c1,1621768597,29076012,,H1,137,01581128,,A,55137,+44.1128248,-089.2397520,06,,G4020,Waushara,Waushara County,55,119388.12156862747,"{""type"":""MultiPoint"",""coordinates"":[]}"
000000000000000002c2,1180277802,22682653,,H1,077,01581098,,A,55077,+43.8260529,-089.4090953,06,,G4020,Marquette,Marquette County,55,78837.20392156862,"{""type"":""MultiPoint"",""coordinates"":[]}"
000000000000000002c3,1936525696,45266211,,H1,135,01581127,,A,55135,+44.4780043,-088.9670053,06,,G4020,Waupaca,Waupaca County,55,157753.4980392157,"{""type"":""MultiPoint"",""coordinates"":[]}"
000000000000000002c4,904760437,79757007,,H1,047,01581083,,A,55047,+43.7614097,-088.9872277,06,,G4020,Green Lake,Green Lake County,55,121164.5411764706,"{""type"":""MultiPoint"",""coordinates"":[]}"
000000000000000003ae,1248277392,4890604643,,H1,029,01581074,,A,55029,+45.0679313,-087.0881311,06,,G4020,Door,Door County,55,73203.29803921569,"{""type"":""MultiPoint"",""coordinates"":[]}"
000000000000000003b8,2626878497,83594186,,H1,041,01581080,,A,55041,+45.6668806,-088.7733265,06,,G4020,Forest,Forest County,55,1981.5098039215686,"{""type"":""MultiPoint"",""coordinates"":[]}"
000000000000000003ba,2254971634,44403905,,H1,067,01581093,,A,55067,+45.2623855,-089.0675453,06,,G4020,Langlade,Langlade County,55,34490.850980392155,"{""type"":""MultiPoint"",""coordinates"":[]}"
000000000000000003bb,2221441176,414432699,,H1,125,01581122,,A,55125,+46.0498480,-089.5012540,06,,G4020,Vilas,Vilas County,55,348.0,"{""type"":""MultiPoint"",""coordinates"":[]}"
000000000000000003bd,2885083340,317621715,,H1,085,01581103,,A,55085,+45.7161762,-089.5345333,06,,G4020,Oneida,Oneida County,55,5537.0,"{""type"":""MultiPoint"",""coordinates"":[]}"
000000000000000003c1,1963695701,416925971,,H1,051,01581085,,A,55051,+46.3265500,-090.2612985,06,,G4020,Iron,Iron County,55,57.0,"{""type"":""MultiPoint"",""coordinates"":[]}"
000000000000000003c3,2706634043,3230598832,,H1,003,01581061,,A,55003,+46.5444245,-090.6796907,06,,G4020,Ashland,Ashland County,55,1872.2745098039215,"{""type"":""MultiPoint"",""coordinates"":[]}"
000000000000000003d1,3827658037,1460278012,,H1,007,01581063,,A,55007,+46.6341992,-091.1772815,06,,G4020,Bayfield,Bayfield County,55,6372.596078431373,"{""type"":""MultiPoint"",""coordinates"":[]}"
000000000000000003d2,3247818570,62268239,,H1,099,01581110,,A,55099,+45.6790725,-090.3596497,06,,G4020,Price,Price County,55,6871.623529411765,"{""type"":""MultiPoint"",""coordinates"":[]}"
000000000000000003d3,2525318815,24686414,,H1,119,01581119,,A,55119,+45.2116558,-090.5048529,06,,G4020,Taylor,Taylor County,55,126807.59215686275,"{""type"":""MultiPoint"",""coordinates"":[]}"
000000000000000003d4,3133108803,23238227,,H1,019,01581069,,A,55019,+44.7393059,-090.6099454,06,,G4020,Clark,Clark County,55,309151.24313725496,"{""type"":""MultiPoint"",""coordinates"":[]}"
000000000000000003d5,2366092374,44813685,,H1,107,01581114,,A,55107,+45.4727340,-091.1367448,06,,G4020,Rusk,Rusk County,55,70917.4705882353,"{""type"":""MultiPoint"",""coordinates"":[]}"
000000000000000003d7,3256410077,240690443,,H1,113,01581116,,A,55113,+45.8649127,-091.1471302,06,,G4020,Sawyer,Sawyer County,55,12257.333333333332,"{""type"":""MultiPoint"",""coordinates"":[]}"
000000000000000003d8,2064513289,145566485,,H1,129,01581124,,A,55129,+45.8924633,-091.7964225,06,,G4020,Washburn,Washburn County,55,39054.48235294117,"{""type"":""MultiPoint"",""coordinates"":[]}"
000000000000000003da,2234504161,69971721,,H1,005,01581062,,A,55005,+45.4371917,-091.8528921,06,,G4020,Barron,Barron County,55,260493.11372549017,"{""type"":""MultiPoint"",""coordinates"":[]}"
000000000000000003dc,2367419319,109664678,,H1,095,01581108,,A,55095,+45.4620407,-092.4470660,06,,G4020,Polk,Polk County,55,188082.968627451,"{""type"":""MultiPoint"",""coordinates"":[]}"
000000000000000003de,2127856271,151932123,,H1,013,01581066,,A,55013,+45.8668778,-092.3757402,06,,G4020,Burnett,Burnett County,55,46141.06274509804,"{""type"":""MultiPoint"",""coordinates"":[]}"
0000000000000000056f,20454598717,172002531,,H1,007,01605069,,A,56007,+41.7035904,-106.9331526,06,,G4020,Carbon,Carbon County,56,0.0,"{""type"":""MultiPoint"",""coordinates"":[]}"
00000000000000000588,11020069570,26384811,,H1,009,01605070,,A,56009,+42.9748981,-105.5059169,06,,G4020,Converse,Converse County,56,0.0,"{""type"":""MultiPoint"",""coordinates"":[]}"
00000000000000000589,6801380679,4969450,,H1,027,01605078,,A,56027,+43.0621590,-104.4683727,06,,G4020,Niobrara,Niobrara County,56,0.0,"{""type"":""MultiPoint"",""coordinates"":[]}"
0000000000000000058d,5398019716,69035952,,H1,031,01605080,,A,56031,+42.1315927,-104.9539626,06,,G4020,Platte,Platte County,56,0.0,"{""type"":""MultiPoint"",""coordinates"":[]}"
0000000000000000058e,5763699794,17580887,,H1,015,01605073,,A,56015,+42.0895800,-104.3534821,06,,G4020,Goshen,Goshen County,56,0.0,"{""type"":""MultiPoint"",""coordinates"":[]}"
0000000000000000059c,7393068935,28186053,,H1,011,01605071,,A,56011,+44.5892657,-104.5672975,06,,G4020,Crook,Crook County,56,0.0,"{""type"":""MultiPoint"",""coordinates"":[]}"
0000000000000000059d,6211027904,5001700,,H1,045,01605086,,A,56045,+43.8462133,-104.5700202,06,,G4020,Weston,Weston County,56,0.0,"{""type"":""MultiPoint"",""coordinates"":[]}"
000000000000000005a1,10759208769,52947545,,H1,019,01609191,,A,56019,+44.0440477,-106.5885406,06,,G4020,Johnson,Johnson County,56,0.0,"{""type"":""MultiPoint"",""coordinates"":[]}"
000000000000000005b8,8123474657,56428287,,H1,003,01605067,,A,56003,+44.5251167,-107.9948477,06,,G4020,Big Horn,Big Horn County,56,0.0,"{""type"":""MultiPoint"",""coordinates"":[]}"
000000000000000005b9,17974019625,65646894,,H1,029,01605079,,A,56029,+44.4923865,-109.5935975,06,,G4020,Park,Park County,56,0.0,"{""type"":""MultiPoint"",""coordinates"":[]}"
000000000000000005ba,5797821412,10754321,,H1,043,01605085,,A,56043,+43.8788305,-107.6690520,06,,G4020,Washakie,Washakie County,56,0.0,"{""type"":""MultiPoint"",""coordinates"":[]}"
000000000000000005bb,5190589691,5964358,,H1,017,01605074,,A,56017,+43.7202092,-108.4350765,06,,G4020,Hot Springs,Hot Springs County,56,0.0,"{""type"":""MultiPoint"",""coordinates"":[]}"
000000000000000005c2,12655929138,127353628,,H1,035,01605082,,A,56035,+42.7679284,-109.9161701,06,,G4020,Sublette,Sublette County,56,0.0,"{""type"":""MultiPoint"",""coordinates"":[]}"
000000000000000005c4,10557346540,49947392,,H1,023,01605076,,A,56023,+42.2299932,-110.6829614,06,,G4020,Lincoln,Lincoln County,56,0.0,"{""type"":""MultiPoint"",""coordinates"":[]}"
00000000000000000665,82093,147383995,,H4,030,01805243,,N,60030,-14.5365298,-168.1512918,00,,G4020,Rose Island,Rose Island,60,0.0,"{""type"":""MultiPoint"",""coordinates"":[]}"
00000000000000000666,57620994,464238048,,H1,020,01805242,,A,60020,-14.2198008,-169.5076973,07,,G4020,Manu'a,Manu'a District,60,0.0,"{""type"":""MultiPoint"",""coordinates"":[]}"
00000000000000000667,72498510,196726220,,H1,050,01805241,,A,60050,-14.3348500,-170.7841050,07,,G4020,Western,Western District,60,0.0,"{""type"":""MultiPoint"",""coordinates"":[]}"
00000000000000000668,65124867,349724676,,H1,010,01805240,,A,60010,-14.2662796,-170.6266304,07,,G4020,Eastern,Eastern District,60,0.0,"{""type"":""MultiPoint"",""coordinates"":[]}"
00000000000000000669,2432605,149170814,,H4,040,01805244,,N,60040,-11.0544359,-171.0690136,00,,G4020,Swains Island,Swains Island,60,0.0,"{""type"":""MultiPoint"",""coordinates"":[]}"
00000000000000000663,543558310,934334983,,H4,010,01802705,,F,66010,+13.4382886,+144.7729493,00,,G4020,Guam,Guam,66,0.0,"{""type"":""MultiPoint"",""coordinates"":[]}"
00000000000000000660,160057011,2939509407,,H1,085,01805245,,B,69085,+17.9904330,+145.7353307,12,,G4020,Northern Islands,Northern Islands Municipality,69,0.0,"{""type"":""MultiPoint"",""coordinates"":[]}"
00000000000000000661,118883306,532775058,,H1,110,01805247,,A,69110,+15.1980954,+145.7771923,12,,G4020,Saipan,Saipan Municipality,69,0.0,"{""type"":""MultiPoint"",""coordinates"":[]}"
00000000000000000662,108237606,632893009,,H1,120,01805248,,A,69120,+14.9367835,+145.6010210,12,,G4020,Tinian,Tinian Municipality,69,0.0,"{""type"":""MultiPoint"",""coordinates"":[]}"
00000000000000000664,85098741,539090851,,H1,100,01805246,,A,69100,+14.1524934,+145.2129037,12,,G4020,Rota,Rota Municipality,69,0.0,"{""type"":""MultiPoint"",""coordinates"":[]}"
0000000000000000076c,730805105,2616000,12060,H1,143,00350637,122,A,13143,+33.7951649,-085.2200622,06,,G4020,Haralson,Haralson County,13,1176.0,"{""type"":""MultiPoint"",""coordinates"":[]}"
0000000000000000076d,808832045,5309331,12060,H1,223,00349912,122,A,13223,+33.9210260,-084.8671616,06,,G4020,Paulding,Paulding County,13,64.0,"{""type"":""MultiPoint"",""coordinates"":[]}"
0000000000000000076e,1292492374,12284897,12060,H1,045,00326650,122,A,13045,+33.5822366,-085.0805272,06,,G4020,Carroll,Carroll County,13,915.0,"{""type"":""MultiPoint"",""coordinates"":[]}"
00000000000000000770,766718985,13112095,12060,H1,149,00347067,122,A,13149,+33.2913474,-085.1378787,06,,G4020,Heard,Heard County,13,847.7294117647059,"{""type"":""MultiPoint"",""coordinates"":[]}"
00000000000000000771,1141971259,12730357,12060,H1,077,00326666,122,A,13077,+33.3528965,-084.7621381,06,,G4020,Coweta,Coweta County,13,535.2705882352941,"{""type"":""MultiPoint"",""coordinates"":[]}"
00000000000000000827,1298160992,10834086,12060,H1,199,00346892,122,A,13199,+33.0292666,-084.6670579,06,,G4020,Meriwether,Meriwether County,13,295.0,"{""type"":""MultiPoint"",""coordinates"":[]}"
0000000000000000082b,475262774,6046030,12060,H1,171,00326713,122,A,13171,+33.0744604,-084.1467206,06,,G4020,Lamar,Lamar County,13,2025.0,"{""type"":""MultiPoint"",""coordinates"":[]}"
0000000000000000082d,953541347,13727188,12060,H1,159,00346144,122,A,13159,+33.3181691,-083.6901425,06,,G4020,Jasper,Jasper County,13,882.7490196078429,"{""type"":""MultiPoint"",""coordinates"":[]}"
0000000000000000082e,475937515,11086906,12060,H1,035,00352295,122,A,13035,+33.2903551,-083.9582206,06,,G4020,Butts,Butts County,13,464.2117647058824,"{""type"":""MultiPoint"",""coordinates"":[]}"
0000000000000000082f,704988509,18130753,12060,H1,217,01673547,122,A,13217,+33.5440212,-083.8551846,06,,G4020,Newton,Newton County,13,1006.7764705882353,"{""type"":""MultiPoint"",""coordinates"":[]}"
00000000000000000830,899645527,18817822,12060,H1,211,00346008,122,A,13211,+33.5934743,-083.4910487,06,,G4020,Morgan,Morgan County,13,6547.733333333333,"{""type"":""MultiPoint"",""coordinates"":[]}"
00000000000000000831,843525609,11170129,12060,H1,297,00351264,122,A,13297,+33.7838866,-083.7318290,06,,G4020,Walton,Walton County,13,3092.372549019608,"{""type"":""MultiPoint"",""coordinates"":[]}"
00000000000000000832,825198323,20445913,12060,H1,151,01671894,122,A,13151,+33.4529466,-084.1540207,06,,G4020,Henry,Henry County,13,1440.0,"{""type"":""MultiPoint"",""coordinates"":[]}"
00000000000000000833,336205277,5926396,12060,H1,247,00357592,122,A,13247,+33.6520811,-084.0263696,06,,G4020,Rockdale,Rockdale County,13,78.0,"{""type"":""MultiPoint"",""coordinates"":[]}"
00000000000000000834,693143907,9192035,12060,H1,089,01687424,122,A,13089,+33.7706611,-084.2263432,06,,G4020,DeKalb,DeKalb County,13,80.0,"{""type"":""MultiPoint"",""coordinates"":[]}"
00000000000000000835,366862137,7057627,12060,H1,063,01672399,122,A,13063,+33.5426863,-084.3555727,06,,G4020,Clayton,Clayton County,13,65.0,"{""type"":""MultiPoint"",""coordinates"":[]}"
00000000000000000836,507333988,9602978,12060,H1,255,00353055,122,A,13255,+33.2623888,-084.2860671,06,,G4020,Spalding,Spalding County,13,923.7882352941176,"{""type"":""MultiPoint"",""coordinates"":[]}"
00000000000000000837,559659552,8596853,12060,H1,231,00346482,122,A,13231,+33.0907685,-084.3866265,06,,G4020,Pike,Pike County,13,2240.0,"{""type"":""MultiPoint"",""coordinates"":[]}"
00000000000000000838,503399106,12846193,12060,H1,113,01687740,122,A,13113,+33.4127172,-084.4939407,06,,G4020,Fayette,Fayette County,13,162.0,"{""type"":""MultiPoint"",""coordinates"":[]}"
00000000000000000839,1364181802,19776815,12060,H1,121,01694833,122,A,13121,+33.7900338,-084.4681816,06,,G4020,Fulton,Fulton County,13,63.0,"{""type"":""MultiPoint"",""coordinates"":[]}"
0000000000000000083a,518293073,2485522,12060,H1,097,01686467,122,A,13097,+33.6993166,-084.7659441,06,,G4020,Douglas,Douglas County,13,28.0,"{""type"":""MultiPoint"",""coordinates"":[]}"
0000000000000000083b,1114832015,16367873,12060,H1,135,01688166,122,A,13135,+33.9591477,-084.0230847,06,,G4020,Gwinnett,Gwinnett County,13,74.29803921568627,"{""type"":""MultiPoint"",""coordinates"":[]}"
0000000000000000083c,879793729,12505187,12060,H1,067,01686112,122,A,13067,+33.9399400,-084.5741657,06,,G4020,Cobb,Cobb County,13,13.0,"{""type"":""MultiPoint"",""coordinates"":[]}"
0000000000000000083d,580408545,59629869,12060,H1,117,01673358,122,A,13117,+34.2251430,-084.1274353,06,,G4020,Forsyth,Forsyth County,13,49.0,"{""type"":""MultiPoint"",""coordinates"":[]}"
0000000000000000083e,415349361,6642578,12060,H1,013,00356976,122,A,13013,+33.9920094,-083.7123025,06,,G4020,Barrow,Barrow County,13,176.69411764705882,"{""type"":""MultiPoint"",""coordinates"":[]}"
00000000000000000a5f,546042941,9271910,12060,H1,085,00351312,122,A,13085,+34.4428421,-084.1732841,06,,G4020,Dawson,Dawson County,13,564.0,"{""type"":""MultiPoint"",""coordinates"":[]}"
00000000000000000a60,601027938,1693768,12060,H1,227,01673011,122,A,13227,+34.4568125,-084.4903390,06,,G4020,Pickens,Pickens County,13,108.0,"{""type"":""MultiPoint"",""coordinates"":[]}"
00000000000000000a61,1090669263,34459754,12060,H1,057,01685718,122,A,13057,+34.2443166,-084.4750574,06,,G4020,Cherokee,Cherokee County,13,30.0,"{""type"":""MultiPoint"",""coordinates"":[]}"
00000000000000000a65,1190219022,27368325,12060,H1,015,00351604,122,A,13015,+34.2409175,-084.8381879,06,,G4020,Bartow,Bartow County,13,10710.529411764706,"{""type"":""MultiPoint"",""coordinates"":[]}"
000000000000000002de,1635193082,8568514,16980,H1,037,00422190,176,A,17037,+41.8946125,-088.7689910,06,20994,G4020,DeKalb,DeKalb County,17,675037.9882352942,"{""type"":""MultiPoint"",""coordinates"":[]}"
000000000000000002ee,1082749557,32106092,16980,H1,063,00424233,176,A,17063,+41.2924096,-088.4010545,06,16974,G4020,Grundy,Grundy County,17,503747.3529411766,"{""type"":""MultiPoint"",""coordinates"":[]}"
000000000000000002ef,2167651293,31842428,16980,H1,197,01785190,176,A,17197,+41.4484742,-087.9784564,06,16974,G4020,Will,Will County,17,549924.0039215687,"{""type"":""MultiPoint"",""coordinates"":[]}"
000000000000000002f6,2447516257,1786450196,16980,H1,031,01784766,176,A,17031,+41.8942937,-087.6454546,06,16974,G4020,Cook,Cook County,17,19038.29411764706,"{""type"":""MultiPoint"",""coordinates"":[]}"
000000000000000002f7,848266724,22849391,16980,H1,043,00422191,176,A,17043,+41.8520581,-088.0860383,06,16974,G4020,DuPage,DuPage County,17,10799.50980392157,"{""type"":""MultiPoint"",""coordinates"":[]}"
000000000000000002f8,829532937,5123221,16980,H1,093,00424248,176,A,17093,+41.5881403,-088.4306257,06,16974,G4020,Kendall,Kendall County,17,348821.33725490194,"{""type"":""MultiPoint"",""coordinates"":[]}"
000000000000000002f9,1347216399,10775726,16980,H1,089,00424246,176,A,17089,+41.9395938,-088.4280395,06,20994,G4020,Kane,Kane County,17,317784.98431372567,"{""type"":""MultiPoint"",""coordinates"":[]}"
000000000000000002fa,1149636500,2394478200,16980,H1,097,01784796,176,A,17097,+42.3264354,-087.4360331,06,29404,G4020,Lake,Lake County,17,52436.21568627452,"{""type"":""MultiPoint"",""coordinates"":[]}"
000000000000000002fb,1562336338,19832927,16980,H1,111,01784815,176,A,17111,+42.3242982,-088.4522450,06,16974,G4020,McHenry,McHenry County,17,365959.11372549017,"{""type"":""MultiPoint"",""coordinates"":[]}"
00000000000000000303,1082777920,268688087,16980,H1,127,00450382,176,A,18127,+41.5099163,-087.0713127,06,23844,G4020,Porter,Porter County,18,298329.6862745098,"{""type"":""MultiPoint"",""coordinates"":[]}"
00000000000000000304,1449431947,4560470,16980,H1,073,00450494,176,A,18073,+41.0176883,-087.1188137,06,23844,G4020,Jasper,Jasper County,18,570724.9529411766,"{""type"":""MultiPoint"",""coordinates"":[]}"
00000000000000000305,1292119563,330902305,16980,H1,089,00450495,176,A,18089,+41.4722470,-087.3743368,06,23844,G4020,Lake,Lake County,18,269645.3568627451,"{""type"":""MultiPoint"",""coordinates"":[]}"
00000000000000000306,1040539917,4349506,16980,H1,111,00450376,176,A,18111,+40.9623985,-087.4021716,06,23844,G4020,Newton,Newton County,18,409350.83921568614,"{""type"":""MultiPoint"",""coordinates"":[]}"
000000000000000002d4,704518453,1248400556,16980,H1,059,01581089,176,A,55059,+42.5797024,-087.4248839,06,29404,G4020,Kenosha,Kenosha County,55,157995.18823529413,"{""type"":""MultiPoint"",""coordinates"":[]}"
0000000000000000010e,417568568,10238515,17140,H1,161,00450395,178,A,18161,+39.6231109,-084.9251523,06,,G4020,Union,Union County,18,157857.443137255,"{""type"":""MultiPoint"",""coordinates"":[]}"
00000000000000000111,790034484,6167882,17140,H1,029,00450344,178,A,18029,+39.1483206,-084.9734972,06,,G4020,Dearborn,Dearborn County,18,29138.909803921568,"{""type"":""MultiPoint"",""coordinates"":[]}"
00000000000000000125,223101879,3352213,17140,H1,115,00450378,178,A,18115,+38.9405270,-084.9642994,06,,G4020,Ohio,Ohio County,18,11745.58431372549,"{""type"":""MultiPoint"",""coordinates"":[]}"
00000000000000000119,391914321,20981945,17140,H1,037,00516865,178,A,21037,+38.9469811,-084.3795832,06,,G4020,Campbell,Campbell County,21,926.0,"{""type"":""MultiPoint"",""coordinates"":[]}"
0000000000000000011a,717839313,12325351,17140,H1,191,00516942,178,A,21191,+38.6962842,-084.3519435,06,,G4020,Pendleton,Pendleton County,21,2319.5568627450984,"{""type"":""MultiPoint"",""coordinates"":[]}"
0000000000000000011d,532533651,8636823,17140,H1,023,00516858,178,A,21023,+38.6803649,-084.1152351,06,,G4020,Bracken,Bracken County,21,2470.3137254901962,"{""type"":""MultiPoint"",""coordinates"":[]}"
00000000000000000122,668126450,7253735,17140,H1,081,00516887,178,A,21081,+38.6491599,-084.6259265,06,,G4020,Grant,Grant County,21,924.035294117647,"{""type"":""MultiPoint"",""coordinates"":[]}"
00000000000000000123,415050645,10605687,17140,H1,117,00516905,178,A,21117,+38.9305031,-084.5334381,06,,G4020,Kenton,Kenton County,21,824.1882352941177,"{""type"":""MultiPoint"",""coordinates"":[]}"
00000000000000000124,637696482,26542815,17140,H1,015,00516854,178,A,21015,+38.9745952,-084.7314310,06,,G4020,Boone,Boone County,21,5052.192156862745,"{""type"":""MultiPoint"",""coordinates"":[]}"
00000000000000000127,254699489,16518571,17140,H1,077,00516885,178,A,21077,+38.7601027,-084.8621525,06,,G4020,Gallatin,Gallatin County,21,1615.8745098039215,"{""type"":""MultiPoint"",""coordinates"":[]}"
0000000000000000010f,1209528851,7833380,17140,H1,017,01074021,178,A,39017,+39.4397469,-084.5657341,06,,G4020,Butler,Butler County,39,124935.09019607847,"{""type"":""MultiPoint"",""coordinates"":[]}"
00000000000000000112,1051349243,17355289,17140,H1,061,01074043,178,A,39061,+39.1969272,-084.5441868,06,,G4020,Hamilton,Hamilton County,39,13461.313725490194,"{""type"":""MultiPoint"",""coordinates"":[]}"
00000000000000000113,1170958174,19831175,17140,H1,025,01074025,178,A,39025,+39.0520838,-084.1496140,06,,G4020,Clermont,Clermont County,39,59472.54509803922,"{""type"":""MultiPoint"",""coordinates"":[]}"
00000000000000000114,1039437341,15502922,17140,H1,165,01074094,178,A,39165,+39.4256516,-084.1699063,06,,G4020,Warren,Warren County,39,102441.71764705886,"{""type"":""MultiPoint"",""coordinates"":[]}"
00000000000000000118,1269138601,8895019,17140,H1,015,01074020,178,A,39015,+38.9313769,-083.8667723,06,,G4020,Brown,Brown County,39,104940.19607843143,"{""type"":""MultiPoint"",""coordinates"":[]}"
000000000000000009a1,1538618894,31937036,28140,H1,107,00485018,312,A,20107,+38.2165494,-094.8449321,06,,G4020,Linn,Linn County,20,113694.69411764707,"{""type"":""MultiPoint"",""coordinates"":[]}"
000000000000000009a3,1490957045,37798210,28140,H1,121,00485025,312,A,20121,+38.5667718,-094.8329626,06,,G4020,Miami,Miami County,20,126812.29019607842,"{""type"":""MultiPoint"",""coordinates"":[]}"
000000000000000009b9,1199524172,15035947,28140,H1,103,00485016,312,A,20103,+39.1895108,-095.0389770,06,,G4020,Leavenworth,Leavenworth County,20,108474.09411764707,"{""type"":""MultiPoint"",""coordinates"":[]}"
000000000000000009c0,392647716,11890112,28140,H6,209,00485065,312,C,20209,+39.1153842,-094.7630866,06,,G4020,Wyandotte,Wyandotte County,20,12522.003921568634,"{""type"":""MultiPoint"",""coordinates"":[]}"
000000000000000009c1,1226247743,16750478,28140,H1,091,00485010,312,A,20091,+38.8839065,-094.8223295,06,,G4020,Johnson,Johnson County,20,74523.9176470588,"{""type"":""MultiPoint"",""coordinates"":[]}"
000000000000000009bb,1088302649,17119857,28140,H1,165,00758537,312,A,29165,+39.3786957,-094.7614717,06,,G4020,Platte,Platte County,29,178225.20392156864,"{""type"":""MultiPoint"",""coordinates"":[]}"
000000000000000009bd,1085096688,11719847,28140,H1,049,00758479,312,A,29049,+39.6087233,-094.3958028,06,,G4020,Clinton,Clinton County,29,229656.34901960782,"{""type"":""MultiPoint"",""coordinates"":[]}"
000000000000000009bf,1029881206,28568904,28140,H1,047,00758478,312,A,29047,+39.3155512,-094.4215024,06,,G4020,Clay,Clay County,29,71471.02745098039,"{""type"":""MultiPoint"",""coordinates"":[]}"
000000000000000009c2,1565835130,30484057,28140,H1,095,00758502,312,A,29095,+39.0054410,-094.3433259,06,,G4020,Jackson,Jackson County,29,93253.62745098039,"{""type"":""MultiPoint"",""coordinates"":[]}"
000000000000000009c3,1804141831,15044746,28140,H1,037,00758473,312,A,29037,+38.6464737,-094.3545467,06,,G4020,Cass,Cass County,29,188036.72941176468,"{""type"":""MultiPoint"",""coordinates"":[]}"
000000000000000009c4,1473200437,13287170,28140,H1,177,00758543,312,A,29177,+39.3084005,-093.9957462,06,,G4020,Ray,Ray County,29,183563.91372549022,"{""type"":""MultiPoint"",""coordinates"":[]}"
000000000000000009c5,1627640379,27215050,28140,H1,107,00758508,312,A,29107,+39.0687048,-093.8026388,06,,G4020,Lafayette,Lafayette County,29,530730.980392157,"{""type"":""MultiPoint"",""coordinates"":[]}"
000000000000000009c8,1104350547,8402198,28140,H1,025,00758467,312,A,29025,+39.6589977,-093.9791785,06,,G4020,Caldwell,Caldwell County,29,145425.0862745098,"{""type"":""MultiPoint"",""coordinates"":[]}"
000000000000000009e9,2167013739,38050433,28140,H1,013,00758461,312,A,29013,+38.2572171,-094.3392459,06,,G4020,Bates,Bates County,29,375070.2235294118,"{""type"":""MultiPoint"",""coordinates"":[]}"
0000000000000000029d,1162318477,64897214,33460,H1,079,00659485,378,A,27079,+44.3734238,-093.7301433,06,,G4020,Le Sueur,Le Sueur County,27,486982.0627450981,"{""type"":""MultiPoint"",""coordinates"":[]}"
000000000000000002a0,1524937452,30427528,33460,H1,143,00659516,378,A,27143,+44.5757343,-094.2301232,06,,G4020,Sibley,Sibley County,27,764438.2039215687,"{""type"":""MultiPoint"",""coordinates"":[]}"
000000000000000002a1,922707433,31375011,33460,H1,139,00659514,378,A,27139,+44.6518050,-093.5337311,06,,G4020,Scott,Scott County,27,198185.23529411768,"{""type"":""MultiPoint"",""coordinates"":[]}"
000000000000000002a2,1456708835,63156296,33460,H1,037,00659464,378,A,27037,+44.6708930,-093.0624813,06,,G4020,Dakota,Dakota County,27,316611.72941176477,"{""type"":""MultiPoint"",""coordinates"":[]}"
000000000000000003e5,1482347345,283000300,33460,H1,095,00659493,378,A,27095,+45.9290434,-093.6329964,06,,G4020,Mille Lacs,Mille Lacs County,27,101202.6980392157,"{""type"":""MultiPoint"",""coordinates"":[]}"
000000000000000003e8,1074610514,71157912,33460,H1,025,00659458,378,A,27025,+45.5054439,-092.9038486,06,,G4020,Chisago,Chisago County,27,124369.65098039217,"{""type"":""MultiPoint"",""coordinates"":[]}"
000000000000000003e9,1128570637,41163732,33460,H1,059,00659475,378,A,27059,+45.5624313,-093.2963388,06,,G4020,Isanti,Isanti County,27,153373.33333333334,"{""type"":""MultiPoint"",""coordinates"":[]}"
000000000000000003ea,995595568,99480895,33460,H1,163,00659526,378,A,27163,+45.0379290,-092.8901170,06,,G4020,Washington,Washington County,27,85531.88235294117,"{""type"":""MultiPoint"",""coordinates"":[]}"
000000000000000003eb,394086415,46423386,33460,H1,123,00659507,378,A,27123,+45.0152499,-093.1001408,06,,G4020,Ramsey,Ramsey County,27,66.0,"{""type"":""MultiPoint"",""coordinates"":[]}"
000000000000000003ec,1095498607,59831231,33460,H1,003,00659447,378,A,27003,+45.2741098,-093.2427232,06,,G4020,Anoka,Anoka County,27,26887.999999999996,"{""type"":""MultiPoint"",""coordinates"":[]}"
000000000000000003ed,1433923040,137089920,33460,H1,053,00659472,378,A,27053,+45.0061209,-093.4752279,06,,G4020,Hennepin,Hennepin County,27,81084.05490196079,"{""type"":""MultiPoint"",""coordinates"":[]}"
000000000000000003ee,1712830382,137066343,33460,H1,171,00659530,378,A,27171,+45.1750914,-093.9663965,06,,G4020,Wright,Wright County,27,392038.95294117654,"{""type"":""MultiPoint"",""coordinates"":[]}"
000000000000000003ef,1121245709,46951033,33460,H1,141,00659515,378,A,27141,+45.4531762,-093.7691300,06,,G4020,Sherburne,Sherburne County,27,113801.47843137257,"{""type"":""MultiPoint"",""coordinates"":[]}"
000000000000000003f2,917348417,56768233,33460,H1,019,00659455,378,A,27019,+44.8213196,-093.8000913,06,,G4020,Carver,Carver County,27,254851.11372549008,"{""type"":""MultiPoint"",""coordinates"":[]}"
000000000000000002a9,1486002477,46949436,33460,H1,093,01581107,378,A,55093,+44.7253365,-092.4262793,06,,G4020,Pierce,Pierce County,55,262563.6117647059,"{""type"":""MultiPoint"",""coordinates"":[]}"
000000000000000003dd,1871216494,34193343,33460,H1,109,01581833,378,A,55109,+45.0289589,-092.4472842,06,,G4020,St. Croix,St. Croix County,55,348020.4274509804,"{""type"":""MultiPoint"",""coordinates"":[]}"
00000000000000000a78,687992438,156144,34980,H1,015,01648572,400,A,47015,+35.8083940,-086.0624044,06,,G4020,Cannon,Cannon County,47,29961.717647058824,"{""type"":""MultiPoint"",""coordinates"":[]}"
00000000000000000a79,1604151408,12142906,34980,H1,149,01639787,400,A,47149,+35.8433688,-086.4172127,06,,G4020,Rutherford,Rutherford County,47,26085.290196078433,"{""type"":""MultiPoint"",""coordinates"":[]}"
00000000000000000a88,1588021145,6319196,34980,H1,119,01639772,400,A,47119,+35.6156963,-087.0777632,06,,G4020,Maury,Maury County,47,42201.16470588235,"{""type"":""MultiPoint"",""coordinates"":[]}"
00000000000000000a8a,1586324704,373710,34980,H1,081,01639756,400,A,47081,+35.8022905,-087.4671007,06,,G4020,Hickman,Hickman County,47,14854.054901960784,"{""type"":""MultiPoint"",""coordinates"":[]}"
00000000000000000a8b,1508923180,3012752,34980,H1,187,01639801,400,A,47187,+35.8948446,-086.8978858,06,,G4020,Williamson,Williamson County,47,13378.509803921568,"{""type"":""MultiPoint"",""coordinates"":[]}"
00000000000000000a8c,1479053208,32002363,34980,H1,189,01639802,400,A,47189,+36.1484757,-086.2902097,06,,G4020,Wilson,Wilson County,47,5565.525490196079,"{""type"":""MultiPoint"",""coordinates"":[]}"
00000000000000000a8d,1304953365,56649279,34980,H6,037,01639737,400,C,47037,+36.1691287,-086.7847898,06,,G4020,Davidson,Davidson County,47,5821.6274509803925,"{""type"":""MultiPoint"",""coordinates"":[]}"
00000000000000000a8e,1371067660,35857194,34980,H1,165,01639794,400,A,47165,+36.4734430,-086.4597975,06,,G4020,Sumner,Sumner County,47,56374.694117647065,"{""type"":""MultiPoint"",""coordinates"":[]}"
00000000000000000a8f,296143573,5960720,34980,H6,169,01648581,400,C,47169,+36.3930297,-086.1566909,06,,G4020,Trousdale,Trousdale County,47,4059.5568627450975,"{""type"":""MultiPoint"",""coordinates"":[]}"
00000000000000000a90,1233581151,451691,34980,H1,147,01639786,400,A,47147,+36.5275304,-086.8693774,06,,G4020,Robertson,Robertson County,47,195873.57647058822,"{""type"":""MultiPoint"",""coordinates"":[]}"
00000000000000000a91,783308254,11964173,34980,H1,021,01639731,400,A,47021,+36.2551687,-087.1008077,06,,G4020,Cheatham,Cheatham County,47,12457.992156862743,"{""type"":""MultiPoint"",""coordinates"":[]}"
00000000000000000a92,1268824248,3689043,34980,H1,043,01639740,400,A,47043,+36.1455325,-087.3641546,06,,G4020,Dickson,Dickson County,47,7757.494117647058,"{""type"":""MultiPoint"",""coordinates"":[]}"
00000000000000000aa7,795498357,246690,34980,H1,111,01639768,400,A,47111,+36.5377572,-086.0009596,06,,G4020,Macon,Macon County,47,11522.635294117648,"{""type"":""MultiPoint"",""coordinates"":[]}"
00000000000000000aa8,814016768,28694080,34980,H1,159,01639791,400,A,47159,+36.2556502,-085.9420777,06,,G4020,Smith,Smith County,47,11650.341176470589,"{""type"":""MultiPoint"",""coordinates"":[]}"
0000000000000000020f,997188933,33718659,41180,H1,133,01784865,476,A,17133,+38.2779831,-090.1790777,06,,G4020,Monroe,Monroe County,17,218361.41568627447,"{""type"":""MultiPoint"",""coordinates"":[]}"
00000000000000000211,1703639689,42092622,41180,H1,163,01784987,476,A,17163,+38.4701976,-089.9285459,06,,G4020,St. Clair,St. Clair County,17,447302.15294117655,"{""type"":""MultiPoint"",""coordinates"":[]}"
0000000000000000022f,657402916,77057164,41180,H1,013,00424208,476,A,17013,+39.1642619,-090.6662949,06,,G4020,Calhoun,Calhoun County,17,58523.815686274516,"{""type"":""MultiPoint"",""coordinates"":[]}"
00000000000000000230,956433109,20324168,41180,H1,083,00424243,476,A,17083,+39.0801918,-090.3613647,06,,G4020,Jersey,Jersey County,17,248719.22352941177,"{""type"":""MultiPoint"",""coordinates"":[]}"
00000000000000000231,1853742063,64302910,41180,H1,119,00424258,476,A,17119,+38.8270817,-089.9001953,06,,G4020,Madison,Madison County,17,470713.0705882354,"{""type"":""MultiPoint"",""coordinates"":[]}"
00000000000000000232,2234949669,12255611,41180,H1,117,00424257,476,A,17117,+39.2659000,-089.9263435,06,,G4020,Macoupin,Macoupin County,17,792599.588235294,"{""type"":""MultiPoint"",""coordinates"":[]}"
000000000000000006fb,984918650,6426353,41180,H1,005,00424204,476,A,17005,+38.8859240,-089.4365916,06,,G4020,Bond,Bond County,17,327565.4196078431,"{""type"":""MultiPoint"",""coordinates"":[]}"
00000000000000000b0a,1227874118,75592335,41180,H1,027,00424215,476,A,17027,+38.6062953,-089.4262278,06,,G4020,Clinton,Clinton County,17,420421.9882352942,"{""type"":""MultiPoint"",""coordinates"":[]}"
00000000000000000210,1700722348,19766540,41180,H1,099,00758504,476,A,29099,+38.2575993,-090.5435419,06,,G4020,Jefferson,Jefferson County,29,16411.862745098042,"{""type"":""MultiPoint"",""coordinates"":[]}"
00000000000000000212,160458044,10670040,41180,C7,510,00767557,476,F,29510,+38.6356988,-090.2445816,25,,G4020,St. Louis,St. Louis city,29,6.0,"{""type"":""MultiPoint"",""coordinates"":[]}"
00000000000000000213,1315122130,39385838,41180,H1,189,00758549,476,A,29189,+38.6407022,-090.4459541,06,,G4020,St. Louis,St. Louis County,29,19178.470588235294,"{""type"":""MultiPoint"",""coordinates"":[]}"
00000000000000000215,2389734943,20729139,41180,H1,071,00758490,476,A,29071,+38.4083125,-091.0734098,06,,G4020,Franklin,Franklin County,29,89804.78431372548,"{""type"":""MultiPoint"",""coordinates"":[]}"
00000000000000000216,1451493058,83353121,41180,H1,183,00758546,476,A,29183,+38.7811023,-090.6749153,06,,G4020,St. Charles,St. Charles County,29,205982.0,"{""type"":""MultiPoint"",""coordinates"":[]}"
00000000000000000217,1110070560,23748217,41180,H1,219,00758562,476,A,29219,+38.7619020,-091.1593065,06,,G4020,Warren,Warren County,29,98988.35294117649,"{""type"":""MultiPoint"",""coordinates"":[]}"
00000000000000000221,1622776606,36014760,41180,H1,113,00758511,476,A,29113,+39.0622547,-090.9629165,06,,G4020,Lincoln,Lincoln County,29,223898.82745098043,"{""type"":""MultiPoint"",""coordinates"":[]}"
000100000000000000f7,1328344260,21706060,49340,H4,015,00212801,148,N,09015,+41.8249987,-071.9907017,06,,G4020,Windham,Windham County,09,83.0,"{""type"":""MultiPoint"",""coordinates"":[]}"
00010000000000000100,1722710821,276663622,35980,H4,011,00212799,278,N,09011,+41.4726514,-072.1086329,06,,G4020,New London,New London County,09,20.0,"{""type"":""MultiPoint"",""coordinates"":[]}"
00010000000000000101,956491411,180679144,25540,H4,007,00212797,278,N,09007,+41.4330028,-072.5227802,06,,G4020,Middlesex,Middlesex County,09,27.0,"{""type"":""MultiPoint"",""coordinates"":[]}"
00010000000000000103,1062731511,17531739,25540,H4,013,00212668,278,N,09013,+41.8580807,-072.3409779,06,,G4020,Tolland,Tolland County,09,304.7058823529412,"{""type"":""MultiPoint"",""coordinates"":[]}"
00010000000000000104,1903985507,40128067,25540,H4,003,00212338,278,N,09003,+41.8060534,-072.7329157,06,,G4020,Hartford,Hartford County,09,1017.2941176470588,"{""type"":""MultiPoint"",""coordinates"":[]}"
0001000000000000007f,1618664453,549280549,14860,H4,001,00212794,408,N,09001,+41.2274128,-073.3670614,06,,G4020,Fairfield,Fairfield County,09,5.0,"{""type"":""MultiPoint"",""coordinates"":[]}"
000100000000000000e0,2384058126,62393364,45860,H4,005,00212796,408,N,09005,+41.7918833,-073.2354042,06,,G4020,Litchfield,Litchfield County,09,68.04313725490196,"{""type"":""MultiPoint"",""coordinates"":[]}"
00010000000000000102,1565652258,667093746,35300,H4,009,00212798,408,N,09009,+41.3497173,-072.9002037,06,,G4020,New Haven,New Haven County,09,19.0,"{""type"":""MultiPoint"",""coordinates"":[]}"
0001000000000000005b,2424468472,674248696,41540,H1,005,00217269,,A,10005,+38.6732275,-075.3370237,06,,G4020,Sussex,Sussex County,10,443834.00784313725,"{""type"":""MultiPoint"",""coordinates"":[]}"
0001000000000000005c,1518566893,549101617,20100,H1,001,00217271,428,A,10001,+39.0970884,-075.5029819,06,,G4020,Kent,Kent County,10,278894.65490196075,"{""type"":""MultiPoint"",""coordinates"":[]}"
000100000000000000a0,1104159377,175370515,37980,H1,003,00217270,428,A,10003,+39.5759152,-075.6441324,06,48864,G4020,New Castle,New Castle County,10,85625.631372549,"{""type"":""MultiPoint"",""coordinates"":[]}"
00010000000000000050,158364992,18633403,47900,H6,001,01702382,548,F,11001,+38.9041031,-077.0172290,00,47894,G4020,District of Columbia,District of Columbia,11,15.0,"{""type"":""MultiPoint"",""coordinates"":[]}"
00010000000000000034,1098571612,14940658,19060,H1,001,01713506,,A,24001,+39.6123134,-078.7031037,06,,G4020,Allegany,Allegany County,24,1812.4392156862746,"{""type"":""MultiPoint"",""coordinates"":[]}"
00010000000000000056,717510794,353307933,,H1,029,00593907,,A,24029,+39.2412793,-076.1259867,06,,G4020,Kent,Kent County,24,197542.07058823528,"{""type"":""MultiPoint"",""coordinates"":[]}"
00010000000000000059,827350236,16777064,,H1,011,00595737,,A,24011,+38.8715306,-075.8316620,06,,G4020,Caroline,Caroline County,24,203715.83529411763,"{""type"":""MultiPoint"",""coordinates"":[]}"
0001000000000000005a,969736590,66797770,41540,H1,045,01668606,,A,24045,+38.3673749,-075.6320890,06,,G4020,Wicomico,Wicomico County,24,120821.95686274512,"{""type"":""MultiPoint"",""coordinates"":[]}"
0001000000000000005e,1212832596,586845178,41540,H1,047,01668802,,A,24047,+38.2221332,-075.3099315,06,,G4020,Worcester,Worcester County,24,166339.1411764706,"{""type"":""MultiPoint"",""coordinates"":[]}"
0001000000000000005f,828090979,752714478,41540,H1,039,00596907,,A,24039,+38.0744501,-075.8533228,06,,G4020,Somerset,Somerset County,24,77112.50588235294,"{""type"":""MultiPoint"",""coordinates"":[]}"
000100000000000000a3,896852795,185340903,37980,H1,015,00596115,428,A,24015,+39.5623537,-075.9415852,06,48864,G4020,Cecil,Cecil County,24,91723.66666666669,"{""type"":""MultiPoint"",""coordinates"":[]}"
0001000000000000003d,1185609336,24803917,25180,H1,043,01714220,548,A,24043,+39.6036207,-077.8146709,06,,G4020,Washington,Washington County,24,72032.32156862745,"{""type"":""MultiPoint"",""coordinates"":[]}"
0001000000000000003e,1710554389,18041931,47900,H1,021,01711211,548,A,24021,+39.4704287,-077.3976237,06,43524,G4020,Frederick,Frederick County,24,152462.4901960784,"{""type"":""MultiPoint"",""coordinates"":[]}"
0001000000000000003f,1276884959,35995064,47900,H1,031,01712500,548,A,24031,+39.1373815,-077.2030633,06,43524,G4020,Montgomery,Montgomery County,24,44648.26274509805,"{""type"":""MultiPoint"",""coordinates"":[]}"
00010000000000000044,1185656914,479539650,47900,H1,017,01676992,548,A,24017,+38.4728532,-077.0154272,06,47894,G4020,Charles,Charles County,24,29760.474509803924,"{""type"":""MultiPoint"",""coordinates"":[]}"
0001000000000000004a,925665243,1053737256,15680,H1,037,01697853,548,A,24037,+38.2202894,-076.5303837,06,,G4020,St. Mary's,St. Mary's County,24,56440.34901960784,"{""type"":""MultiPoint"",""coordinates"":[]}"
0001000000000000004c,552178304,341560888,47900,H1,009,01676636,548,A,24009,+38.5226111,-076.5294935,06,47894,G4020,Calvert,Calvert County,24,15911.231372549018,"{""type"":""MultiPoint"",""coordinates"":[]}"
0001000000000000004d,1250258133,41721659,47900,H1,033,01714670,548,A,24033,+38.8258796,-076.8472724,06,47894,G4020,Prince George's,Prince George's County,24,21161.286274509803,"{""type"":""MultiPoint"",""coordinates"":[]}"
0001000000000000004e,695519249,539405840,20660,H1,041,00592947,548,A,24041,+38.7483519,-076.1784798,06,,G4020,Talbot,Talbot County,24,154863.90196078428,"{""type"":""MultiPoint"",""coordinates"":[]}"
0001000000000000004f,1074553083,447833714,12580,H1,003,01710958,548,A,24003,+38.9935788,-076.5604798,06,,G4020,Anne Arundel,Anne Arundel County,24,21537.760784313727,"{""type"":""MultiPoint"",""coordinates"":[]}"
00010000000000000053,649942723,6345542,12580,H1,027,01709077,548,A,24027,+39.2522639,-076.9244057,06,,G4020,Howard,Howard County,24,20798.25882352941,"{""type"":""MultiPoint"",""coordinates"":[]}"
00010000000000000054,1549750698,215989606,12580,H1,005,01695314,548,A,24005,+39.4431666,-076.6165693,06,,G4020,Baltimore,Baltimore County,24,69076.93725490196,"{""type"":""MultiPoint"",""coordinates"":[]}"
00010000000000000057,962645492,360048470,12580,H1,035,00596089,548,A,24035,+39.0406929,-076.0824053,06,,G4020,Queen Anne's,Queen Anne's County,24,223623.8549019608,"{""type"":""MultiPoint"",""coordinates"":[]}"
00010000000000000058,1400542033,1145384766,15700,H1,019,00596495,548,A,24019,+38.4291957,-076.0474333,06,,G4020,Dorchester,Dorchester County,24,151935.78039215686,"{""type"":""MultiPoint"",""coordinates"":[]}"
000100000000000000a4,1132089349,231910741,12580,H1,025,01698178,548,A,24025,+39.5374292,-076.2997894,06,,G4020,Harford,Harford County,24,68396.13333333335,"{""type"":""MultiPoint"",""coordinates"":[]}"
000100000000000000a5,1159279521,13185871,12580,H1,013,01696228,548,A,24013,+39.5633008,-077.0153677,06,,G4020,Carroll,Carroll County,24,125670.6078431373,"{""type"":""MultiPoint"",""coordinates"":[]}"
00010000000000000055,209643557,28767622,12580,C7,510,01702381,548,F,24510,+39.3000324,-076.6104761,25,,G4020,Baltimore,Baltimore city,24,3.0,"{""type"":""MultiPoint"",""coordinates"":[]}"
000100000000000000fe,267455938,1004128585,47240,H1,007,00606930,,A,25007,+41.3809696,-070.7014995,06,,G4020,Dukes,Dukes County,25,0.0,"{""type"":""MultiPoint"",""coordinates"":[]}"
000100000000000000e2,2400678867,50642922,38340,H4,003,00606928,,N,25003,+42.3753141,-073.2139479,06,,G4020,Berkshire,Berkshire County,25,184.521568627451,"{""type"":""MultiPoint"",""coordinates"":[]}"
000100000000000000ff,119431671,667032059,,H4,019,00606936,,N,25019,+41.3058778,-070.1419099,06,,G4020,Nantucket,Nantucket County,25,0.0,"{""type"":""MultiPoint"",""coordinates"":[]}"
000100000000000000f3,1706313612,1125287797,14460,H1,023,00606938,148,A,25023,+41.9871959,-070.7419417,06,14454,G4020,Plymouth,Plymouth County,25,0.0,"{""type"":""MultiPoint"",""coordinates"":[]}"
000100000000000000f5,1025875907,124960223,14460,H1,021,00606937,148,A,25021,+42.1717500,-071.1811147,06,14454,G4020,Norfolk,Norfolk County,25,0.0,"{""type"":""MultiPoint"",""coordinates"":[]}"
000100000000000000fb,1432482514,357547961,39300,H1,005,00606929,148,A,25005,+41.7468629,-071.0905088,06,,G4020,Bristol,Bristol County,25,0.0,"{""type"":""MultiPoint"",""coordinates"":[]}"
000100000000000000fd,1020989893,2360346064,12700,H1,001,00606927,148,A,25001,+41.7990145,-070.2118803,06,,G4020,Barnstable,Barnstable County,25,0.0,"{""type"":""MultiPoint"",""coordinates"":[]}"
000100000000000000ed,3912530796,177502550,49340,H4,027,00606940,148,N,25027,+42.3116934,-071.9402820,06,,G4020,Worcester,Worcester County,25,265.0,"{""type"":""MultiPoint"",""coordinates"":[]}"
000100000000000000f1,1275359633,870400284,14460,H4,009,00606931,148,N,25009,+42.6427110,-070.8651073,06,15764,G4020,Essex,Essex County,25,14.0,"{""type"":""MultiPoint"",""coordinates"":[]}"
000100000000000000f2,2117856970,75792724,14460,H4,017,00606935,148,N,25017,+42.4817114,-071.3949166,06,15764,G4020,Middlesex,Middlesex County,25,10.0,"{""type"":""MultiPoint"",""coordinates"":[]}"
000100000000000000f4,150865086,160470296,14460,H4,025,00606939,148,N,25025,+42.3319600,-071.0201725,06,14454,G4020,Suffolk,Suffolk County,25,0.0,"{""type"":""MultiPoint"",""coordinates"":[]}"
000100000000000000ea,1810952650,65556538,24640,H4,011,00606932,521,N,25011,+42.5845038,-072.5917921,06,,G4020,Franklin,Franklin County,25,37.47843137254902,"{""type"":""MultiPoint"",""coordinates"":[]}"
000100000000000000eb,1365512869,46539285,44140,H4,015,00606934,521,N,25015,+42.3394593,-072.6636936,06,,G4020,Hampshire,Hampshire County,25,172.0,"{""type"":""MultiPoint"",""coordinates"":[]}"
00010000000000000105,1598136446,44413460,44140,H4,013,00606933,521,N,25013,+42.1361975,-072.6356476,06,,G4020,Hampden,Hampden County,25,426.0,"{""type"":""MultiPoint"",""coordinates"":[]}"
000100000000000000ec,1830338973,57617298,28300,H1,005,00873176,,A,33005,+42.9254553,-072.2482169,06,,G4020,Cheshire,Cheshire County,33,0.0,"{""type"":""MultiPoint"",""coordinates"":[]}"
000100000000000000ef,1392143922,37879499,17200,H1,019,00873183,,A,33019,+43.3611883,-072.2220839,06,,G4020,Sullivan,Sullivan County,33,0.0,"{""type"":""MultiPoint"",""coordinates"":[]}"
000100000000000000ee,2269876709,41633792,31700,H1,011,00873179,148,A,33011,+42.9115317,-071.7230554,06,,G4020,Hillsborough,Hillsborough County,33,12.0,"{""type"":""MultiPoint"",""coordinates"":[]}"
000100000000000000f0,1800347172,259322762,14460,H1,015,00873181,148,A,33015,+42.9885989,-071.0990719,06,40484,G4020,Rockingham,Rockingham County,33,0.0,"{""type"":""MultiPoint"",""coordinates"":[]}"
00010000000000000068,1628655943,740759175,35620,H1,029,00882279,408,A,34029,+39.8656690,-074.2588636,06,35614,G4020,Ocean,Ocean County,34,3903.250980392157,"{""type"":""MultiPoint"",""coordinates"":[]}"
00010000000000000070,581097880,11661948,45940,H1,021,00882229,408,A,34021,+40.2825026,-074.7037240,06,,G4020,Mercer,Mercer County,34,17303.282352941176,"{""type"":""MultiPoint"",""coordinates"":[]}"
00010000000000000071,1213125252,510444554,35620,H1,025,00882910,408,A,34025,+40.2870481,-074.1524456,06,35614,G4020,Monmouth,Monmouth County,34,19894.039215686273,"{""type"":""MultiPoint"",""coordinates"":[]}"
00010000000000000075,800962803,35374817,35620,H1,023,00882230,408,A,34023,+40.4396128,-074.4075788,06,35614,G4020,Middlesex,Middlesex County,34,13194.47450980392,"{""type"":""MultiPoint"",""coordinates"":[]}"
00010000000000000076,266174384,7037555,35620,H1,039,00882235,408,A,34039,+40.6598707,-074.3086957,06,35084,G4020,Union,Union County,34,4.0,"{""type"":""MultiPoint"",""coordinates"":[]}"
00010000000000000077,119786739,41812801,35620,H1,017,00882278,408,A,34017,+40.7313751,-074.0786014,06,35614,G4020,Hudson,Hudson County,34,0.0,"{""type"":""MultiPoint"",""coordinates"":[]}"
00010000000000000079,326643513,8478686,35620,H1,013,00882276,408,A,34013,+40.7874003,-074.2462919,06,35084,G4020,Essex,Essex County,34,6.0,"{""type"":""MultiPoint"",""coordinates"":[]}"
0001000000000000007a,602848342,35417758,35620,H1,003,00882271,408,A,34003,+40.9596985,-074.0747272,06,35614,G4020,Bergen,Bergen County,34,31.0,"{""type"":""MultiPoint"",""coordinates"":[]}"
00010000000000000083,481749389,32075737,35620,H1,031,00882232,408,A,34031,+41.0378896,-074.2982800,06,35614,G4020,Passaic,Passaic County,34,11.0,"{""type"":""MultiPoint"",""coordinates"":[]}"
00010000000000000084,1192817713,54393389,35620,H1,027,00882231,408,A,34027,+40.8585805,-074.5474268,06,35084,G4020,Morris,Morris County,34,4705.886274509804,"{""type"":""MultiPoint"",""coordinates"":[]}"
00010000000000000085,1343552955,43234734,35620,H1,037,00882236,408,A,34037,+41.1374609,-074.6919141,06,35084,G4020,Sussex,Sussex County,34,7182.164705882353,"{""type"":""MultiPoint"",""coordinates"":[]}"
00010000000000000089,923351614,15840101,10900,H1,041,00882237,408,A,34041,+40.8534914,-075.0094978,06,,G4020,Warren,Warren County,34,54481.94117647059,"{""type"":""MultiPoint"",""coordinates"":[]}"
0001000000000000008a,1108070035,24849191,35620,H1,019,00882228,408,A,34019,+40.5652832,-074.9119695,06,35084,G4020,Hunterdon,Hunterdon County,34,31819.235294117647,"{""type"":""MultiPoint"",""coordinates"":[]}"
0001000000000000008b,781820323,8006852,35620,H1,035,00882234,408,A,34035,+40.5655273,-074.6199378,06,35084,G4020,Somerset,Somerset County,34,13184.196078431374,"{""type"":""MultiPoint"",""coordinates"":[]}"
0001000000000000005d,653004933,953575375,36140,H1,009,00882274,428,A,34009,+39.0861425,-074.8477158,06,,G4020,Cape May,Cape May County,34,1428.0,"{""type"":""MultiPoint"",""coordinates"":[]}"
00010000000000000069,1252327405,503300501,47220,H1,011,00882275,428,A,34011,+39.3284336,-075.1216277,06,,G4020,Cumberland,Cumberland County,34,57448.2274509804,"{""type"":""MultiPoint"",""coordinates"":[]}"
0001000000000000006a,1438982575,301062742,12100,H1,001,00882270,428,A,34001,+39.4693540,-074.6337584,06,,G4020,Atlantic,Atlantic County,34,7545.2156862745105,"{""type"":""MultiPoint"",""coordinates"":[]}"
0001000000000000006b,833866376,38354111,37980,H1,015,00882277,428,A,34015,+39.7228745,-075.1456793,06,15804,G4020,Gloucester,Gloucester County,34,39496.180392156864,"{""type"":""MultiPoint"",""coordinates"":[]}"
0001000000000000006c,573287175,15729813,37980,H1,007,00882273,428,A,34007,+39.8023521,-074.9612507,06,15804,G4020,Camden,Camden County,34,2651.713725490196,"{""type"":""MultiPoint"",""coordinates"":[]}"
0001000000000000006d,2069166409,55077842,37980,H1,005,00882272,428,A,34005,+39.8757858,-074.6630063,06,15804,G4020,Burlington,Burlington County,34,53904.27450980392,"{""type"":""MultiPoint"",""coordinates"":[]}"
000100000000000000a2,859463290,105439930,37980,H1,033,00882233,428,A,34033,+39.5738282,-075.3573559,06,48864,G4020,Salem,Salem County,34,81019.96470588235,"{""type"":""MultiPoint"",""coordinates"":[]}"
00010000000000000086,2507463254,74035009,,H1,105,00974150,,A,36105,+41.7199928,-074.7715769,06,,G4020,Sullivan,Sullivan County,36,306.0,"{""type"":""MultiPoint"",""coordinates"":[]}"
000100000000000000c0,1343192583,11059913,13780,H1,107,00974151,,A,36107,+42.1780565,-076.2974556,06,,G4020,Tioga,Tioga County,36,6400.0,"{""type"":""MultiPoint"",""coordinates"":[]}"
000100000000000000c3,850379111,36246374,,H1,097,00974146,,A,36097,+42.4197755,-076.9386030,06,,G4020,Schuyler,Schuyler County,36,7545.427450980392,"{""type"":""MultiPoint"",""coordinates"":[]}"
000100000000000000ce,2665875177,13153776,,H1,003,00974100,,A,36003,+42.2478532,-078.0261531,06,,G4020,Allegany,Allegany County,36,6699.164705882353,"{""type"":""MultiPoint"",""coordinates"":[]}"
000100000000000000cf,1535218841,9158424,,H1,121,00974158,,A,36121,+42.7013627,-078.2285667,06,,G4020,Wyoming,Wyoming County,36,20494.674509803917,"{""type"":""MultiPoint"",""coordinates"":[]}"
000100000000000000d4,3139921985,117340432,46540,H1,065,00974131,,A,36065,+43.2427273,-075.4342824,06,,G4020,Oneida,Oneida County,36,37955.13333333334,"{""type"":""MultiPoint"",""coordinates"":[]}"
000100000000000000d5,2594462130,36339122,36580,H1,077,00974137,,A,36077,+42.6297762,-075.0288410,06,,G4020,Otsego,Otsego County,36,10269.30980392157,"{""type"":""MultiPoint"",""coordinates"":[]}"
000100000000000000d8,2314378334,13062477,,H1,017,00974107,,A,36017,+42.4780238,-075.6022407,06,,G4020,Chenango,Chenango County,36,9603.772549019608,"{""type"":""MultiPoint"",""coordinates"":[]}"
000100000000000000d9,1827987180,25185424,13780,H1,007,00974102,,A,36007,+42.1619773,-075.8302833,06,,G4020,Broome,Broome County,36,2846.0,"{""type"":""MultiPoint"",""coordinates"":[]}"
000100000000000000da,3735952964,64717114,,H1,025,00974111,,A,36025,+42.1939865,-074.9667281,06,,G4020,Delaware,Delaware County,36,2160.164705882353,"{""type"":""MultiPoint"",""coordinates"":[]}"
000100000000000000dd,1676140500,28201061,,H1,039,00974118,,A,36039,+42.2869702,-074.1495421,06,,G4020,Greene,Greene County,36,1267.678431372549,"{""type"":""MultiPoint"",""coordinates"":[]}"
000100000000000000db,1610503573,11676949,10580,H1,095,00974145,104,A,36095,+42.5912940,-074.4381718,06,,G4020,Schoharie,Schoharie County,36,2446.0,"{""type"":""MultiPoint"",""coordinates"":[]}"
000100000000000000dc,1354083641,27161700,10580,H1,001,00974099,104,A,36001,+42.5882401,-073.9740095,06,,G4020,Albany,Albany County,36,965.0,"{""type"":""MultiPoint"",""coordinates"":[]}"
000100000000000000e1,1643778342,35063763,26460,H1,021,00974109,104,A,36021,+42.2477288,-073.6268057,06,,G4020,Columbia,Columbia County,36,22618.454901960788,"{""type"":""MultiPoint"",""coordinates"":[]}"
000100000000000000e3,1689815932,33569457,10580,H1,083,00974140,104,A,36083,+42.7104206,-073.5138454,06,,G4020,Rensselaer,Rensselaer County,36,7766.0,"{""type"":""MultiPoint"",""coordinates"":[]}"
000100000000000000e4,529856261,12600388,10580,H1,093,00974144,104,A,36093,+42.8175390,-074.0435482,06,,G4020,Schenectady,Schenectady County,36,164.0,"{""type"":""MultiPoint"",""coordinates"":[]}"
000100000000000000e5,2097880371,87571838,10580,H1,091,00974143,104,A,36091,+43.1061353,-073.8553872,06,,G4020,Saratoga,Saratoga County,36,2823.0,"{""type"":""MultiPoint"",""coordinates"":[]}"
000100000000000000e6,1283234679,96916405,24100,H1,035,00974116,104,A,36035,+43.1156093,-074.4236782,06,,G4020,Fulton,Fulton County,36,1475.5098039215686,"{""type"":""MultiPoint"",""coordinates"":[]}"
000100000000000000e7,1044067732,18598434,11220,H1,057,00974127,104,A,36057,+42.9008912,-074.4353575,06,,G4020,Montgomery,Montgomery County,36,9504.698039215687,"{""type"":""MultiPoint"",""coordinates"":[]}"
000100000000000000ba,3388637061,36604688,36460,H1,009,00974103,160,A,36009,+42.2390986,-078.6623320,06,,G4020,Cattaraugus,Cattaraugus County,36,21139.945098039214,"{""type"":""MultiPoint"",""coordinates"":[]}"
000100000000000000d0,2700574449,476965184,15380,H1,029,00974113,160,A,36029,+42.7527590,-078.7781922,06,,G4020,Erie,Erie County,36,38201.17647058823,"{""type"":""MultiPoint"",""coordinates"":[]}"
000100000000000000d1,1352887116,1598842827,15380,H1,063,00974130,160,A,36063,+43.4567309,-078.7921425,06,,G4020,Niagara,Niagara County,36,75407.62352941177,"{""type"":""MultiPoint"",""coordinates"":[]}"
000100000000000000c1,1055038643,8874334,21300,H1,015,00974106,236,A,36015,+42.1552804,-076.7471791,06,,G4020,Chemung,Chemung County,36,7406.03137254902,"{""type"":""MultiPoint"",""coordinates"":[]}"
000100000000000000c2,3601567659,34992742,18500,H1,101,00974148,236,A,36101,+42.2667252,-077.3855253,06,,G4020,Steuben,Steuben County,36,20752.631372549018,"{""type"":""MultiPoint"",""coordinates"":[]}"
000100000000000000c4,1229335153,43793781,27060,H1,109,00974152,296,A,36109,+42.4530063,-076.4734835,06,,G4020,Tompkins,Tompkins County,36,22172.729411764703,"{""type"":""MultiPoint"",""coordinates"":[]}"
000100000000000000d7,1291815779,7112822,18660,H1,023,00974110,296,A,36023,+42.5940390,-076.0762397,06,,G4020,Cortland,Cortland County,36,7614.176470588235,"{""type"":""MultiPoint"",""coordinates"":[]}"
0001000000000000007b,737649064,436824706,35620,H1,059,00974128,408,A,36059,+40.7296118,-073.5894144,06,35004,G4020,Nassau,Nassau County,36,86.0,"{""type"":""MultiPoint"",""coordinates"":[]}"
0001000000000000007c,2361434905,3784958366,35620,H1,103,00974149,408,A,36103,+40.9435540,-072.6922184,06,35004,G4020,Suffolk,Suffolk County,36,81.0,"{""type"":""MultiPoint"",""coordinates"":[]}"
0001000000000000007e,1115031348,179949077,35620,H1,119,00974157,408,A,36119,+41.1527698,-073.7459120,06,35614,G4020,Westchester,Westchester County,36,232.0,"{""type"":""MultiPoint"",""coordinates"":[]}"
00010000000000000080,596504171,41282800,35620,H1,079,00974138,408,A,36079,+41.4279035,-073.7438816,06,20524,G4020,Putnam,Putnam County,36,64.0,"{""type"":""MultiPoint"",""coordinates"":[]}"
00010000000000000081,449229420,66831873,35620,H1,087,00974142,408,A,36087,+41.1546392,-074.0246455,06,35614,G4020,Rockland,Rockland County,36,9.0,"{""type"":""MultiPoint"",""coordinates"":[]}"
00010000000000000082,2103888458,68104062,35620,H1,071,00974134,408,A,36071,+41.4024096,-074.3062522,06,35614,G4020,Orange,Orange County,36,7412.733333333334,"{""type"":""MultiPoint"",""coordinates"":[]}"
000100000000000000de,2911757793,94596954,28740,H1,111,00974153,408,A,36111,+41.9472124,-074.2654582,06,,G4020,Ulster,Ulster County,36,1625.5764705882352,"{""type"":""MultiPoint"",""coordinates"":[]}"
000100000000000000df,2060678181,76956282,35620,H1,027,00974112,408,A,36027,+41.7547699,-073.7400411,06,20524,G4020,Dutchess,Dutchess County,36,13077.47843137255,"{""type"":""MultiPoint"",""coordinates"":[]}"
00010000000000000072,150675181,114250150,35620,H6,085,00974141,408,C,36085,+40.5612628,-074.1398995,06,35614,G4020,Richmond,Richmond County,36,3.0,"{""type"":""MultiPoint"",""coordinates"":[]}"
00010000000000000073,281708062,179390933,35620,H6,081,00974139,408,C,36081,+40.6585662,-073.8380168,06,35614,G4020,Queens,Queens County,36,0.0,"{""type"":""MultiPoint"",""coordinates"":[]}"
00010000000000000074,180813964,69955385,35620,H6,047,00974122,408,C,36047,+40.6350451,-073.9506398,06,35614,G4020,Kings,Kings County,36,11.0,"{""type"":""MultiPoint"",""coordinates"":[]}"
00010000000000000078,58677325,28554883,35620,H6,061,00974129,408,C,36061,+40.7766419,-073.9701871,06,35614,G4020,New York,New York County,36,0.0,"{""type"":""MultiPoint"",""coordinates"":[]}"
0001000000000000007d,108910661,39682657,35620,H6,005,00974101,408,C,36005,+40.8487111,-073.8529390,06,35614,G4020,Bronx,Bronx County,36,8.0,"{""type"":""MultiPoint"",""coordinates"":[]}"
000100000000000000c5,838403626,172828921,42900,H1,099,00974147,464,A,36099,+42.7822943,-076.8270880,06,,G4020,Seneca,Seneca County,36,114531.63921568629,"{""type"":""MultiPoint"",""coordinates"":[]}"
000100000000000000c8,1563903156,2018194942,40380,H1,117,00974156,464,A,36117,+43.4587577,-077.0631637,06,,G4020,Wayne,Wayne County,36,105604.25098039216,"{""type"":""MultiPoint"",""coordinates"":[]}"
000100000000000000c9,875785686,97504774,40380,H1,123,00974159,464,A,36123,+42.6382370,-077.1043238,06,,G4020,Yates,Yates County,36,40163.81568627454,"{""type"":""MultiPoint"",""coordinates"":[]}"
000100000000000000ca,1668114458,47820988,40380,H1,069,00974133,464,A,36069,+42.8563575,-077.3034968,06,,G4020,Ontario,Ontario County,36,97917.12549019614,"{""type"":""MultiPoint"",""coordinates"":[]}"
000100000000000000cb,1636256623,22006106,40380,H1,051,00974124,464,A,36051,+42.7274845,-077.7697795,06,,G4020,Livingston,Livingston County,36,79125.79215686276,"{""type"":""MultiPoint"",""coordinates"":[]}"
000100000000000000cc,1702166306,1837580224,40380,H1,055,00974126,464,A,36055,+43.4644751,-077.6646556,06,,G4020,Monroe,Monroe County,36,69880.98823529412,"{""type"":""MultiPoint"",""coordinates"":[]}"
000100000000000000cd,1276697994,6142605,12860,H1,037,00974117,464,A,36037,+43.0009096,-078.1927784,06,,G4020,Genesee,Genesee County,36,73572.20392156864,"{""type"":""MultiPoint"",""coordinates"":[]}"
000100000000000000d2,1013366849,1103741896,40380,H1,073,00974135,464,A,36073,+43.5022867,-078.2297258,06,,G4020,Orleans,Orleans County,36,110174.72549019607,"{""type"":""MultiPoint"",""coordinates"":[]}"
000100000000000000c6,1791190504,445708175,12180,H1,011,00974104,532,A,36011,+43.0085456,-076.5745866,06,,G4020,Cayuga,Cayuga County,36,146438.29019607845,"{""type"":""MultiPoint"",""coordinates"":[]}"
000100000000000000c7,2016071028,70469619,45060,H1,067,00974132,532,A,36067,+43.0065163,-076.1961336,06,,G4020,Onondaga,Onondaga County,36,48162.83529411765,"{""type"":""MultiPoint"",""coordinates"":[]}"
000100000000000000d3,2464746080,933480216,45060,H1,075,00974136,532,A,36075,+43.4614431,-076.2092618,06,,G4020,Oswego,Oswego County,36,19334.333333333336,"{""type"":""MultiPoint"",""coordinates"":[]}"
000100000000000000d6,1696091559,16670528,45060,H1,053,00974125,532,A,36053,+42.9100255,-075.6635749,06,,G4020,Madison,Madison County,36,15404.917647058825,"{""type"":""MultiPoint"",""coordinates"":[]}"
0001000000000000013b,2428135154,43651479,,H1,047,01026339,,A,37047,+34.2616017,-078.6393077,06,,G4020,Columbus,Columbus County,37,184334.60784313726,"{""type"":""MultiPoint"",""coordinates"":[]}"
0001000000000000013d,496985298,354006265,48900,H1,129,01026329,,A,37129,+34.1778748,-077.8696735,06,,G4020,New Hanover,New Hanover County,37,4721.0,"{""type"":""MultiPoint"",""coordinates"":[]}"
00010000000000000145,447179927,157966162,,H1,041,01025822,,A,37041,+36.1289790,-076.6027521,06,,G4020,Chowan,Chowan County,37,48894.81176470588,"{""type"":""MultiPoint"",""coordinates"":[]}"
00010000000000000146,897456200,195282200,,H1,187,01026331,,A,37187,+35.8447130,-076.5722906,06,,G4020,Washington,Washington County,37,172904.3137254902,"{""type"":""MultiPoint"",""coordinates"":[]}"
00010000000000000147,1585933592,2192961833,,H1,095,01008564,,A,37095,+35.4081567,-076.1536867,06,,G4020,Hyde,Hyde County,37,184300.09803921566,"{""type"":""MultiPoint"",""coordinates"":[]}"
0001000000000000014c,1973721561,370718798,27340,H1,133,01026341,,A,37133,+34.7631087,-077.4994691,06,,G4020,Onslow,Onslow County,37,69834.76470588235,"{""type"":""MultiPoint"",""coordinates"":[]}"
0001000000000000014d,1033630023,5900300,28820,H1,107,01008568,,A,37107,+35.2400677,-077.6355095,06,,G4020,Lenoir,Lenoir County,37,135576.35686274507,"{""type"":""MultiPoint"",""coordinates"":[]}"
0001000000000000014e,2110160393,14193280,,H1,061,01026132,,A,37061,+34.9344033,-077.9335434,06,,G4020,Duplin,Duplin County,37,239268.0666666666,"{""type"":""MultiPoint"",""coordinates"":[]}"
0001000000000000014f,1434618746,9874705,24140,H1,191,01026128,,A,37191,+35.3541896,-078.0086695,06,,G4020,Wayne,Wayne County,37,180777.4862745098,"{""type"":""MultiPoint"",""coordinates"":[]}"
00010000000000000150,2256645184,162905594,48900,H1,141,01026129,,A,37141,+34.5125561,-077.8881063,06,,G4020,Pender,Pender County,37,83393.3843137255,"{""type"":""MultiPoint"",""coordinates"":[]}"
00010000000000000151,2265857408,33041192,,H1,017,01026336,,A,37017,+34.5919375,-078.5394885,06,,G4020,Bladen,Bladen County,37,115420.78823529411,"{""type"":""MultiPoint"",""coordinates"":[]}"
00010000000000000152,2449357429,4923826,,H1,163,01026131,,A,37163,+34.9892978,-078.3711743,06,,G4020,Sampson,Sampson County,37,250282.0509803922,"{""type"":""MultiPoint"",""coordinates"":[]}"
00010000000000000163,1111325893,39407120,,H1,185,01008593,,A,37185,+36.3981051,-078.0998993,06,,G4020,Warren,Warren County,37,21779.18039215686,"{""type"":""MultiPoint"",""coordinates"":[]}"
00010000000000000169,914685904,18740844,,H1,091,01026127,,A,37091,+36.3635174,-076.9816160,06,,G4020,Hertford,Hertford County,37,75475.50588235294,"{""type"":""MultiPoint"",""coordinates"":[]}"
0001000000000000016a,1810858584,109088135,,H1,015,01026334,,A,37015,+36.0590432,-076.9623641,06,,G4020,Bertie,Bertie County,37,102819.50196078434,"{""type"":""MultiPoint"",""coordinates"":[]}"
0001000000000000016b,1182135018,746610,,H1,117,01026328,,A,37117,+35.8473006,-077.1196022,06,,G4020,Martin,Martin County,37,87590.69019607843,"{""type"":""MultiPoint"",""coordinates"":[]}"
0001000000000000016e,690851082,1217389,,H1,079,01008557,,A,37079,+35.4819590,-077.6816876,06,,G4020,Greene,Greene County,37,91497.27450980393,"{""type"":""MultiPoint"",""coordinates"":[]}"
00010000000000000153,1690007529,15401460,22180,H1,051,01026124,246,A,37051,+35.0501921,-078.8287187,06,,G4020,Cumberland,Cumberland County,37,79585.43921568627,"{""type"":""MultiPoint"",""coordinates"":[]}"
0001000000000000016d,1689619168,8248766,24780,H1,147,01008578,274,A,37147,+35.5929650,-077.3731380,06,,G4020,Pitt,Pitt County,37,168937.87450980395,"{""type"":""MultiPoint"",""coordinates"":[]}"
0001000000000000016f,2154915918,338848867,47820,H1,013,01026333,274,A,37013,+35.4823128,-076.8420144,06,,G4020,Beaufort,Beaufort County,37,251714.65098039215,"{""type"":""MultiPoint"",""coordinates"":[]}"
0001000000000000013c,2200507464,519018582,34820,H1,019,01026340,396,A,37019,+34.0387542,-078.2277653,06,,G4020,Brunswick,Brunswick County,37,44675.16862745098,"{""type"":""MultiPoint"",""coordinates"":[]}"
00010000000000000148,1314749437,2131001181,33980,H1,031,01026337,404,A,37031,+34.8583426,-076.5358601,06,,G4020,Carteret,Carteret County,37,109575.0,"{""type"":""MultiPoint"",""coordinates"":[]}"
00010000000000000149,871556645,583050685,35100,H1,137,01023355,404,A,37137,+35.1475747,-076.6652684,06,,G4020,Pamlico,Pamlico County,37,69093.0,"{""type"":""MultiPoint"",""coordinates"":[]}"
0001000000000000014a,1830335129,172457083,35100,H1,049,01026123,404,A,37049,+35.1168292,-077.0813197,06,,G4020,Craven,Craven County,37,107819.15294117645,"{""type"":""MultiPoint"",""coordinates"":[]}"
0001000000000000014b,1220844268,6024574,35100,H1,103,01026338,404,A,37103,+35.0322677,-077.3561946,06,,G4020,Jones,Jones County,37,76628.59215686275,"{""type"":""MultiPoint"",""coordinates"":[]}"
00010000000000000154,1541077415,16400845,20380,H1,085,01008560,450,A,37085,+35.3686348,-078.8716104,06,,G4020,Harnett,Harnett County,37,75358.5137254902,"{""type"":""MultiPoint"",""coordinates"":[]}"
00010000000000000155,660580380,10752322,41820,H1,105,01008567,450,A,37105,+35.4763365,-079.1721174,06,,G4020,Lee,Lee County,37,15276.117647058825,"{""type"":""MultiPoint"",""coordinates"":[]}"
00010000000000000156,2049314207,11529964,39580,H1,101,01026327,450,A,37101,+35.5134002,-078.3673108,06,,G4020,Johnston,Johnston County,37,131787.56078431374,"{""type"":""MultiPoint"",""coordinates"":[]}"
00010000000000000159,1273631714,7304032,39580,H1,069,01008553,450,A,37069,+36.0882406,-078.2830903,06,,G4020,Franklin,Franklin County,37,39804.15686274509,"{""type"":""MultiPoint"",""coordinates"":[]}"
0001000000000000015a,2162149712,58100780,39580,H1,183,01008592,450,A,37183,+35.7898464,-078.6506240,06,,G4020,Wake,Wake County,37,32680.27843137255,"{""type"":""MultiPoint"",""coordinates"":[]}"
0001000000000000015b,1377849157,14503651,37080,H1,077,01008556,450,A,37077,+36.2998840,-078.6576338,06,,G4020,Granville,Granville County,37,24235.090196078432,"{""type"":""MultiPoint"",""coordinates"":[]}"
0001000000000000015c,1029605065,8871754,20500,H1,135,01008576,450,A,37135,+36.0625255,-079.1200340,06,,G4020,Orange,Orange County,37,15291.749019607843,"{""type"":""MultiPoint"",""coordinates"":[]}"
0001000000000000015d,741739587,29723581,20500,H1,063,01008550,450,A,37063,+36.0338223,-078.8781198,06,,G4020,Durham,Durham County,37,4881.913725490197,"{""type"":""MultiPoint"",""coordinates"":[]}"
0001000000000000015e,1016141549,31218720,20500,H1,145,01008577,450,A,37145,+36.3863362,-078.9656441,06,,G4020,Person,Person County,37,46816.415686274515,"{""type"":""MultiPoint"",""coordinates"":[]}"
00010000000000000162,653705786,42187365,25780,H1,181,01008591,450,A,37181,+36.3654806,-078.4054343,06,,G4020,Vance,Vance County,37,15794.725490196079,"{""type"":""MultiPoint"",""coordinates"":[]}"
00010000000000000157,952010946,14334531,48980,H1,195,01008596,468,A,37195,+35.7003569,-077.9215978,06,,G4020,Wilson,Wilson County,37,98891.20784313726,"{""type"":""MultiPoint"",""coordinates"":[]}"
00010000000000000158,1399739714,6177826,40580,H1,127,01008574,468,A,37127,+35.9659447,-077.9875546,06,,G4020,Nash,Nash County,37,84047.47843137255,"{""type"":""MultiPoint"",""coordinates"":[]}"
00010000000000000164,1874459064,16933522,40260,H1,083,01008559,468,A,37083,+36.2514375,-077.6448423,06,,G4020,Halifax,Halifax County,37,98053.06666666665,"{""type"":""MultiPoint"",""coordinates"":[]}"
00010000000000000167,1390017259,36037775,40260,H1,131,01008575,468,A,37131,+36.4217739,-077.3983518,06,,G4020,Northampton,Northampton County,37,91701.54509803922,"{""type"":""MultiPoint"",""coordinates"":[]}"
0001000000000000016c,1309062990,3717083,40580,H1,065,01008551,468,A,37065,+35.9170507,-077.6026616,06,,G4020,Edgecombe,Edgecombe County,37,129460.70196078432,"{""type"":""MultiPoint"",""coordinates"":[]}"
0001000000000000013e,992521573,3000550239,28620,H1,055,01026133,545,A,37055,+35.6062688,-075.7675364,06,,G4020,Dare,Dare County,37,2435.0,"{""type"":""MultiPoint"",""coordinates"":[]}"
0001000000000000013f,678415822,685024028,47260,H1,053,01026125,545,A,37053,+36.3721739,-075.9412242,06,,G4020,Currituck,Currituck County,37,80032.49803921569,"{""type"":""MultiPoint"",""coordinates"":[]}"
00010000000000000140,1012110887,534568389,28620,H1,177,01026332,545,A,37177,+35.8704196,-076.1653454,06,,G4020,Tyrrell,Tyrrell County,37,135201.98823529412,"{""type"":""MultiPoint"",""coordinates"":[]}"
00010000000000000141,622448679,181112904,21020,H1,029,01026335,545,A,37029,+36.3423438,-076.1624876,06,,G4020,Camden,Camden County,37,95525.10588235295,"{""type"":""MultiPoint"",""coordinates"":[]}"
00010000000000000142,587616450,161745166,21020,H1,139,01026330,545,A,37139,+36.2651840,-076.2606959,06,,G4020,Pasquotank,Pasquotank County,37,99006.18431372548,"{""type"":""MultiPoint"",""coordinates"":[]}"
00010000000000000143,640099676,211829497,21020,H1,143,01025841,545,A,37143,+36.1808969,-076.4032445,06,,G4020,Perquimans,Perquimans County,37,80658.73333333332,"{""type"":""MultiPoint"",""coordinates"":[]}"
00010000000000000144,882181715,13292007,47260,H1,073,01026126,545,A,37073,+36.4421353,-076.7023552,06,,G4020,Gates,Gates County,37,46639.3019607843,"{""type"":""MultiPoint"",""coordinates"":[]}"
00010000000000000091,1879307107,64774622,,H1,127,01213692,,A,42127,+41.6470068,-075.2931930,06,,G4020,Wayne,Wayne County,42,1537.9960784313726,"{""type"":""MultiPoint"",""coordinates"":[]}"
00010000000000000092,1188217624,15896171,42540,H1,069,01213675,,A,42069,+41.4402841,-075.6096661,06,,G4020,Lackawanna,Lackawanna County,42,1390.9333333333334,"{""type"":""MultiPoint"",""coordinates"":[]}"
00010000000000000093,2132879370,22356562,,H1,115,01213688,,A,42115,+41.8196651,-075.8009686,06,,G4020,Susquehanna,Susquehanna County,42,1911.5882352941176,"{""type"":""MultiPoint"",""coordinates"":[]}"
00010000000000000094,2305974195,41240055,42540,H1,079,01209183,,A,42079,+41.1727868,-075.9760345,06,,G4020,Luzerne,Luzerne County,42,18306.709803921567,"{""type"":""MultiPoint"",""coordinates"":[]}"
00010000000000000095,1029016039,20034376,42540,H1,131,01209192,,A,42131,+41.5251726,-076.0087310,06,,G4020,Wyoming,Wyoming County,42,3560.176470588235,"{""type"":""MultiPoint"",""coordinates"":[]}"
00010000000000000096,1165338399,6617028,,H1,113,01213687,,A,42113,+41.4392848,-076.5117166,06,,G4020,Sullivan,Sullivan County,42,2372.972549019608,"{""type"":""MultiPoint"",""coordinates"":[]}"
00010000000000000097,2971750814,35275587,42380,H1,015,01213660,,A,42015,+41.7914949,-076.5021237,06,,G4020,Bradford,Bradford County,42,30081.050980392156,"{""type"":""MultiPoint"",""coordinates"":[]}"
0001000000000000009b,2016645897,10834897,39060,H1,107,01213685,,A,42107,+40.7036820,-076.2177878,06,,G4020,Schuylkill,Schuylkill County,42,63586.37254901961,"{""type"":""MultiPoint"",""coordinates"":[]}"
0001000000000000009d,2444606396,103423673,29540,H1,071,01209181,,A,42071,+40.0419921,-076.2501980,06,,G4020,Lancaster,Lancaster County,42,234273.5294117647,"{""type"":""MultiPoint"",""coordinates"":[]}"
000100000000000000aa,1013592887,5606074,,H1,067,01209180,,A,42067,+40.5306730,-077.4004377,06,,G4020,Juniata,Juniata County,42,47753.68235294118,"{""type"":""MultiPoint"",""coordinates"":[]}"
000100000000000000ac,1064602238,9507398,30380,H1,087,01213679,,A,42087,+40.6016069,-077.6519381,06,,G4020,Mifflin,Mifflin County,42,36377.02352941176,"{""type"":""MultiPoint"",""coordinates"":[]}"
000100000000000000ad,2265337403,37851955,26500,H1,061,01213672,,A,42061,+40.4223108,-077.9685953,06,,G4020,Huntingdon,Huntingdon County,42,24165.972549019607,"{""type"":""MultiPoint"",""coordinates"":[]}"
000100000000000000ae,1133252798,1305486,,H1,057,01213671,,A,42057,+39.9107505,-078.1226171,06,,G4020,Fulton,Fulton County,42,10710.854901960784,"{""type"":""MultiPoint"",""coordinates"":[]}"
000100000000000000b0,2621836594,11935888,,H1,009,01209171,,A,42009,+39.9986204,-078.4947507,06,,G4020,Bedford,Bedford County,42,49903.925490196074,"{""type"":""MultiPoint"",""coordinates"":[]}"
000100000000000000b3,1361815247,3285511,11020,H1,013,01213659,,A,42013,+40.4979217,-078.3106362,06,,G4020,Blair,Blair County,42,23551.337254901962,"{""type"":""MultiPoint"",""coordinates"":[]}"
000100000000000000b6,1026229553,5664041,,H1,023,01213663,,A,42023,+41.4382883,-078.1983145,06,,G4020,Cameron,Cameron County,42,73.0,"{""type"":""MultiPoint"",""coordinates"":[]}"
000100000000000000b7,2142856032,12818644,41260,H1,047,01213668,,A,42047,+41.4273339,-078.6539383,06,,G4020,Elk,Elk County,42,1814.0,"{""type"":""MultiPoint"",""coordinates"":[]}"
000100000000000000b8,1689784203,11321806,,H1,065,01213674,,A,42065,+41.1380282,-079.0124190,06,,G4020,Jefferson,Jefferson County,42,27767.796078431373,"{""type"":""MultiPoint"",""coordinates"":[]}"
000100000000000000b9,2536105992,13010718,14620,H1,083,01210235,,A,42083,+41.8145902,-078.5724631,06,,G4020,McKean,McKean County,42,1512.0,"{""type"":""MultiPoint"",""coordinates"":[]}"
000100000000000000bb,2800612691,559779,,H1,105,01213684,,A,42105,+41.7485866,-077.8944358,06,,G4020,Potter,Potter County,42,1469.4392156862746,"{""type"":""MultiPoint"",""coordinates"":[]}"
000100000000000000bc,2936469318,8257078,,H1,117,01209189,,A,42117,+41.7668593,-077.2572881,06,,G4020,Tioga,Tioga County,42,8585.486274509805,"{""type"":""MultiPoint"",""coordinates"":[]}"
00010000000000000099,1251240776,18266225,14100,H1,037,01213665,146,A,42037,+41.0455174,-076.4042599,06,,G4020,Columbia,Columbia County,42,69601.63921568627,"{""type"":""MultiPoint"",""coordinates"":[]}"
0001000000000000009a,1186219234,50515011,44980,H1,097,01209186,146,A,42097,+40.8515244,-076.7098770,06,,G4020,Northumberland,Northumberland County,42,132347.33333333334,"{""type"":""MultiPoint"",""coordinates"":[]}"
000100000000000000bd,851526093,7157948,42780,H1,109,01213686,146,A,42109,+40.7554068,-077.0729288,06,,G4020,Snyder,Snyder County,42,59390.117647058825,"{""type"":""MultiPoint"",""coordinates"":[]}"
000100000000000000be,818399144,4639329,30260,H1,119,01213689,146,A,42119,+40.9621790,-077.0554751,06,,G4020,Union,Union County,42,66156.71372549019,"{""type"":""MultiPoint"",""coordinates"":[]}"
000100000000000000bf,337326240,5407948,14100,H1,093,01213681,146,A,42093,+41.0292912,-076.6651953,06,,G4020,Montour,Montour County,42,43131.05882352939,"{""type"":""MultiPoint"",""coordinates"":[]}"
0001000000000000009c,937138344,1727921,30140,H1,075,01214034,276,A,42075,+40.3715593,-076.4648697,06,,G4020,Lebanon,Lebanon County,42,87277.98039215687,"{""type"":""MultiPoint"",""coordinates"":[]}"
0001000000000000009e,2341883204,16941833,49620,H1,133,01209193,276,A,42133,+39.9217514,-076.7288887,06,,G4020,York,York County,42,253024.6980392157,"{""type"":""MultiPoint"",""coordinates"":[]}"
000100000000000000a6,1343394713,7889265,23900,H1,001,01213656,276,A,42001,+39.8694707,-077.2177296,06,,G4020,Adams,Adams County,42,115146.8980392157,"{""type"":""MultiPoint"",""coordinates"":[]}"
000100000000000000a7,1359893288,85780784,25420,H1,043,01213667,276,A,42043,+40.4125646,-076.7926343,06,,G4020,Dauphin,Dauphin County,42,86584.45882352942,"{""type"":""MultiPoint"",""coordinates"":[]}"
000100000000000000a8,1412834155,12521844,25420,H1,041,01209176,276,A,42041,+40.1648047,-077.2634419,06,,G4020,Cumberland,Cumberland County,42,113406.78823529411,"{""type"":""MultiPoint"",""coordinates"":[]}"
000100000000000000a9,1428244405,10589698,25420,H1,099,01213682,276,A,42099,+40.3977795,-077.2663284,06,,G4020,Perry,Perry County,42,64479.48235294118,"{""type"":""MultiPoint"",""coordinates"":[]}"
000100000000000000b1,1782823119,13677295,27780,H1,021,01213662,306,A,42021,+40.5103124,-078.7104629,06,,G4020,Cambria,Cambria County,42,47653.04705882353,"{""type"":""MultiPoint"",""coordinates"":[]}"
00010000000000000087,1411441331,56692145,35620,H1,103,01213683,408,A,42103,+41.3259485,-075.0315143,06,35084,G4020,Pike,Pike County,42,950.0,"{""type"":""MultiPoint"",""coordinates"":[]}"
00010000000000000088,1575385119,22867226,20700,H1,089,01209184,408,A,42089,+41.0562401,-075.3290651,06,,G4020,Monroe,Monroe County,42,10874.835294117647,"{""type"":""MultiPoint"",""coordinates"":[]}"
0001000000000000008c,957324109,19452871,10900,H1,095,01209185,408,A,42095,+40.7527913,-075.3074468,06,,G4020,Northampton,Northampton County,42,90943.18431372549,"{""type"":""MultiPoint"",""coordinates"":[]}"
0001000000000000008d,894010231,7898582,10900,H1,077,01209182,408,A,42077,+40.6142409,-075.5906269,06,,G4020,Lehigh,Lehigh County,42,69172.41960784313,"{""type"":""MultiPoint"",""coordinates"":[]}"
00010000000000000090,987977576,15349904,10900,H1,025,01213664,408,A,42025,+40.9183661,-075.7050387,06,,G4020,Carbon,Carbon County,42,9006.827450980392,"{""type"":""MultiPoint"",""coordinates"":[]}"
0001000000000000006e,1565408723,45201371,37980,H1,017,01209173,428,A,42017,+40.3368872,-075.1070600,06,33874,G4020,Bucks,Bucks County,42,39056.35294117647,"{""type"":""MultiPoint"",""coordinates"":[]}"
0001000000000000008e,1250992095,10845894,37980,H1,091,01213680,428,A,42091,+40.2099992,-075.3702011,06,33874,G4020,Montgomery,Montgomery County,42,15482.298039215682,"{""type"":""MultiPoint"",""coordinates"":[]}"
0001000000000000008f,2218040262,24252061,39740,H1,011,01209172,428,A,42011,+40.4139565,-075.9268598,06,,G4020,Berks,Berks County,42,165036.98039215684,"{""type"":""MultiPoint"",""coordinates"":[]}"
0001000000000000009f,1943822409,22586048,37980,H1,029,01209174,428,A,42029,+39.9739654,-075.7497323,06,33874,G4020,Chester,Chester County,42,87607.9294117647,"{""type"":""MultiPoint"",""coordinates"":[]}"
000100000000000000a1,476226983,17433573,37980,H1,045,01209177,428,A,42045,+39.9166704,-075.3987862,06,37964,G4020,Delaware,Delaware County,42,2672.8705882352942,"{""type"":""MultiPoint"",""coordinates"":[]}"
0001000000000000006f,347519465,22089787,37980,H6,101,01209187,428,C,42101,+40.0093755,-075.1333459,06,37964,G4020,Philadelphia,Philadelphia County,42,20.011764705882353,"{""type"":""MultiPoint"",""coordinates"":[]}"
000100000000000000b2,2964701490,23932649,20180,H1,033,01209175,524,A,42033,+41.0002489,-078.4737490,06,,G4020,Clearfield,Clearfield County,42,9162.843137254902,"{""type"":""MultiPoint"",""coordinates"":[]}"
000100000000000000b4,2874542864,8187277,44300,H1,027,01214720,524,A,42027,+40.9091603,-077.8478297,06,,G4020,Centre,Centre County,42,66146.41960784313,"{""type"":""MultiPoint"",""coordinates"":[]}"
000100000000000000ab,2000052118,1544300,16540,H1,055,01213670,548,A,42055,+39.9266851,-077.7244974,06,,G4020,Franklin,Franklin County,42,131171.56078431374,"{""type"":""MultiPoint"",""coordinates"":[]}"
00010000000000000098,3182060988,39457017,48700,H1,081,01213677,558,A,42081,+41.3436196,-077.0552254,06,,G4020,Lycoming,Lycoming County,42,64472.643137254905,"{""type"":""MultiPoint"",""coordinates"":[]}"
000100000000000000b5,2299868230,23178794,30820,H1,035,01214721,558,A,42035,+41.2453009,-077.6491409,06,,G4020,Clinton,Clinton County,42,18907.16862745098,"{""type"":""MultiPoint"",""coordinates"":[]}"
000100000000000000f6,1060698086,67732522,39300,H4,007,01219781,148,N,44007,+41.8697652,-071.5786261,06,,G4020,Providence,Providence County,44,0.0,"{""type"":""MultiPoint"",""coordinates"":[]}"
000100000000000000f8,436515567,50720026,39300,H4,003,01219778,148,N,44003,+41.6689489,-071.5776343,06,,G4020,Kent,Kent County,44,0.0,"{""type"":""MultiPoint"",""coordinates"":[]}"
000100000000000000f9,852784195,604764680,39300,H4,009,01219782,148,N,44009,+41.4009815,-071.6175979,06,,G4020,Washington,Washington County,44,0.0,"{""type"":""MultiPoint"",""coordinates"":[]}"
000100000000000000fa,62587619,53352112,39300,H4,001,01219777,148,N,44001,+41.7016138,-071.2892856,06,,G4020,Bristol,Bristol County,44,0.0,"{""type"":""MultiPoint"",""coordinates"":[]}"
000100000000000000fc,265313258,546982296,39300,H4,005,01219779,148,N,44005,+41.5025036,-071.2836888,06,,G4020,Newport,Newport County,44,0.0,"{""type"":""MultiPoint"",""coordinates"":[]}"
0001000000000000013a,2936847555,313594247,34820,H1,051,01248005,396,A,45051,+33.9092694,-078.9766749,06,,G4020,Horry,Horry County,45,100719.12941176469,"{""type"":""MultiPoint"",""coordinates"":[]}"
000100000000000000e8,1748245632,6926825,13540,H1,003,01461758,,A,50003,+43.0353254,-073.1114603,06,,G4020,Bennington,Bennington County,50,387.74117647058824,"{""type"":""MultiPoint"",""coordinates"":[]}"
000100000000000000e9,2034441182,32925693,,H1,025,01461769,,A,50025,+42.9953348,-072.7219550,06,,G4020,Windham,Windham County,50,127.0,"{""type"":""MultiPoint"",""coordinates"":[]}"
0001000000000000001d,906385571,10040117,,H1,147,01492359,,A,51147,+37.2248813,-078.4329574,06,,G4020,Prince Edward,Prince Edward County,51,4151.666666666666,"{""type"":""MultiPoint"",""coordinates"":[]}"
0001000000000000001e,770419326,5931686,,H1,049,01494109,,A,51049,+37.5201891,-078.2528364,06,,G4020,Cumberland,Cumberland County,51,5378.2,"{""type"":""MultiPoint"",""coordinates"":[]}"
0001000000000000001f,1501303549,10099804,16820,H1,029,01501502,,A,51029,+37.5739280,-078.5291687,06,,G4020,Buckingham,Buckingham County,51,3771.8549019607844,"{""type"":""MultiPoint"",""coordinates"":[]}"
00010000000000000020,863689281,3204692,31340,H1,011,01497238,,A,51011,+37.3707253,-078.8109404,06,,G4020,Appomattox,Appomattox County,51,4745.529411764706,"{""type"":""MultiPoint"",""coordinates"":[]}"
00010000000000000022,1219503577,8933517,16820,H1,125,01500936,,A,51125,+37.7890795,-078.8834397,06,,G4020,Nelson,Nelson County,51,3629.0,"{""type"":""MultiPoint"",""coordinates"":[]}"
00010000000000000023,1866869125,14032748,16820,H1,003,01675170,,A,51003,+38.0241841,-078.5535056,06,,G4020,Albemarle,Albemarle County,51,4452.349019607843,"{""type"":""MultiPoint"",""coordinates"":[]}"
00010000000000000027,740762872,10718670,16820,H1,065,01494061,,A,51065,+37.8305712,-078.2834786,06,,G4020,Fluvanna,Fluvanna County,51,3241.2901960784316,"{""type"":""MultiPoint"",""coordinates"":[]}"
00010000000000000028,882616762,6431171,,H1,137,01494761,,A,51137,+38.2501930,-078.0096224,06,,G4020,Orange,Orange County,51,25819.87843137255,"{""type"":""MultiPoint"",""coordinates"":[]}"
00010000000000000029,830565358,3085774,,H1,113,01494590,,A,51113,+38.4120586,-078.2769614,06,,G4020,Madison,Madison County,51,24895.533333333336,"{""type"":""MultiPoint"",""coordinates"":[]}"
0001000000000000002a,404411500,1706090,16820,H1,079,01480129,,A,51079,+38.2979805,-078.4701629,06,,G4020,Greene,Greene County,51,491.8901960784314,"{""type"":""MultiPoint"",""coordinates"":[]}"
0001000000000000002e,805020081,8431095,,H1,139,01500440,,A,51139,+38.6232005,-078.4918796,06,,G4020,Page,Page County,51,3653.1294117647058,"{""type"":""MultiPoint"",""coordinates"":[]}"
0001000000000000002f,1316396308,8870600,,H1,171,01673918,,A,51171,+38.8562040,-078.5739867,06,,G4020,Shenandoah,Shenandoah County,51,24957.615686274512,"{""type"":""MultiPoint"",""coordinates"":[]}"
00010000000000000049,465260571,21031824,,H1,099,01480137,,A,51099,+38.2770489,-077.1627693,06,,G4020,King George,King George County,51,19750.549019607843,"{""type"":""MultiPoint"",""coordinates"":[]}"
0001000000000000004b,594075381,61102382,,H1,193,01480179,,A,51193,+38.1093110,-076.8039326,06,,G4020,Westmoreland,Westmoreland County,51,72917.86666666667,"{""type"":""MultiPoint"",""coordinates"":[]}"
00010000000000000060,1163701471,2229281547,,H1,001,01480091,,A,51001,+37.7659435,-075.7578073,06,,G4020,Accomack,Accomack County,51,133586.6549019608,"{""type"":""MultiPoint"",""coordinates"":[]}"
00010000000000000062,548279224,1511423862,,H1,131,01480151,,A,51131,+37.3027754,-075.9240177,06,,G4020,Northampton,Northampton County,51,66166.63137254902,"{""type"":""MultiPoint"",""coordinates"":[]}"
0001000000000000015f,2117910304,30527401,,H1,083,01496705,,A,51083,+36.7664610,-078.9396142,06,,G4020,Halifax,Halifax County,51,19439.956862745097,"{""type"":""MultiPoint"",""coordinates"":[]}"
00010000000000000160,1619959010,139241505,,H1,117,01500747,,A,51117,+36.6872563,-078.3689592,06,,G4020,Mecklenburg,Mecklenburg County,51,33073.450980392154,"{""type"":""MultiPoint"",""coordinates"":[]}"
00010000000000000161,1231001547,5824992,,H1,037,01492442,,A,51037,+37.0090421,-078.6585682,06,,G4020,Charlotte,Charlotte County,51,13150.462745098039,"{""type"":""MultiPoint"",""coordinates"":[]}"
00010000000000000165,1466440728,8381131,,H1,025,01493961,,A,51025,+36.7642043,-077.8614832,06,,G4020,Brunswick,Brunswick County,51,19932.513725490197,"{""type"":""MultiPoint"",""coordinates"":[]}"
00010000000000000166,764649946,4086108,,H1,081,01501122,,A,51081,+36.6803363,-077.5602774,06,,G4020,Greensville,Greensville County,51,18445.933333333334,"{""type"":""MultiPoint"",""coordinates"":[]}"
00010000000000000168,1551710647,8248581,,H1,175,01480171,,A,51175,+36.7201725,-077.1038556,06,,G4020,Southampton,Southampton County,51,111524.16078431372,"{""type"":""MultiPoint"",""coordinates"":[]}"
00010000000000000174,1269664389,6755317,40060,H1,183,01690257,,A,51183,+36.9266454,-077.2597319,06,,G4020,Sussex,Sussex County,51,55264.38823529411,"{""type"":""MultiPoint"",""coordinates"":[]}"
00010000000000000175,722475755,81216907,,H1,181,01480174,,A,51181,+37.1197611,-076.8801717,06,,G4020,Surry,Surry County,51,50439.850980392155,"{""type"":""MultiPoint"",""coordinates"":[]}"
00010000000000000176,686758306,43184668,40060,H1,149,01480160,,A,51149,+37.1873255,-077.2209931,06,,G4020,Prince George,Prince George County,51,29723.729411764703,"{""type"":""MultiPoint"",""coordinates"":[]}"
00010000000000000177,473493984,55490600,40060,H1,036,01480109,,A,51036,+37.3610537,-077.0541700,06,,G4020,Charles City,Charles City County,51,39170.674509803925,"{""type"":""MultiPoint"",""coordinates"":[]}"
0001000000000000017d,816287772,28874439,,H1,097,01480136,,A,51097,+37.7143718,-076.9018551,06,,G4020,King and Queen,King and Queen County,51,72691.81568627448,"{""type"":""MultiPoint"",""coordinates"":[]}"
0001000000000000017e,543211673,35577224,40060,H1,127,01480150,,A,51127,+37.5028186,-076.9828189,06,,G4020,New Kent,New Kent County,51,26538.98431372549,"{""type"":""MultiPoint"",""coordinates"":[]}"
0001000000000000017f,709504128,30286031,40060,H1,101,01480138,,A,51101,+37.7082604,-077.0910539,06,,G4020,King William,King William County,51,69577.46666666667,"{""type"":""MultiPoint"",""coordinates"":[]}"
00010000000000000180,337507714,208357022,,H1,119,01480147,,A,51119,+37.6069753,-076.5280819,06,,G4020,Middlesex,Middlesex County,51,36099.14901960784,"{""type"":""MultiPoint"",""coordinates"":[]}"
00010000000000000181,345262704,254112383,,H1,103,01480139,,A,51103,+37.7048433,-076.4126628,06,,G4020,Lancaster,Lancaster County,51,37283.65490196078,"{""type"":""MultiPoint"",""coordinates"":[]}"
00010000000000000182,495386642,244310198,,H1,133,01480152,,A,51133,+37.8569736,-076.3796872,06,,G4020,Northumberland,Northumberland County,51,79276.10980392157,"{""type"":""MultiPoint"",""coordinates"":[]}"
00010000000000000183,495970612,64392325,,H1,159,01480164,,A,51159,+37.9428936,-076.7305609,06,,G4020,Richmond,Richmond County,51,70048.83529411764,"{""type"":""MultiPoint"",""coordinates"":[]}"
00010000000000000184,665858940,74793668,,H1,057,01480118,,A,51057,+37.9394802,-076.9418713,06,,G4020,Essex,Essex County,51,101569.43921568629,"{""type"":""MultiPoint"",""coordinates"":[]}"
00010000000000000185,1366270754,24228172,40060,H1,033,01480107,,A,51033,+38.0303193,-077.3523482,06,,G4020,Caroline,Caroline County,51,74997.04313725489,"{""type"":""MultiPoint"",""coordinates"":[]}"
00010000000000000186,1213583003,13568383,40060,H1,085,01480132,,A,51085,+37.7601655,-077.4909916,06,,G4020,Hanover,Hanover County,51,59432.42352941177,"{""type"":""MultiPoint"",""coordinates"":[]}"
00010000000000000187,605287725,28969966,40060,H1,087,01480133,,A,51087,+37.4375205,-077.3003330,06,,G4020,Henrico,Henrico County,51,15740.623529411765,"{""type"":""MultiPoint"",""coordinates"":[]}"
00010000000000000189,1096531672,35172847,40060,H1,041,01480111,,A,51041,+37.3784338,-077.5858474,06,,G4020,Chesterfield,Chesterfield County,51,7749.392156862745,"{""type"":""MultiPoint"",""coordinates"":[]}"
0001000000000000018b,728886866,21963100,40060,H1,075,01674271,,A,51075,+37.7188141,-077.9176263,06,,G4020,Goochland,Goochland County,51,14277.356862745097,"{""type"":""MultiPoint"",""coordinates"":[]}"
0001000000000000018d,1285413687,37737584,,H1,109,01494707,,A,51109,+37.9727041,-077.9597950,06,,G4020,Louisa,Louisa County,51,12578.145098039215,"{""type"":""MultiPoint"",""coordinates"":[]}"
0001000000000000018e,674021194,5453788,40060,H1,145,01674225,,A,51145,+37.5494041,-077.9128553,06,,G4020,Powhatan,Powhatan County,51,15876.580392156862,"{""type"":""MultiPoint"",""coordinates"":[]}"
0001000000000000018f,920142764,8424800,40060,H1,007,01497770,,A,51007,+37.3319271,-077.9774619,06,,G4020,Amelia,Amelia County,51,28301.96862745098,"{""type"":""MultiPoint"",""coordinates"":[]}"
00010000000000000190,1304626415,8999965,40060,H1,053,01690739,,A,51053,+37.0734984,-077.6354922,06,,G4020,Dinwiddie,Dinwiddie County,51,34954.13333333333,"{""type"":""MultiPoint"",""coordinates"":[]}"
00010000000000000191,814265581,4297829,,H1,135,01493928,,A,51135,+37.1411668,-078.0538655,06,,G4020,Nottoway,Nottoway County,51,9876.53725490196,"{""type"":""MultiPoint"",""coordinates"":[]}"
00010000000000000195,1118063300,1795027,,H1,111,01492239,,A,51111,+36.9460943,-078.2419852,06,,G4020,Lunenburg,Lunenburg County,51,13876.945098039214,"{""type"":""MultiPoint"",""coordinates"":[]}"
00010000000000000021,127241541,1343203,31340,C7,680,01498429,,F,51680,+37.3990161,-079.1954582,25,,G4020,Lynchburg,Lynchburg city,51,68.79607843137255,"{""type"":""MultiPoint"",""coordinates"":[]}"
00010000000000000026,26516185,52974,16820,C7,540,01789068,,F,51540,+38.0376579,-078.4853806,25,,G4020,Charlottesville,Charlottesville city,51,1.0,"{""type"":""MultiPoint"",""coordinates"":[]}"
00010000000000000173,21295862,369820,,C7,620,01498424,,F,51620,+36.6840142,-076.9413956,25,,G4020,Franklin,Franklin city,51,1572.650980392157,"{""type"":""MultiPoint"",""coordinates"":[]}"
00010000000000000188,26655077,1324078,40060,C7,670,01498428,,F,51670,+37.2910098,-077.2989443,25,,G4020,Hopewell,Hopewell city,51,30.0,"{""type"":""MultiPoint"",""coordinates"":[]}"
0001000000000000018a,154942138,6879776,40060,C7,760,01789073,,F,51760,+37.5313990,-077.4760085,25,,G4020,Richmond,Richmond city,51,129.0,"{""type"":""MultiPoint"",""coordinates"":[]}"
00010000000000000192,59430127,614559,40060,C7,730,01498435,,F,51730,+37.2047302,-077.3923681,25,,G4020,Petersburg,Petersburg city,51,1252.6588235294116,"{""type"":""MultiPoint"",""coordinates"":[]}"
00010000000000000193,19481043,757290,40060,C7,570,01498420,,F,51570,+37.2616846,-077.3968043,25,,G4020,Colonial Heights,Colonial Heights city,51,16.972549019607843,"{""type"":""MultiPoint"",""coordinates"":[]}"
00010000000000000194,17871525,165621,,C7,595,01498422,,F,51595,+36.6961820,-077.5359753,25,,G4020,Emporia,Emporia city,51,58.15294117647059,"{""type"":""MultiPoint"",""coordinates"":[]}"
00010000000000000030,2199285015,11120700,25500,H1,165,01488970,277,A,51165,+38.5075848,-078.8853213,06,,G4020,Rockingham,Rockingham County,51,52604.835294117656,"{""type"":""MultiPoint"",""coordinates"":[]}"
00010000000000000024,51705587,153023,44420,C7,790,01789075,277,F,51790,+38.1580557,-079.0615010,25,,G4020,Staunton,Staunton city,51,39.0,"{""type"":""MultiPoint"",""coordinates"":[]}"
00010000000000000025,38927994,410156,44420,C7,820,01498443,277,F,51820,+38.0671571,-078.9014197,25,,G4020,Waynesboro,Waynesboro city,51,110.36862745098038,"{""type"":""MultiPoint"",""coordinates"":[]}"
00010000000000000031,44889775,149942,25500,C7,660,01498563,277,F,51660,+38.4362547,-078.8733028,25,,G4020,Harrisonburg,Harrisonburg city,51,137.82745098039214,"{""type"":""MultiPoint"",""coordinates"":[]}"
00010000000000000061,222555392,430024332,47260,H1,115,01480145,545,A,51115,+37.4253479,-076.2688078,06,,G4020,Mathews,Mathews County,51,8210.682352941178,"{""type"":""MultiPoint"",""coordinates"":[]}"
00010000000000000172,817464438,122256199,47260,H1,093,01702378,545,A,51093,+36.9014184,-076.7075688,06,,G4020,Isle of Wight,Isle of Wight County,51,71628.10196078432,"{""type"":""MultiPoint"",""coordinates"":[]}"
00010000000000000178,368991427,95273609,47260,H1,095,01480135,545,A,51095,+37.3248367,-076.7778878,06,,G4020,James City,James City County,51,11365.388235294118,"{""type"":""MultiPoint"",""coordinates"":[]}"
0001000000000000017a,271061640,285378339,47260,H1,199,01480182,545,A,51199,+37.2209139,-076.3955330,06,,G4020,York,York County,51,1134.6666666666665,"{""type"":""MultiPoint"",""coordinates"":[]}"
0001000000000000017b,564116915,181754412,47260,H1,073,01480126,545,A,51073,+37.4035413,-076.5235051,06,,G4020,Gloucester,Gloucester County,51,30748.313725490196,"{""type"":""MultiPoint"",""coordinates"":[]}"
00010000000000000063,39850781,163448417,47260,C7,735,01498436,545,F,51735,+37.1283599,-076.3035337,25,,G4020,Poquoson,Poquoson city,51,31.0,"{""type"":""MultiPoint"",""coordinates"":[]}"
00010000000000000064,133308913,219591352,47260,C7,650,01498554,545,F,51650,+37.0480303,-076.2971486,25,,G4020,Hampton,Hampton city,51,163.0,"{""type"":""MultiPoint"",""coordinates"":[]}"
00010000000000000065,137985835,111697132,47260,C7,710,01498557,545,F,51710,+36.9230149,-076.2446413,25,,G4020,Norfolk,Norfolk city,51,12.0,"{""type"":""MultiPoint"",""coordinates"":[]}"
00010000000000000066,633821720,654694207,47260,C7,810,01498559,545,F,51810,+36.7799854,-076.0252094,25,,G4020,Virginia Beach,Virginia Beach city,51,38881.88627450982,"{""type"":""MultiPoint"",""coordinates"":[]}"
00010000000000000067,86247836,34658655,47260,C7,740,01498556,545,F,51740,+36.8596232,-076.3563067,25,,G4020,Portsmouth,Portsmouth city,51,32.0,"{""type"":""MultiPoint"",""coordinates"":[]}"
00010000000000000170,1033802700,77060544,47260,C7,800,01498560,545,F,51800,+36.6971573,-076.6347808,25,,G4020,Suffolk,Suffolk city,51,63387.81960784314,"{""type"":""MultiPoint"",""coordinates"":[]}"
00010000000000000171,876737780,32210024,47260,C7,550,01498558,545,F,51550,+36.6793761,-076.3017884,25,,G4020,Chesapeake,Chesapeake city,51,61792.125490196064,"{""type"":""MultiPoint"",""coordinates"":[]}"
00010000000000000179,178921044,130901482,47260,C7,700,01498555,545,F,51700,+37.0761659,-076.5219682,25,,G4020,Newport News,Newport News city,51,232.9764705882353,"{""type"":""MultiPoint"",""coordinates"":[]}"
0001000000000000017c,23098592,416082,47260,C7,830,01789076,545,F,51830,+37.2694810,-076.7081925,25,,G4020,Williamsburg,Williamsburg city,51,40.35294117647059,"{""type"":""MultiPoint"",""coordinates"":[]}"
0001000000000000002b,982231663,8551211,47900,H1,047,01497831,548,A,51047,+38.4859303,-077.9564758,06,47894,G4020,Culpeper,Culpeper County,51,48061.623529411765,"{""type"":""MultiPoint"",""coordinates"":[]}"
0001000000000000002c,689883409,2064342,47900,H1,157,01673976,548,A,51157,+38.6845215,-078.1688241,06,47894,G4020,Rappahannock,Rappahannock County,51,1465.0039215686274,"{""type"":""MultiPoint"",""coordinates"":[]}"
0001000000000000002d,1677424261,9751626,47900,H1,061,01480120,548,A,51061,+38.7440980,-077.8214837,06,47894,G4020,Fauquier,Fauquier County,51,43542.23921568627,"{""type"":""MultiPoint"",""coordinates"":[]}"
00010000000000000036,1070958655,5194173,49020,H1,069,01480124,548,A,51069,+39.2036768,-078.2638283,06,,G4020,Frederick,Frederick County,51,6976.317647058822,"{""type"":""MultiPoint"",""coordinates"":[]}"
00010000000000000037,553642918,8554784,47900,H1,187,01674058,548,A,51187,+38.9082214,-078.2075940,06,47894,G4020,Warren,Warren County,51,652.6235294117647,"{""type"":""MultiPoint"",""coordinates"":[]}"
00010000000000000038,455565976,5649744,47900,H1,043,01690562,548,A,51043,+39.1153814,-077.9908357,06,47894,G4020,Clarke,Clarke County,51,16393.078431372545,"{""type"":""MultiPoint"",""coordinates"":[]}"
00010000000000000039,1335802947,14450216,47900,H1,107,01480141,548,A,51107,+39.0812000,-077.6388976,06,47894,G4020,Loudoun,Loudoun County,51,25590.082352941172,"{""type"":""MultiPoint"",""coordinates"":[]}"
00010000000000000040,1012323213,39416134,47900,H1,059,01480119,548,A,51059,+38.8295203,-077.2732524,06,47894,G4020,Fairfax,Fairfax County,51,788.8627450980392,"{""type"":""MultiPoint"",""coordinates"":[]}"
00010000000000000041,871319457,31223353,47900,H1,153,01480161,548,A,51153,+38.7011187,-077.4795791,06,47894,G4020,Prince William,Prince William County,51,8828.792156862744,"{""type"":""MultiPoint"",""coordinates"":[]}"
00010000000000000047,696844523,28166655,47900,H1,179,01480173,548,A,51179,+38.4153856,-077.4548719,06,47894,G4020,Stafford,Stafford County,51,7636.619607843138,"{""type"":""MultiPoint"",""coordinates"":[]}"
00010000000000000052,67318429,244142,47900,H1,013,01480097,548,A,51013,+38.8783374,-077.1007034,06,47894,G4020,Arlington,Arlington County,51,22.0,"{""type"":""MultiPoint"",""coordinates"":[]}"
0001000000000000018c,1039865450,33044472,47900,H1,177,01480172,548,A,51177,+38.1824314,-077.6572264,06,47894,G4020,Spotsylvania,Spotsylvania County,51,18521.09411764706,"{""type"":""MultiPoint"",""coordinates"":[]}"
0001000000000000003a,23918428,53195,49020,C7,840,01789077,548,F,51840,+39.1738688,-078.1763562,25,,G4020,Winchester,Winchester city,51,5.0,"{""type"":""MultiPoint"",""coordinates"":[]}"
00010000000000000042,5311307,6,47900,C7,610,01498423,548,F,51610,+38.8847220,-077.1756027,25,47894,G4020,Falls Church,Falls Church city,51,0.0,"{""type"":""MultiPoint"",""coordinates"":[]}"
00010000000000000043,16162122,90056,47900,C7,600,01789070,548,F,51600,+38.8531833,-077.2990252,25,47894,G4020,Fairfax,Fairfax city,51,1.0,"{""type"":""MultiPoint"",""coordinates"":[]}"
00010000000000000045,6575876,956,47900,C7,685,01498431,548,F,51685,+38.7689451,-077.4487670,25,47894,G4020,Manassas Park,Manassas Park city,51,1.0,"{""type"":""MultiPoint"",""coordinates"":[]}"
00010000000000000046,25594567,135027,47900,C7,683,01498430,548,F,51683,+38.7471720,-077.4845362,25,47894,G4020,Manassas,Manassas city,51,26.71372549019608,"{""type"":""MultiPoint"",""coordinates"":[]}"
00010000000000000048,27042222,178255,47900,C7,630,01498425,548,F,51630,+38.2992718,-077.4866583,25,47894,G4020,Fredericksburg,Fredericksburg city,51,196.8862745098039,"{""type"":""MultiPoint"",""coordinates"":[]}"
00010000000000000051,38977688,1127171,47900,C7,510,01498415,548,F,51510,+38.8200709,-077.0840628,25,47894,G4020,Alexandria,Alexandria city,51,0.0,"{""type"":""MultiPoint"",""coordinates"":[]}"
00010000000000000032,1508194649,5617193,,H1,031,01718557,,A,54031,+39.0113612,-078.8417292,06,,G4020,Hardy,Hardy County,54,3618.0039215686274,"{""type"":""MultiPoint"",""coordinates"":[]}"
00010000000000000033,849173056,3502975,19060,H1,057,01717890,,A,54057,+39.4047806,-078.9566899,06,,G4020,Mineral,Mineral County,54,708.556862745098,"{""type"":""MultiPoint"",""coordinates"":[]}"
000100000000000000af,593295476,1401570,,H1,065,01557950,,A,54065,+39.5550021,-078.2573449,06,,G4020,Morgan,Morgan County,54,491.0,"{""type"":""MultiPoint"",""coordinates"":[]}"
00010000000000000035,1658614732,10922070,49020,H1,027,01718644,548,A,54027,+39.3121395,-078.6119886,06,,G4020,Hampshire,Hampshire County,54,518.2352941176471,"{""type"":""MultiPoint"",""coordinates"":[]}"
0001000000000000003b,831766637,1061824,25180,H1,003,01550008,548,A,54003,+39.4480541,-078.0377755,06,,G4020,Berkeley,Berkeley County,54,11662.537254901961,"{""type"":""MultiPoint"",""coordinates"":[]}"
0001000000000000003c,543006593,5216623,47900,H1,037,01550025,548,A,54037,+39.3073985,-077.8632200,06,47894,G4020,Jefferson,Jefferson County,54,45885.97647058823,"{""type"":""MultiPoint"",""coordinates"":[]}"
00010000000000000016,131527813,552206400,,H1,147,01804554,,A,72147,+18.1254180,-065.4324740,13,,G4020,Vieques,Vieques Municipio,72,0.0,"{""type"":""MultiPoint"",""coordinates"":[]}"
00010000000000000017,30115057,407158804,,H1,049,01804504,,A,72049,+18.3265989,-065.3077200,13,,G4020,Culebra,Culebra Municipio,72,0.0,"{""type"":""MultiPoint"",""coordinates"":[]}"
00010000000000000106,143239786,94652997,10380,H1,071,01804516,,A,72071,+18.4850632,-067.0141412,13,,G4020,Isabela,Isabela Municipio,72,0.0,"{""type"":""MultiPoint"",""coordinates"":[]}"
00010000000000000107,94613891,101131781,10380,H1,005,01804482,,A,72005,+18.4801911,-067.1437616,13,,G4020,Aguadilla,Aguadilla Municipio,72,0.0,"{""type"":""MultiPoint"",""coordinates"":[]}"
00010000000000000108,79903299,38046322,10380,H1,003,01804481,,A,72003,+18.3756809,-067.1837074,13,,G4020,Aguada,Aguada Municipio,72,0.0,"{""type"":""MultiPoint"",""coordinates"":[]}"
00010000000000000109,37005461,103924383,10380,H1,117,01804539,,A,72117,+18.3405618,-067.2773016,13,,G4020,Rincón,Rincón Municipio,72,0.0,"{""type"":""MultiPoint"",""coordinates"":[]}"
0001000000000000010c,101747284,14607647,10380,H1,011,01804485,,A,72011,+18.2869359,-067.1312460,13,,G4020,Añasco,Añasco Municipio,72,0.0,"{""type"":""MultiPoint"",""coordinates"":[]}"
0001000000000000010f,94851792,12487,,H1,093,01804527,,A,72093,+18.1739559,-066.9355468,13,,G4020,Maricao,Maricao Municipio,72,0.0,"{""type"":""MultiPoint"",""coordinates"":[]}"
00010000000000000110,120071822,376224,,H1,083,01804522,,A,72083,+18.2275938,-066.9775799,13,,G4020,Las Marías,Las Marías Municipio,72,0.0,"{""type"":""MultiPoint"",""coordinates"":[]}"
00010000000000000111,182394905,2060666,10380,H1,131,01804546,,A,72131,+18.3314094,-066.9706783,13,,G4020,San Sebastián,San Sebastián Municipio,72,0.0,"{""type"":""MultiPoint"",""coordinates"":[]}"
00010000000000000112,130383713,56474,10380,H1,099,01804530,,A,72099,+18.3776374,-067.0795736,13,,G4020,Moca,Moca Municipio,72,0.0,"{""type"":""MultiPoint"",""coordinates"":[]}"
00010000000000000116,159155302,485277,10380,H1,081,01804521,,A,72081,+18.2771024,-066.8696454,13,,G4020,Lares,Lares Municipio,72,0.0,"{""type"":""MultiPoint"",""coordinates"":[]}"
00010000000000000117,294046598,3981018,10380,H1,141,01804551,,A,72141,+18.2708650,-066.7029886,13,,G4020,Utuado,Utuado Municipio,72,0.0,"{""type"":""MultiPoint"",""coordinates"":[]}"
0001000000000000011e,115340552,3091,27580,H1,073,01804517,,A,72073,+18.2111522,-066.5868700,13,,G4020,Jayuya,Jayuya Municipio,72,0.0,"{""type"":""MultiPoint"",""coordinates"":[]}"
0001000000000000001c,155290592,106643203,41900,H1,079,01804520,364,A,72079,+17.9785111,-067.0401109,13,,G4020,Lajas,Lajas Municipio,72,0.0,"{""type"":""MultiPoint"",""coordinates"":[]}"
0001000000000000010a,182261682,277228652,41900,H1,023,01804491,364,A,72023,+18.0088725,-067.2098839,13,,G4020,Cabo Rojo,Cabo Rojo Municipio,72,0.0,"{""type"":""MultiPoint"",""coordinates"":[]}"
0001000000000000010b,201174437,508705758,32420,H1,097,01804529,364,A,72097,+18.0838502,-067.8863370,13,,G4020,Mayagüez,Mayagüez Municipio,72,0.0,"{""type"":""MultiPoint"",""coordinates"":[]}"
0001000000000000010d,29384893,481,32420,H1,067,01804514,364,A,72067,+18.1346949,-067.1161994,13,,G4020,Hormigueros,Hormigueros Municipio,72,0.0,"{""type"":""MultiPoint"",""coordinates"":[]}"
0001000000000000010e,141145019,29360,41900,H1,125,01804543,364,A,72125,+18.1077999,-067.0372633,13,,G4020,San Germán,San Germán Municipio,72,0.0,"{""type"":""MultiPoint"",""coordinates"":[]}"
00010000000000000118,94050252,25323,41900,H1,121,01804541,364,A,72121,+18.0843613,-066.9476668,13,,G4020,Sabana Grande,Sabana Grande Municipio,72,0.0,"{""type"":""MultiPoint"",""coordinates"":[]}"
0001000000000000001b,95959913,109853315,38660,H1,055,01804508,434,A,72055,+17.9480521,-066.9229889,13,,G4020,Guánica,Guánica Municipio,72,0.0,"{""type"":""MultiPoint"",""coordinates"":[]}"
00010000000000000119,175371915,1625260,38660,H1,153,01804557,434,A,72153,+18.0856688,-066.8579009,13,,G4020,Yauco,Yauco Municipio,72,0.0,"{""type"":""MultiPoint"",""coordinates"":[]}"
0001000000000000011a,109480387,56911386,38660,H1,059,01804510,434,A,72059,+18.0052626,-066.7983565,13,,G4020,Guayanilla,Guayanilla Municipio,72,0.0,"{""type"":""MultiPoint"",""coordinates"":[]}"
0001000000000000011b,172725734,1051790,10260,H1,001,01804480,434,A,72001,+18.1815604,-066.7581473,13,,G4020,Adjuntas,Adjuntas Municipio,72,0.0,"{""type"":""MultiPoint"",""coordinates"":[]}"
0001000000000000011c,115558555,60210081,38660,H1,111,01804536,434,A,72111,+18.0266179,-066.7281249,13,,G4020,Peñuelas,Peñuelas Municipio,72,0.0,"{""type"":""MultiPoint"",""coordinates"":[]}"
0001000000000000011d,297322114,204115046,38660,H1,113,01804537,434,A,72113,+18.0017167,-066.6066625,13,,G4020,Ponce,Ponce Municipio,72,0.0,"{""type"":""MultiPoint"",""coordinates"":[]}"
0001000000000000012b,156117101,121328720,38660,H1,075,01804518,434,A,72075,+17.9979735,-066.4904965,13,,G4020,Juana Díaz,Juana Díaz Municipio,72,0.0,"{""type"":""MultiPoint"",""coordinates"":[]}"
0001000000000000012c,92298573,3622637,38660,H1,149,01804555,434,A,72149,+18.1307185,-066.4722435,13,,G4020,Villalba,Villalba Municipio,72,0.0,"{""type"":""MultiPoint"",""coordinates"":[]}"
0001000000000000012d,202052316,38061,17620,H1,043,01804501,434,A,72043,+18.1037997,-066.3575862,13,,G4020,Coamo,Coamo Municipio,72,0.0,"{""type"":""MultiPoint"",""coordinates"":[]}"
0001000000000000012f,88144282,111140897,42180,H1,133,01804547,434,A,72133,+17.9529217,-066.3875885,13,,G4020,Santa Isabel,Santa Isabel Municipio,72,0.0,"{""type"":""MultiPoint"",""coordinates"":[]}"
00010000000000000000,151782480,1201688,41980,H1,025,01804492,490,A,72025,+18.2111085,-066.0509643,13,,G4020,Caguas,Caguas Municipio,72,0.0,"{""type"":""MultiPoint"",""coordinates"":[]}"
00010000000000000001,134509872,68569,41980,H1,035,01804497,490,A,72035,+18.1036240,-066.1516668,13,,G4020,Cayey,Cayey Municipio,72,0.0,"{""type"":""MultiPoint"",""coordinates"":[]}"
00010000000000000002,168328031,108327762,25020,H1,057,01804509,490,A,72057,+17.9739287,-066.1374675,13,,G4020,Guayama,Guayama Municipio,72,0.0,"{""type"":""MultiPoint"",""coordinates"":[]}"
00010000000000000003,38869483,53459916,25020,H1,015,01804487,490,A,72015,+17.9720599,-066.0419453,13,,G4020,Arroyo,Arroyo Municipio,72,0.0,"{""type"":""MultiPoint"",""coordinates"":[]}"
00010000000000000004,120950836,74074554,25020,H1,109,01804535,490,A,72109,+18.0003111,-065.9866425,13,,G4020,Patillas,Patillas Municipio,72,0.0,"{""type"":""MultiPoint"",""coordinates"":[]}"
00010000000000000005,137547980,256425,41980,H1,129,01804545,490,A,72129,+18.1471074,-065.9761674,13,,G4020,San Lorenzo,San Lorenzo Municipio,72,0.0,"{""type"":""MultiPoint"",""coordinates"":[]}"
00010000000000000006,143005178,72592521,41980,H1,151,01804556,490,A,72151,+18.0598584,-065.8598713,13,,G4020,Yabucoa,Yabucoa Municipio,72,0.0,"{""type"":""MultiPoint"",""coordinates"":[]}"
00010000000000000007,54561541,44549509,41980,H1,095,01804528,490,A,72095,+17.9997862,-065.8964028,13,,G4020,Maunabo,Maunabo Municipio,72,0.0,"{""type"":""MultiPoint"",""coordinates"":[]}"
00010000000000000008,87748363,32509,41980,H1,085,01804523,490,A,72085,+18.1871483,-065.8711890,13,,G4020,Las Piedras,Las Piedras Municipio,72,0.0,"{""type"":""MultiPoint"",""coordinates"":[]}"
00010000000000000009,68605410,327694,41980,H1,077,01804519,490,A,72077,+18.2241334,-065.9085417,13,,G4020,Juncos,Juncos Municipio,72,0.0,"{""type"":""MultiPoint"",""coordinates"":[]}"
0001000000000000000a,115929990,68988203,41980,H1,069,01804515,490,A,72069,+18.1354025,-065.7862286,13,,G4020,Humacao,Humacao Municipio,72,0.0,"{""type"":""MultiPoint"",""coordinates"":[]}"
0001000000000000000b,72228545,1101116,41980,H1,063,01804512,490,A,72063,+18.2725815,-065.9811768,13,,G4020,Gurabo,Gurabo Municipio,72,0.0,"{""type"":""MultiPoint"",""coordinates"":[]}"
0001000000000000000c,53786133,1592601,41980,H1,139,01804550,490,A,72139,+18.3353871,-066.0037874,13,,G4020,Trujillo Alto,Trujillo Alto Municipio,72,0.0,"{""type"":""MultiPoint"",""coordinates"":[]}"
0001000000000000000d,117470773,38766061,41980,H1,031,01804495,490,A,72031,+18.3967757,-065.9687781,13,,G4020,Carolina,Carolina Municipio,72,0.0,"{""type"":""MultiPoint"",""coordinates"":[]}"
0001000000000000000e,85127784,364681,41980,H1,029,01804494,490,A,72029,+18.3235851,-065.8832059,13,,G4020,Canóvanas,Canóvanas Municipio,72,0.0,"{""type"":""MultiPoint"",""coordinates"":[]}"
0001000000000000000f,157008580,74876344,41980,H1,119,01804540,490,A,72119,+18.3763694,-065.7984342,13,,G4020,Río Grande,Río Grande Municipio,72,0.0,"{""type"":""MultiPoint"",""coordinates"":[]}"
00010000000000000010,50086874,119822959,41980,H1,087,01804524,490,A,72087,+18.4750387,-065.9032800,13,,G4020,Loíza,Loíza Municipio,72,0.0,"{""type"":""MultiPoint"",""coordinates"":[]}"
00010000000000000011,12648421,5600104,41980,H1,033,01804496,490,A,72033,+18.4446135,-066.1488190,13,,G4020,Cataño,Cataño Municipio,72,0.0,"{""type"":""MultiPoint"",""coordinates"":[]}"
00010000000000000012,77448648,195352764,41980,H1,053,01804506,490,A,72053,+18.3863776,-065.5884540,13,,G4020,Fajardo,Fajardo Municipio,72,0.0,"{""type"":""MultiPoint"",""coordinates"":[]}"
00010000000000000013,66851395,53659423,41980,H1,089,01804525,490,A,72089,+18.3679961,-065.7099036,13,,G4020,Luquillo,Luquillo Municipio,72,0.0,"{""type"":""MultiPoint"",""coordinates"":[]}"
00010000000000000014,75201651,336178483,41980,H1,037,01804498,490,A,72037,+18.2737491,-065.5308947,13,,G4020,Ceiba,Ceiba Municipio,72,0.0,"{""type"":""MultiPoint"",""coordinates"":[]}"
00010000000000000015,133799722,53351781,41980,H1,103,01804532,490,A,72103,+18.2110697,-065.7357490,13,,G4020,Naguabo,Naguabo Municipio,72,0.0,"{""type"":""MultiPoint"",""coordinates"":[]}"
00010000000000000113,58747684,30224116,11640,H1,115,01804538,490,A,72115,+18.4663570,-066.9276025,13,,G4020,Quebradillas,Quebradillas Municipio,72,0.0,"{""type"":""MultiPoint"",""coordinates"":[]}"
00010000000000000114,120058277,40430074,11640,H1,027,01804493,490,A,72027,+18.4454692,-066.8631339,13,,G4020,Camuy,Camuy Municipio,72,0.0,"{""type"":""MultiPoint"",""coordinates"":[]}"
00010000000000000115,108212867,43976514,11640,H1,065,01804513,490,A,72065,+18.4411409,-066.7982102,13,,G4020,Hatillo,Hatillo Municipio,72,0.0,"{""type"":""MultiPoint"",""coordinates"":[]}"
0001000000000000011f,326197136,117188283,11640,H1,013,01804486,490,A,72013,+18.4339231,-066.6750551,13,,G4020,Arecibo,Arecibo Municipio,72,0.0,"{""type"":""MultiPoint"",""coordinates"":[]}"
00010000000000000120,118766803,57805868,41980,H1,145,01804553,490,A,72145,+18.4550267,-066.3977734,13,,G4020,Vega Baja,Vega Baja Municipio,72,0.0,"{""type"":""MultiPoint"",""coordinates"":[]}"
00010000000000000121,71815412,25308475,41980,H1,143,01804552,490,A,72143,+18.4361633,-066.3366734,13,,G4020,Vega Alta,Vega Alta Municipio,72,0.0,"{""type"":""MultiPoint"",""coordinates"":[]}"
00010000000000000122,59799556,79309325,41980,H1,051,01804505,490,A,72051,+18.4726608,-066.2595854,13,,G4020,Dorado,Dorado Municipio,72,0.0,"{""type"":""MultiPoint"",""coordinates"":[]}"
00010000000000000123,60196196,48081472,41980,H1,137,01804549,490,A,72137,+18.4568031,-066.1930391,13,,G4020,Toa Baja,Toa Baja Municipio,72,0.0,"{""type"":""MultiPoint"",""coordinates"":[]}"
00010000000000000124,69972604,1405463,41980,H1,135,01804548,490,A,72135,+18.3645557,-066.2446686,13,,G4020,Toa Alta,Toa Alta Municipio,72,0.0,"{""type"":""MultiPoint"",""coordinates"":[]}"
00010000000000000125,116881409,66195538,41980,H1,091,01804526,490,A,72091,+18.4448001,-066.4931423,13,,G4020,Manatí,Manatí Municipio,72,0.0,"{""type"":""MultiPoint"",""coordinates"":[]}"
00010000000000000126,48414482,31656863,41980,H1,017,01804488,490,A,72017,+18.4699891,-066.5582299,13,,G4020,Barceloneta,Barceloneta Municipio,72,0.0,"{""type"":""MultiPoint"",""coordinates"":[]}"
00010000000000000127,39391499,34012,41980,H1,054,01804507,490,A,72054,+18.3690055,-066.5612193,13,,G4020,Florida,Florida Municipio,72,0.0,"{""type"":""MultiPoint"",""coordinates"":[]}"
00010000000000000128,172310084,459605,41980,H1,039,01804499,490,A,72039,+18.2959127,-066.5155884,13,,G4020,Ciales,Ciales Municipio,72,0.0,"{""type"":""MultiPoint"",""coordinates"":[]}"
00010000000000000129,100676182,139537,41980,H1,101,01804531,490,A,72101,+18.3190261,-066.4205568,13,,G4020,Morovis,Morovis Municipio,72,0.0,"{""type"":""MultiPoint"",""coordinates"":[]}"
0001000000000000012a,164773785,402899,41980,H1,107,01804534,490,A,72107,+18.2187334,-066.4368987,13,,G4020,Orocovis,Orocovis Municipio,72,0.0,"{""type"":""MultiPoint"",""coordinates"":[]}"
0001000000000000012e,88714041,77812,41980,H1,019,01804489,490,A,72019,+18.1989552,-066.3098329,13,,G4020,Barranquitas,Barranquitas Municipio,72,0.0,"{""type"":""MultiPoint"",""coordinates"":[]}"
00010000000000000130,81094468,71895,41980,H1,009,01804484,490,A,72009,+18.1306472,-066.2639743,13,,G4020,Aibonito,Aibonito Municipio,72,0.0,"{""type"":""MultiPoint"",""coordinates"":[]}"
00010000000000000131,179660999,115910809,17640,H1,123,01804542,490,A,72123,+17.9714853,-066.2622515,13,,G4020,Salinas,Salinas Municipio,72,0.0,"{""type"":""MultiPoint"",""coordinates"":[]}"
00010000000000000132,73557183,319738,41980,H1,045,01804502,490,A,72045,+18.2250315,-066.2194806,13,,G4020,Comerío,Comerío Municipio,72,0.0,"{""type"":""MultiPoint"",""coordinates"":[]}"
00010000000000000133,93294535,1123798,41980,H1,041,01804500,490,A,72041,+18.1744040,-066.1616217,13,,G4020,Cidra,Cidra Municipio,72,0.0,"{""type"":""MultiPoint"",""coordinates"":[]}"
00010000000000000134,70969182,898339,41980,H1,105,01804533,490,A,72105,+18.2899273,-066.2534402,13,,G4020,Naranjito,Naranjito Municipio,72,0.0,"{""type"":""MultiPoint"",""coordinates"":[]}"
00010000000000000135,110263086,16284,41980,H1,047,01804503,490,A,72047,+18.3039098,-066.3261795,13,,G4020,Corozal,Corozal Municipio,72,0.0,"{""type"":""MultiPoint"",""coordinates"":[]}"
00010000000000000136,114816253,477626,41980,H1,021,01804490,490,A,72021,+18.3508664,-066.1676930,13,,G4020,Bayamón,Bayamón Municipio,72,0.0,"{""type"":""MultiPoint"",""coordinates"":[]}"
00010000000000000137,77919486,28383,41980,H1,007,01804483,490,A,72007,+18.2565236,-066.1284959,13,,G4020,Aguas Buenas,Aguas Buenas Municipio,72,0.0,"{""type"":""MultiPoint"",""coordinates"":[]}"
00010000000000000138,71444703,468234,41980,H1,061,01804511,490,A,72061,+18.3443567,-066.1140555,13,,G4020,Guaynabo,Guaynabo Municipio,72,0.0,"{""type"":""MultiPoint"",""coordinates"":[]}"
00010000000000000139,123919818,75387985,41980,H1,127,01804544,490,A,72127,+18.4223633,-066.0680935,13,,G4020,San Juan,San Juan Municipio,72,0.0,"{""type"":""MultiPoint"",""coordinates"":[]}"
00010000000000000018,81101601,717928166,,H4,030,02378250,,N,78030,+18.3267484,-064.9712504,10,,G4020,St. Thomas,St. Thomas Island,78,0.0,"{""type"":""MultiPoint"",""coordinates"":[]}"
00010000000000000019,50996518,186671948,,H4,020,02378249,,N,78020,+18.3304347,-064.7352610,10,,G4020,St. John,St. John Island,78,0.0,"{""type"":""MultiPoint"",""coordinates"":[]}"
0001000000000000001a,215914994,645644841,,H4,010,02378248,,N,78010,+17.7352317,-064.7466437,10,,G4020,St. Croix,St. Croix Island,78,0.0,"{""type"":""MultiPoint"",""coordinates"":[]}"
